area,central_asset_id,feature_location,feature_type,site_class,site_name,type,json_ogc_wkt_crs,json_geometry,geo_point_2d
Alfredton,00212249,,PF-Path Lights,No Code Allocated,Learmonth Street ser,Bollard Light 2,"GEOGCS[""WGS 84"",DATUM[""WGS_1984"",SPHEROID[""WGS 84"",6378137,298.257223563,AUTHORITY[""EPSG"",""7030""]],AUTHORITY[""EPSG"",""6326""]],PRIMEM[""Greenwich"",0,AUTHORITY[""EPSG"",""8901""]],UNIT[""degree"",0.0174532925199433,AUTHORITY[""EPSG"",""9122""]],AUTHORITY[""EPSG"",""4326""]]","{""coordinates"": [143.813338, -37.553759], ""type"": ""Point""}","-37.553759, 143.813338"
Alfredton,00212260,,PF-Path Lights,No Code Allocated,Learmonth Street ser,Bollard Light 2,"GEOGCS[""WGS 84"",DATUM[""WGS_1984"",SPHEROID[""WGS 84"",6378137,298.257223563,AUTHORITY[""EPSG"",""7030""]],AUTHORITY[""EPSG"",""6326""]],PRIMEM[""Greenwich"",0,AUTHORITY[""EPSG"",""8901""]],UNIT[""degree"",0.0174532925199433,AUTHORITY[""EPSG"",""9122""]],AUTHORITY[""EPSG"",""4326""]]","{""coordinates"": [143.813311, -37.553799], ""type"": ""Point""}","-37.553799, 143.813311"
Alfredton,00212273,Alfredton Recreation Reserve,PF-Sports Ground Lig,OS-District,Alfredton Recreation,3 Rounded Square Lig,"GEOGCS[""WGS 84"",DATUM[""WGS_1984"",SPHEROID[""WGS 84"",6378137,298.257223563,AUTHORITY[""EPSG"",""7030""]],AUTHORITY[""EPSG"",""6326""]],PRIMEM[""Greenwich"",0,AUTHORITY[""EPSG"",""8901""]],UNIT[""degree"",0.0174532925199433,AUTHORITY[""EPSG"",""9122""]],AUTHORITY[""EPSG"",""4326""]]","{""coordinates"": [143.7986198273, -37.5555908126], ""type"": ""Point""}","-37.5555908126, 143.7986198273"
Lake Wendouree,00212363,Ballarat Botanical Gardens,PF-Heritage Lighting,OS-Regional,Ballarat Botanical G,Decorative Lantern,"GEOGCS[""WGS 84"",DATUM[""WGS_1984"",SPHEROID[""WGS 84"",6378137,298.257223563,AUTHORITY[""EPSG"",""7030""]],AUTHORITY[""EPSG"",""6326""]],PRIMEM[""Greenwich"",0,AUTHORITY[""EPSG"",""8901""]],UNIT[""degree"",0.0174532925199433,AUTHORITY[""EPSG"",""9122""]],AUTHORITY[""EPSG"",""4326""]]","{""coordinates"": [143.8218250083, -37.5497820805], ""type"": ""Point""}","-37.5497820805, 143.8218250083"
Lake Wendouree,00212364,Ballarat Botanical Gardens,PF-Heritage Lighting,OS-Regional,Ballarat Botanical G,Decorative Lantern,"GEOGCS[""WGS 84"",DATUM[""WGS_1984"",SPHEROID[""WGS 84"",6378137,298.257223563,AUTHORITY[""EPSG"",""7030""]],AUTHORITY[""EPSG"",""6326""]],PRIMEM[""Greenwich"",0,AUTHORITY[""EPSG"",""8901""]],UNIT[""degree"",0.0174532925199433,AUTHORITY[""EPSG"",""9122""]],AUTHORITY[""EPSG"",""4326""]]","{""coordinates"": [143.8215800345, -37.5499180282], ""type"": ""Point""}","-37.5499180282, 143.8215800345"
Lake Wendouree,00212368,Ballarat Botanical Gardens,PF-Heritage Lighting,OS-Regional,Ballarat Botanical G,Decorative Lantern,"GEOGCS[""WGS 84"",DATUM[""WGS_1984"",SPHEROID[""WGS 84"",6378137,298.257223563,AUTHORITY[""EPSG"",""7030""]],AUTHORITY[""EPSG"",""6326""]],PRIMEM[""Greenwich"",0,AUTHORITY[""EPSG"",""8901""]],UNIT[""degree"",0.0174532925199433,AUTHORITY[""EPSG"",""9122""]],AUTHORITY[""EPSG"",""4326""]]","{""coordinates"": [143.82152995, -37.5495279684], ""type"": ""Point""}","-37.5495279684, 143.82152995"
Lake Wendouree,00212369,Ballarat Botanical Gardens,PF-Heritage Lighting,OS-Regional,Ballarat Botanical G,Decorative Lantern,"GEOGCS[""WGS 84"",DATUM[""WGS_1984"",SPHEROID[""WGS 84"",6378137,298.257223563,AUTHORITY[""EPSG"",""7030""]],AUTHORITY[""EPSG"",""6326""]],PRIMEM[""Greenwich"",0,AUTHORITY[""EPSG"",""8901""]],UNIT[""degree"",0.0174532925199433,AUTHORITY[""EPSG"",""9122""]],AUTHORITY[""EPSG"",""4326""]]","{""coordinates"": [143.82170305, -37.5490750041], ""type"": ""Point""}","-37.5490750041, 143.82170305"
Lake Wendouree,00212371,Ballarat Botanical Gardens,PF-Heritage Lighting,OS-Regional,Ballarat Botanical G,Decorative Lantern,"GEOGCS[""WGS 84"",DATUM[""WGS_1984"",SPHEROID[""WGS 84"",6378137,298.257223563,AUTHORITY[""EPSG"",""7030""]],AUTHORITY[""EPSG"",""6326""]],PRIMEM[""Greenwich"",0,AUTHORITY[""EPSG"",""8901""]],UNIT[""degree"",0.0174532925199433,AUTHORITY[""EPSG"",""9122""]],AUTHORITY[""EPSG"",""4326""]]","{""coordinates"": [143.8210390287, -37.5491629545], ""type"": ""Point""}","-37.5491629545, 143.8210390287"
Lake Wendouree,00212373,Ballarat Botanical Gardens,PF-Heritage Lighting,OS-Regional,Ballarat Botanical G,Decorative Lantern,"GEOGCS[""WGS 84"",DATUM[""WGS_1984"",SPHEROID[""WGS 84"",6378137,298.257223563,AUTHORITY[""EPSG"",""7030""]],AUTHORITY[""EPSG"",""6326""]],PRIMEM[""Greenwich"",0,AUTHORITY[""EPSG"",""8901""]],UNIT[""degree"",0.0174532925199433,AUTHORITY[""EPSG"",""9122""]],AUTHORITY[""EPSG"",""4326""]]","{""coordinates"": [143.8211579673, -37.5488079517], ""type"": ""Point""}","-37.5488079517, 143.8211579673"
Lake Wendouree,00212380,Ballarat Botanical Gardens,PF-Heritage Lighting,OS-Regional,Ballarat Botanical G,Decorative Lantern,"GEOGCS[""WGS 84"",DATUM[""WGS_1984"",SPHEROID[""WGS 84"",6378137,298.257223563,AUTHORITY[""EPSG"",""7030""]],AUTHORITY[""EPSG"",""6326""]],PRIMEM[""Greenwich"",0,AUTHORITY[""EPSG"",""8901""]],UNIT[""degree"",0.0174532925199433,AUTHORITY[""EPSG"",""9122""]],AUTHORITY[""EPSG"",""4326""]]","{""coordinates"": [143.8213460083, -37.5478530136], ""type"": ""Point""}","-37.5478530136, 143.8213460083"
Lake Wendouree,00212381,Ballarat Botanical Gardens,PF-Heritage Lighting,OS-Regional,Ballarat Botanical G,Decorative Lantern,"GEOGCS[""WGS 84"",DATUM[""WGS_1984"",SPHEROID[""WGS 84"",6378137,298.257223563,AUTHORITY[""EPSG"",""7030""]],AUTHORITY[""EPSG"",""6326""]],PRIMEM[""Greenwich"",0,AUTHORITY[""EPSG"",""8901""]],UNIT[""degree"",0.0174532925199433,AUTHORITY[""EPSG"",""9122""]],AUTHORITY[""EPSG"",""4326""]]","{""coordinates"": [143.8218070637, -37.5479509955], ""type"": ""Point""}","-37.5479509955, 143.8218070637"
Lake Wendouree,00212390,Ballarat Botanical Gardens,PF-Pole Lights,OS-Regional,Ballarat Botanical G,Street,"GEOGCS[""WGS 84"",DATUM[""WGS_1984"",SPHEROID[""WGS 84"",6378137,298.257223563,AUTHORITY[""EPSG"",""7030""]],AUTHORITY[""EPSG"",""6326""]],PRIMEM[""Greenwich"",0,AUTHORITY[""EPSG"",""8901""]],UNIT[""degree"",0.0174532925199433,AUTHORITY[""EPSG"",""9122""]],AUTHORITY[""EPSG"",""4326""]]","{""coordinates"": [143.8227129771, -37.5464120426], ""type"": ""Point""}","-37.5464120426, 143.8227129771"
Lake Wendouree,00212393,Ballarat Botanical Gardens,PF-Heritage Lighting,OS-Regional,Ballarat Botanical G,Decorative Lantern,"GEOGCS[""WGS 84"",DATUM[""WGS_1984"",SPHEROID[""WGS 84"",6378137,298.257223563,AUTHORITY[""EPSG"",""7030""]],AUTHORITY[""EPSG"",""6326""]],PRIMEM[""Greenwich"",0,AUTHORITY[""EPSG"",""8901""]],UNIT[""degree"",0.0174532925199433,AUTHORITY[""EPSG"",""9122""]],AUTHORITY[""EPSG"",""4326""]]","{""coordinates"": [143.8214679617, -37.5471970403], ""type"": ""Point""}","-37.5471970403, 143.8214679617"
Lake Wendouree,00212394,Ballarat Botanical Gardens,PF-Heritage Lighting,OS-Regional,Ballarat Botanical G,Decorative Lantern,"GEOGCS[""WGS 84"",DATUM[""WGS_1984"",SPHEROID[""WGS 84"",6378137,298.257223563,AUTHORITY[""EPSG"",""7030""]],AUTHORITY[""EPSG"",""6326""]],PRIMEM[""Greenwich"",0,AUTHORITY[""EPSG"",""8901""]],UNIT[""degree"",0.0174532925199433,AUTHORITY[""EPSG"",""9122""]],AUTHORITY[""EPSG"",""4326""]]","{""coordinates"": [143.8221289727, -37.5469160084], ""type"": ""Point""}","-37.5469160084, 143.8221289727"
Lake Wendouree,00212397,Ballarat Botanical Gardens,PF-Heritage Lighting,OS-Regional,Ballarat Botanical G,Decorative Lantern,"GEOGCS[""WGS 84"",DATUM[""WGS_1984"",SPHEROID[""WGS 84"",6378137,298.257223563,AUTHORITY[""EPSG"",""7030""]],AUTHORITY[""EPSG"",""6326""]],PRIMEM[""Greenwich"",0,AUTHORITY[""EPSG"",""8901""]],UNIT[""degree"",0.0174532925199433,AUTHORITY[""EPSG"",""9122""]],AUTHORITY[""EPSG"",""4326""]]","{""coordinates"": [143.821113915, -37.5462940731], ""type"": ""Point""}","-37.5462940731, 143.821113915"
Buninyong,00212444,Buninyong Botanic Gardens,PF-Pole Lights,OS-Regional,Buninyong Botanic Ga,Fluro on pole,"GEOGCS[""WGS 84"",DATUM[""WGS_1984"",SPHEROID[""WGS 84"",6378137,298.257223563,AUTHORITY[""EPSG"",""7030""]],AUTHORITY[""EPSG"",""6326""]],PRIMEM[""Greenwich"",0,AUTHORITY[""EPSG"",""8901""]],UNIT[""degree"",0.0174532925199433,AUTHORITY[""EPSG"",""9122""]],AUTHORITY[""EPSG"",""4326""]]","{""coordinates"": [143.887034, -37.65274], ""type"": ""Point""}","-37.65274, 143.887034"
Buninyong,00212488,Buninyong Community Facility,PF-Sports Ground Lig,OS-District,Buninyong Recreation,8 Square on Crossbar,"GEOGCS[""WGS 84"",DATUM[""WGS_1984"",SPHEROID[""WGS 84"",6378137,298.257223563,AUTHORITY[""EPSG"",""7030""]],AUTHORITY[""EPSG"",""6326""]],PRIMEM[""Greenwich"",0,AUTHORITY[""EPSG"",""8901""]],UNIT[""degree"",0.0174532925199433,AUTHORITY[""EPSG"",""9122""]],AUTHORITY[""EPSG"",""4326""]]","{""coordinates"": [143.8919615439, -37.6484029997], ""type"": ""Point""}","-37.6484029997, 143.8919615439"
Buninyong,00212489,Buninyong Community Facility,PF-Sports Ground Lig,OS-District,Buninyong Recreation,8 Square on Crossbar,"GEOGCS[""WGS 84"",DATUM[""WGS_1984"",SPHEROID[""WGS 84"",6378137,298.257223563,AUTHORITY[""EPSG"",""7030""]],AUTHORITY[""EPSG"",""6326""]],PRIMEM[""Greenwich"",0,AUTHORITY[""EPSG"",""8901""]],UNIT[""degree"",0.0174532925199433,AUTHORITY[""EPSG"",""9122""]],AUTHORITY[""EPSG"",""4326""]]","{""coordinates"": [143.8905631242, -37.6483372151], ""type"": ""Point""}","-37.6483372151, 143.8905631242"
Buninyong,00212491,Buninyong Community Facility,PF-Sports Ground Lig,OS-District,Buninyong Recreation,Dual Downlight,"GEOGCS[""WGS 84"",DATUM[""WGS_1984"",SPHEROID[""WGS 84"",6378137,298.257223563,AUTHORITY[""EPSG"",""7030""]],AUTHORITY[""EPSG"",""6326""]],PRIMEM[""Greenwich"",0,AUTHORITY[""EPSG"",""8901""]],UNIT[""degree"",0.0174532925199433,AUTHORITY[""EPSG"",""9122""]],AUTHORITY[""EPSG"",""4326""]]","{""coordinates"": [143.8904850171, -37.6496360186], ""type"": ""Point""}","-37.6496360186, 143.8904850171"
Buninyong,00212492,Buninyong Community Facility,PF-Sports Ground Lig,OS-District,Buninyong Recreation,2 Square Lights on C,"GEOGCS[""WGS 84"",DATUM[""WGS_1984"",SPHEROID[""WGS 84"",6378137,298.257223563,AUTHORITY[""EPSG"",""7030""]],AUTHORITY[""EPSG"",""6326""]],PRIMEM[""Greenwich"",0,AUTHORITY[""EPSG"",""8901""]],UNIT[""degree"",0.0174532925199433,AUTHORITY[""EPSG"",""9122""]],AUTHORITY[""EPSG"",""4326""]]","{""coordinates"": [143.8908889734, -37.6499320462], ""type"": ""Point""}","-37.6499320462, 143.8908889734"
Canadian,00212495,Canadian Gully Reserve (Canadian Creek),PF-Street Light,OS-Neighbourhood,Canadian Gully Reser,2 DownSteet Light,"GEOGCS[""WGS 84"",DATUM[""WGS_1984"",SPHEROID[""WGS 84"",6378137,298.257223563,AUTHORITY[""EPSG"",""7030""]],AUTHORITY[""EPSG"",""6326""]],PRIMEM[""Greenwich"",0,AUTHORITY[""EPSG"",""8901""]],UNIT[""degree"",0.0174532925199433,AUTHORITY[""EPSG"",""9122""]],AUTHORITY[""EPSG"",""4326""]]","{""coordinates"": [143.8674039409, -37.5885750463], ""type"": ""Point""}","-37.5885750463, 143.8674039409"
Canadian,00212496,Canadian Gully Reserve (Canadian Creek),PF-Street Light,OS-Neighbourhood,Canadian Gully Reser,2 DownSteet Light,"GEOGCS[""WGS 84"",DATUM[""WGS_1984"",SPHEROID[""WGS 84"",6378137,298.257223563,AUTHORITY[""EPSG"",""7030""]],AUTHORITY[""EPSG"",""6326""]],PRIMEM[""Greenwich"",0,AUTHORITY[""EPSG"",""8901""]],UNIT[""degree"",0.0174532925199433,AUTHORITY[""EPSG"",""9122""]],AUTHORITY[""EPSG"",""4326""]]","{""coordinates"": [143.8678909704, -37.5884659994], ""type"": ""Point""}","-37.5884659994, 143.8678909704"
Canadian,00212497,Canadian Gully Reserve (Canadian Creek),PF-Street Light,OS-Neighbourhood,Canadian Gully Reser,2 DownSteet Light,"GEOGCS[""WGS 84"",DATUM[""WGS_1984"",SPHEROID[""WGS 84"",6378137,298.257223563,AUTHORITY[""EPSG"",""7030""]],AUTHORITY[""EPSG"",""6326""]],PRIMEM[""Greenwich"",0,AUTHORITY[""EPSG"",""8901""]],UNIT[""degree"",0.0174532925199433,AUTHORITY[""EPSG"",""9122""]],AUTHORITY[""EPSG"",""4326""]]","{""coordinates"": [143.8683920571, -37.5883899411], ""type"": ""Point""}","-37.5883899411, 143.8683920571"
Canadian,00212498,Canadian Gully Reserve (Canadian Creek),PF-Street Light,OS-Neighbourhood,Canadian Gully Reser,2 DownSteet Light,"GEOGCS[""WGS 84"",DATUM[""WGS_1984"",SPHEROID[""WGS 84"",6378137,298.257223563,AUTHORITY[""EPSG"",""7030""]],AUTHORITY[""EPSG"",""6326""]],PRIMEM[""Greenwich"",0,AUTHORITY[""EPSG"",""8901""]],UNIT[""degree"",0.0174532925199433,AUTHORITY[""EPSG"",""9122""]],AUTHORITY[""EPSG"",""4326""]]","{""coordinates"": [143.8688879568, -37.5883149978], ""type"": ""Point""}","-37.5883149978, 143.8688879568"
Cardigan Village,00212510,Cardigan Village Reserve,PF-Pole Lights,OS-Neighbourhood,Cardigan Village Res,1 Rectangular Light,"GEOGCS[""WGS 84"",DATUM[""WGS_1984"",SPHEROID[""WGS 84"",6378137,298.257223563,AUTHORITY[""EPSG"",""7030""]],AUTHORITY[""EPSG"",""6326""]],PRIMEM[""Greenwich"",0,AUTHORITY[""EPSG"",""8901""]],UNIT[""degree"",0.0174532925199433,AUTHORITY[""EPSG"",""9122""]],AUTHORITY[""EPSG"",""4326""]]","{""coordinates"": [143.7093090154, -37.5145589935], ""type"": ""Point""}","-37.5145589935, 143.7093090154"
Cardigan Village,00212513,Cardigan Village Reserve,PF-Pole Lights,OS-Neighbourhood,Cardigan Village Res,1 Rectangular Light,"GEOGCS[""WGS 84"",DATUM[""WGS_1984"",SPHEROID[""WGS 84"",6378137,298.257223563,AUTHORITY[""EPSG"",""7030""]],AUTHORITY[""EPSG"",""6326""]],PRIMEM[""Greenwich"",0,AUTHORITY[""EPSG"",""8901""]],UNIT[""degree"",0.0174532925199433,AUTHORITY[""EPSG"",""9122""]],AUTHORITY[""EPSG"",""4326""]]","{""coordinates"": [143.7089831777, -37.5144143074], ""type"": ""Point""}","-37.5144143074, 143.7089831777"
Cardigan Village,00212514,Cardigan Village Reserve,PF-Pole Lights,OS-Neighbourhood,Cardigan Village Res,Lamp on Tall Steel P,"GEOGCS[""WGS 84"",DATUM[""WGS_1984"",SPHEROID[""WGS 84"",6378137,298.257223563,AUTHORITY[""EPSG"",""7030""]],AUTHORITY[""EPSG"",""6326""]],PRIMEM[""Greenwich"",0,AUTHORITY[""EPSG"",""8901""]],UNIT[""degree"",0.0174532925199433,AUTHORITY[""EPSG"",""9122""]],AUTHORITY[""EPSG"",""4326""]]","{""coordinates"": [143.7096059946, -37.5133929642], ""type"": ""Point""}","-37.5133929642, 143.7096059946"
Cardigan Village,00212517,Cardigan Village Reserve,PF-Pole Lights,OS-Neighbourhood,Cardigan Village Res,Lamp on Tall Steel P,"GEOGCS[""WGS 84"",DATUM[""WGS_1984"",SPHEROID[""WGS 84"",6378137,298.257223563,AUTHORITY[""EPSG"",""7030""]],AUTHORITY[""EPSG"",""6326""]],PRIMEM[""Greenwich"",0,AUTHORITY[""EPSG"",""8901""]],UNIT[""degree"",0.0174532925199433,AUTHORITY[""EPSG"",""9122""]],AUTHORITY[""EPSG"",""4326""]]","{""coordinates"": [143.708743, -37.512979], ""type"": ""Point""}","-37.512979, 143.708743"
Cardigan Village,00212519,Cardigan Village Reserve,PF-Pole Lights,OS-Neighbourhood,Cardigan Village Res,Lamp on Tall Steel P,"GEOGCS[""WGS 84"",DATUM[""WGS_1984"",SPHEROID[""WGS 84"",6378137,298.257223563,AUTHORITY[""EPSG"",""7030""]],AUTHORITY[""EPSG"",""6326""]],PRIMEM[""Greenwich"",0,AUTHORITY[""EPSG"",""8901""]],UNIT[""degree"",0.0174532925199433,AUTHORITY[""EPSG"",""9122""]],AUTHORITY[""EPSG"",""4326""]]","{""coordinates"": [143.7081759752, -37.5127129774], ""type"": ""Point""}","-37.5127129774, 143.7081759752"
Cardigan Village,00212522,Cardigan Village Reserve,PF-Pole Lights,OS-Neighbourhood,Cardigan Village Res,Lamp on Tall Steel P,"GEOGCS[""WGS 84"",DATUM[""WGS_1984"",SPHEROID[""WGS 84"",6378137,298.257223563,AUTHORITY[""EPSG"",""7030""]],AUTHORITY[""EPSG"",""6326""]],PRIMEM[""Greenwich"",0,AUTHORITY[""EPSG"",""8901""]],UNIT[""degree"",0.0174532925199433,AUTHORITY[""EPSG"",""9122""]],AUTHORITY[""EPSG"",""4326""]]","{""coordinates"": [143.7072130545, -37.5122919954], ""type"": ""Point""}","-37.5122919954, 143.7072130545"
Cardigan Village,00212524,Cardigan Village Reserve,PF-Pole Lights,OS-Neighbourhood,Cardigan Village Res,Lamp on Tall Steel P,"GEOGCS[""WGS 84"",DATUM[""WGS_1984"",SPHEROID[""WGS 84"",6378137,298.257223563,AUTHORITY[""EPSG"",""7030""]],AUTHORITY[""EPSG"",""6326""]],PRIMEM[""Greenwich"",0,AUTHORITY[""EPSG"",""8901""]],UNIT[""degree"",0.0174532925199433,AUTHORITY[""EPSG"",""9122""]],AUTHORITY[""EPSG"",""4326""]]","{""coordinates"": [143.7088473591, -37.5148577937], ""type"": ""Point""}","-37.5148577937, 143.7088473591"
Wendouree,00212542,C.E Brown Reserve,PF-Sports Ground Lig,OS-District,Charles Edward Brown,Double Square,"GEOGCS[""WGS 84"",DATUM[""WGS_1984"",SPHEROID[""WGS 84"",6378137,298.257223563,AUTHORITY[""EPSG"",""7030""]],AUTHORITY[""EPSG"",""6326""]],PRIMEM[""Greenwich"",0,AUTHORITY[""EPSG"",""8901""]],UNIT[""degree"",0.0174532925199433,AUTHORITY[""EPSG"",""9122""]],AUTHORITY[""EPSG"",""4326""]]","{""coordinates"": [143.8428685317, -37.5379138073], ""type"": ""Point""}","-37.5379138073, 143.8428685317"
Wendouree,00212547,C.E Brown Reserve,PF-Street Light,OS-District,Charles Edward Brown,Single Street Light,"GEOGCS[""WGS 84"",DATUM[""WGS_1984"",SPHEROID[""WGS 84"",6378137,298.257223563,AUTHORITY[""EPSG"",""7030""]],AUTHORITY[""EPSG"",""6326""]],PRIMEM[""Greenwich"",0,AUTHORITY[""EPSG"",""8901""]],UNIT[""degree"",0.0174532925199433,AUTHORITY[""EPSG"",""9122""]],AUTHORITY[""EPSG"",""4326""]]","{""coordinates"": [143.8428209761, -37.5347048133], ""type"": ""Point""}","-37.5347048133, 143.8428209761"
Wendouree,00212550,C.E Brown Reserve,PF-Street Light,OS-District,Charles Edward Brown,Single Street Light,"GEOGCS[""WGS 84"",DATUM[""WGS_1984"",SPHEROID[""WGS 84"",6378137,298.257223563,AUTHORITY[""EPSG"",""7030""]],AUTHORITY[""EPSG"",""6326""]],PRIMEM[""Greenwich"",0,AUTHORITY[""EPSG"",""8901""]],UNIT[""degree"",0.0174532925199433,AUTHORITY[""EPSG"",""9122""]],AUTHORITY[""EPSG"",""4326""]]","{""coordinates"": [143.8424079937, -37.5362319507], ""type"": ""Point""}","-37.5362319507, 143.8424079937"
Wendouree,00212551,C.E Brown Reserve,PF-Sports Ground Lig,OS-District,Charles Edward Brown,2 Rectangular Lights,"GEOGCS[""WGS 84"",DATUM[""WGS_1984"",SPHEROID[""WGS 84"",6378137,298.257223563,AUTHORITY[""EPSG"",""7030""]],AUTHORITY[""EPSG"",""6326""]],PRIMEM[""Greenwich"",0,AUTHORITY[""EPSG"",""8901""]],UNIT[""degree"",0.0174532925199433,AUTHORITY[""EPSG"",""9122""]],AUTHORITY[""EPSG"",""4326""]]","{""coordinates"": [143.8428849414, -37.5364940607], ""type"": ""Point""}","-37.5364940607, 143.8428849414"
Wendouree,00212552,C.E Brown Reserve,PF-Sports Ground Lig,OS-District,Charles Edward Brown,Double Square,"GEOGCS[""WGS 84"",DATUM[""WGS_1984"",SPHEROID[""WGS 84"",6378137,298.257223563,AUTHORITY[""EPSG"",""7030""]],AUTHORITY[""EPSG"",""6326""]],PRIMEM[""Greenwich"",0,AUTHORITY[""EPSG"",""8901""]],UNIT[""degree"",0.0174532925199433,AUTHORITY[""EPSG"",""9122""]],AUTHORITY[""EPSG"",""4326""]]","{""coordinates"": [143.8452379966, -37.5378239929], ""type"": ""Point""}","-37.5378239929, 143.8452379966"
Wendouree,00212553,C.E Brown Reserve,PF-Street Light,OS-District,Charles Edward Brown,Mercury 80W on Timbe,"GEOGCS[""WGS 84"",DATUM[""WGS_1984"",SPHEROID[""WGS 84"",6378137,298.257223563,AUTHORITY[""EPSG"",""7030""]],AUTHORITY[""EPSG"",""6326""]],PRIMEM[""Greenwich"",0,AUTHORITY[""EPSG"",""8901""]],UNIT[""degree"",0.0174532925199433,AUTHORITY[""EPSG"",""9122""]],AUTHORITY[""EPSG"",""4326""]]","{""coordinates"": [143.8415000136, -37.5373170497], ""type"": ""Point""}","-37.5373170497, 143.8415000136"
Wendouree,00212576,NORTHERN OVAL,PF-Sports Ground Lig,OS-District,Charles Edward Brown,AFL GROUND LIGHTING,"GEOGCS[""WGS 84"",DATUM[""WGS_1984"",SPHEROID[""WGS 84"",6378137,298.257223563,AUTHORITY[""EPSG"",""7030""]],AUTHORITY[""EPSG"",""6326""]],PRIMEM[""Greenwich"",0,AUTHORITY[""EPSG"",""8901""]],UNIT[""degree"",0.0174532925199433,AUTHORITY[""EPSG"",""9122""]],AUTHORITY[""EPSG"",""4326""]]","{""coordinates"": [143.846021, -37.537064], ""type"": ""Point""}","-37.537064, 143.846021"
Wendouree,00212588,NORTHERN OVAL,PF-Sports Ground Lig,OS-District,Charles Edward Brown,NETBALL COURT LIGHT,"GEOGCS[""WGS 84"",DATUM[""WGS_1984"",SPHEROID[""WGS 84"",6378137,298.257223563,AUTHORITY[""EPSG"",""7030""]],AUTHORITY[""EPSG"",""6326""]],PRIMEM[""Greenwich"",0,AUTHORITY[""EPSG"",""8901""]],UNIT[""degree"",0.0174532925199433,AUTHORITY[""EPSG"",""9122""]],AUTHORITY[""EPSG"",""4326""]]","{""coordinates"": [143.8473728903, -37.5384968983], ""type"": ""Point""}","-37.5384968983, 143.8473728903"
Wendouree,00212590,NORTHERN OVAL,PF-Sports Ground Lig,OS-District,Charles Edward Brown,STANDALONE LIGHT,"GEOGCS[""WGS 84"",DATUM[""WGS_1984"",SPHEROID[""WGS 84"",6378137,298.257223563,AUTHORITY[""EPSG"",""7030""]],AUTHORITY[""EPSG"",""6326""]],PRIMEM[""Greenwich"",0,AUTHORITY[""EPSG"",""8901""]],UNIT[""degree"",0.0174532925199433,AUTHORITY[""EPSG"",""9122""]],AUTHORITY[""EPSG"",""4326""]]","{""coordinates"": [143.8468853326, -37.5381234429], ""type"": ""Point""}","-37.5381234429, 143.8468853326"
Eureka,00212687,,PF-Path Lights,OS-Regional,Eureka Stockade,Bollard Light 3,"GEOGCS[""WGS 84"",DATUM[""WGS_1984"",SPHEROID[""WGS 84"",6378137,298.257223563,AUTHORITY[""EPSG"",""7030""]],AUTHORITY[""EPSG"",""6326""]],PRIMEM[""Greenwich"",0,AUTHORITY[""EPSG"",""8901""]],UNIT[""degree"",0.0174532925199433,AUTHORITY[""EPSG"",""9122""]],AUTHORITY[""EPSG"",""4326""]]","{""coordinates"": [143.8834159905, -37.5649550123], ""type"": ""Point""}","-37.5649550123, 143.8834159905"
Eureka,00212703,,PF-Path Lights,OS-Regional,Eureka Stockade,Ground Uplight,"GEOGCS[""WGS 84"",DATUM[""WGS_1984"",SPHEROID[""WGS 84"",6378137,298.257223563,AUTHORITY[""EPSG"",""7030""]],AUTHORITY[""EPSG"",""6326""]],PRIMEM[""Greenwich"",0,AUTHORITY[""EPSG"",""8901""]],UNIT[""degree"",0.0174532925199433,AUTHORITY[""EPSG"",""9122""]],AUTHORITY[""EPSG"",""4326""]]","{""coordinates"": [143.8830613743, -37.5658160006], ""type"": ""Point""}","-37.5658160006, 143.8830613743"
Eureka,00212709,,PF-Street Light,OS-Regional,Eureka Stockade,Black Square Down Li,"GEOGCS[""WGS 84"",DATUM[""WGS_1984"",SPHEROID[""WGS 84"",6378137,298.257223563,AUTHORITY[""EPSG"",""7030""]],AUTHORITY[""EPSG"",""6326""]],PRIMEM[""Greenwich"",0,AUTHORITY[""EPSG"",""8901""]],UNIT[""degree"",0.0174532925199433,AUTHORITY[""EPSG"",""9122""]],AUTHORITY[""EPSG"",""4326""]]","{""coordinates"": [143.8830510291, -37.5654969823], ""type"": ""Point""}","-37.5654969823, 143.8830510291"
Eureka,00212728,,PF-Pole Lights,OS-Regional,Eureka Stockade,4 Round On Bar,"GEOGCS[""WGS 84"",DATUM[""WGS_1984"",SPHEROID[""WGS 84"",6378137,298.257223563,AUTHORITY[""EPSG"",""7030""]],AUTHORITY[""EPSG"",""6326""]],PRIMEM[""Greenwich"",0,AUTHORITY[""EPSG"",""8901""]],UNIT[""degree"",0.0174532925199433,AUTHORITY[""EPSG"",""9122""]],AUTHORITY[""EPSG"",""4326""]]","{""coordinates"": [143.8839759558, -37.5651369941], ""type"": ""Point""}","-37.5651369941, 143.8839759558"
Invermay,00212748,Invermay Recreation Reserve,PF-Sports Ground Lig,OS-District,Invermay Recreation,2 Rectangular Lights,"GEOGCS[""WGS 84"",DATUM[""WGS_1984"",SPHEROID[""WGS 84"",6378137,298.257223563,AUTHORITY[""EPSG"",""7030""]],AUTHORITY[""EPSG"",""6326""]],PRIMEM[""Greenwich"",0,AUTHORITY[""EPSG"",""8901""]],UNIT[""degree"",0.0174532925199433,AUTHORITY[""EPSG"",""9122""]],AUTHORITY[""EPSG"",""4326""]]","{""coordinates"": [143.8744819984, -37.52229439], ""type"": ""Point""}","-37.52229439, 143.8744819984"
Lake Wendouree,00212975,Lake Wendouree,PF-Path Lights,OS-State,Lake Wendouree Reser,Ground Uplight,"GEOGCS[""WGS 84"",DATUM[""WGS_1984"",SPHEROID[""WGS 84"",6378137,298.257223563,AUTHORITY[""EPSG"",""7030""]],AUTHORITY[""EPSG"",""6326""]],PRIMEM[""Greenwich"",0,AUTHORITY[""EPSG"",""8901""]],UNIT[""degree"",0.0174532925199433,AUTHORITY[""EPSG"",""9122""]],AUTHORITY[""EPSG"",""4326""]]","{""coordinates"": [143.8228419741, -37.5553359844], ""type"": ""Point""}","-37.5553359844, 143.8228419741"
Lake Wendouree,00212976,Lake Wendouree,PF-Path Lights,OS-State,Lake Wendouree Reser,Ground Uplight,"GEOGCS[""WGS 84"",DATUM[""WGS_1984"",SPHEROID[""WGS 84"",6378137,298.257223563,AUTHORITY[""EPSG"",""7030""]],AUTHORITY[""EPSG"",""6326""]],PRIMEM[""Greenwich"",0,AUTHORITY[""EPSG"",""8901""]],UNIT[""degree"",0.0174532925199433,AUTHORITY[""EPSG"",""9122""]],AUTHORITY[""EPSG"",""4326""]]","{""coordinates"": [143.8228230141, -37.5553479694], ""type"": ""Point""}","-37.5553479694, 143.8228230141"
Lake Wendouree,00212979,Lake Wendouree,PF-Pole Lights,OS-State,Lake Wendouree Reser,Cone,"GEOGCS[""WGS 84"",DATUM[""WGS_1984"",SPHEROID[""WGS 84"",6378137,298.257223563,AUTHORITY[""EPSG"",""7030""]],AUTHORITY[""EPSG"",""6326""]],PRIMEM[""Greenwich"",0,AUTHORITY[""EPSG"",""8901""]],UNIT[""degree"",0.0174532925199433,AUTHORITY[""EPSG"",""9122""]],AUTHORITY[""EPSG"",""4326""]]","{""coordinates"": [143.8232130236, -37.5483739332], ""type"": ""Point""}","-37.5483739332, 143.8232130236"
Lake Wendouree,00212986,Lake Wendouree,PF-Heritage Lighting,OS-State,Lake Wendouree Reser,Botanical Gardens La,"GEOGCS[""WGS 84"",DATUM[""WGS_1984"",SPHEROID[""WGS 84"",6378137,298.257223563,AUTHORITY[""EPSG"",""7030""]],AUTHORITY[""EPSG"",""6326""]],PRIMEM[""Greenwich"",0,AUTHORITY[""EPSG"",""8901""]],UNIT[""degree"",0.0174532925199433,AUTHORITY[""EPSG"",""9122""]],AUTHORITY[""EPSG"",""4326""]]","{""coordinates"": [143.8229960188, -37.5472010289], ""type"": ""Point""}","-37.5472010289, 143.8229960188"
Lake Wendouree,00212990,Lake Wendouree,PF-Pole Lights,OS-State,Lake Wendouree Reser,Cone,"GEOGCS[""WGS 84"",DATUM[""WGS_1984"",SPHEROID[""WGS 84"",6378137,298.257223563,AUTHORITY[""EPSG"",""7030""]],AUTHORITY[""EPSG"",""6326""]],PRIMEM[""Greenwich"",0,AUTHORITY[""EPSG"",""8901""]],UNIT[""degree"",0.0174532925199433,AUTHORITY[""EPSG"",""9122""]],AUTHORITY[""EPSG"",""4326""]]","{""coordinates"": [143.8238810578, -37.5476510161], ""type"": ""Point""}","-37.5476510161, 143.8238810578"
Lake Wendouree,00212991,Lake Wendouree,PF-Pole Lights,OS-State,Lake Wendouree Reser,Cone,"GEOGCS[""WGS 84"",DATUM[""WGS_1984"",SPHEROID[""WGS 84"",6378137,298.257223563,AUTHORITY[""EPSG"",""7030""]],AUTHORITY[""EPSG"",""6326""]],PRIMEM[""Greenwich"",0,AUTHORITY[""EPSG"",""8901""]],UNIT[""degree"",0.0174532925199433,AUTHORITY[""EPSG"",""9122""]],AUTHORITY[""EPSG"",""4326""]]","{""coordinates"": [143.8234570303, -37.5468900004], ""type"": ""Point""}","-37.5468900004, 143.8234570303"
Lake Wendouree,00212994,Lake Wendouree,PF-Pole Lights,OS-State,Lake Wendouree Reser,Cone,"GEOGCS[""WGS 84"",DATUM[""WGS_1984"",SPHEROID[""WGS 84"",6378137,298.257223563,AUTHORITY[""EPSG"",""7030""]],AUTHORITY[""EPSG"",""6326""]],PRIMEM[""Greenwich"",0,AUTHORITY[""EPSG"",""8901""]],UNIT[""degree"",0.0174532925199433,AUTHORITY[""EPSG"",""9122""]],AUTHORITY[""EPSG"",""4326""]]","{""coordinates"": [143.8235319296, -37.546453978], ""type"": ""Point""}","-37.546453978, 143.8235319296"
Lake Wendouree,00212995,Lake Wendouree,PF-Street Light,OS-State,Lake Wendouree Reser,Single Street Light,"GEOGCS[""WGS 84"",DATUM[""WGS_1984"",SPHEROID[""WGS 84"",6378137,298.257223563,AUTHORITY[""EPSG"",""7030""]],AUTHORITY[""EPSG"",""6326""]],PRIMEM[""Greenwich"",0,AUTHORITY[""EPSG"",""8901""]],UNIT[""degree"",0.0174532925199433,AUTHORITY[""EPSG"",""9122""]],AUTHORITY[""EPSG"",""4326""]]","{""coordinates"": [143.8305849977, -37.5434930279], ""type"": ""Point""}","-37.5434930279, 143.8305849977"
Lake Wendouree,00212998,Lake Wendouree,PF-Pole Lights,OS-State,Lake Wendouree Reser,Cone,"GEOGCS[""WGS 84"",DATUM[""WGS_1984"",SPHEROID[""WGS 84"",6378137,298.257223563,AUTHORITY[""EPSG"",""7030""]],AUTHORITY[""EPSG"",""6326""]],PRIMEM[""Greenwich"",0,AUTHORITY[""EPSG"",""8901""]],UNIT[""degree"",0.0174532925199433,AUTHORITY[""EPSG"",""9122""]],AUTHORITY[""EPSG"",""4326""]]","{""coordinates"": [143.8417620943, -37.5533879985], ""type"": ""Point""}","-37.5533879985, 143.8417620943"
Lake Wendouree,00213008,Lake Wendouree,PF-Pole Lights,OS-State,Lake Wendouree Reser,Cone,"GEOGCS[""WGS 84"",DATUM[""WGS_1984"",SPHEROID[""WGS 84"",6378137,298.257223563,AUTHORITY[""EPSG"",""7030""]],AUTHORITY[""EPSG"",""6326""]],PRIMEM[""Greenwich"",0,AUTHORITY[""EPSG"",""8901""]],UNIT[""degree"",0.0174532925199433,AUTHORITY[""EPSG"",""9122""]],AUTHORITY[""EPSG"",""4326""]]","{""coordinates"": [143.8414409504, -37.5533460046], ""type"": ""Point""}","-37.5533460046, 143.8414409504"
Lake Wendouree,00213014,Lake Wendouree,PF-Street Light,OS-State,Lake Wendouree Reser,Mercury 80W on Timbe,"GEOGCS[""WGS 84"",DATUM[""WGS_1984"",SPHEROID[""WGS 84"",6378137,298.257223563,AUTHORITY[""EPSG"",""7030""]],AUTHORITY[""EPSG"",""6326""]],PRIMEM[""Greenwich"",0,AUTHORITY[""EPSG"",""8901""]],UNIT[""degree"",0.0174532925199433,AUTHORITY[""EPSG"",""9122""]],AUTHORITY[""EPSG"",""4326""]]","{""coordinates"": [143.8388800868, -37.5556150107], ""type"": ""Point""}","-37.5556150107, 143.8388800868"
Lake Wendouree,00213015,Lake Wendouree,PF-Street Light,OS-State,Lake Wendouree Reser,Mercury 80W on Timbe,"GEOGCS[""WGS 84"",DATUM[""WGS_1984"",SPHEROID[""WGS 84"",6378137,298.257223563,AUTHORITY[""EPSG"",""7030""]],AUTHORITY[""EPSG"",""6326""]],PRIMEM[""Greenwich"",0,AUTHORITY[""EPSG"",""8901""]],UNIT[""degree"",0.0174532925199433,AUTHORITY[""EPSG"",""9122""]],AUTHORITY[""EPSG"",""4326""]]","{""coordinates"": [143.8320190508, -37.5559290081], ""type"": ""Point""}","-37.5559290081, 143.8320190508"
Lake Wendouree,00213018,Lake Wendouree,PF-Path Lights,OS-State,Lake Wendouree Reser,Ground Uplight,"GEOGCS[""WGS 84"",DATUM[""WGS_1984"",SPHEROID[""WGS 84"",6378137,298.257223563,AUTHORITY[""EPSG"",""7030""]],AUTHORITY[""EPSG"",""6326""]],PRIMEM[""Greenwich"",0,AUTHORITY[""EPSG"",""8901""]],UNIT[""degree"",0.0174532925199433,AUTHORITY[""EPSG"",""9122""]],AUTHORITY[""EPSG"",""4326""]]","{""coordinates"": [143.8227940662, -37.5555230746], ""type"": ""Point""}","-37.5555230746, 143.8227940662"
Learmonth,00213084,Learmonth Recreation Reserve,PF-Sports Ground Lig,OS-District,Learmonth Recreation,3 Downlights - Timbe,"GEOGCS[""WGS 84"",DATUM[""WGS_1984"",SPHEROID[""WGS 84"",6378137,298.257223563,AUTHORITY[""EPSG"",""7030""]],AUTHORITY[""EPSG"",""6326""]],PRIMEM[""Greenwich"",0,AUTHORITY[""EPSG"",""8901""]],UNIT[""degree"",0.0174532925199433,AUTHORITY[""EPSG"",""9122""]],AUTHORITY[""EPSG"",""4326""]]","{""coordinates"": [143.7103068548, -37.421767145], ""type"": ""Point""}","-37.421767145, 143.7103068548"
Learmonth,00213087,Learmonth Recreation Reserve,PF-Sports Ground Lig,OS-District,Learmonth Recreation,2 Downlights - Timbe,"GEOGCS[""WGS 84"",DATUM[""WGS_1984"",SPHEROID[""WGS 84"",6378137,298.257223563,AUTHORITY[""EPSG"",""7030""]],AUTHORITY[""EPSG"",""6326""]],PRIMEM[""Greenwich"",0,AUTHORITY[""EPSG"",""8901""]],UNIT[""degree"",0.0174532925199433,AUTHORITY[""EPSG"",""9122""]],AUTHORITY[""EPSG"",""4326""]]","{""coordinates"": [143.7105809467, -37.4221029389], ""type"": ""Point""}","-37.4221029389, 143.7105809467"
Bakery Hill,00213109,,PF-Sports Ground Lig,OS-District,Len T Frazer Reserve,2 Shaped Downlights,"GEOGCS[""WGS 84"",DATUM[""WGS_1984"",SPHEROID[""WGS 84"",6378137,298.257223563,AUTHORITY[""EPSG"",""7030""]],AUTHORITY[""EPSG"",""6326""]],PRIMEM[""Greenwich"",0,AUTHORITY[""EPSG"",""8901""]],UNIT[""degree"",0.0174532925199433,AUTHORITY[""EPSG"",""9122""]],AUTHORITY[""EPSG"",""4326""]]","{""coordinates"": [143.8675239091, -37.566376973], ""type"": ""Point""}","-37.566376973, 143.8675239091"
Golden Point,00213125,Llanberris Athletics Reserve,PF-Street Light,OS-Regional,Llanberris Athletics,Mercury 80W on Timbe,"GEOGCS[""WGS 84"",DATUM[""WGS_1984"",SPHEROID[""WGS 84"",6378137,298.257223563,AUTHORITY[""EPSG"",""7030""]],AUTHORITY[""EPSG"",""6326""]],PRIMEM[""Greenwich"",0,AUTHORITY[""EPSG"",""8901""]],UNIT[""degree"",0.0174532925199433,AUTHORITY[""EPSG"",""9122""]],AUTHORITY[""EPSG"",""4326""]]","{""coordinates"": [143.8654030059, -37.5694789854], ""type"": ""Point""}","-37.5694789854, 143.8654030059"
Golden Point,00213129,Llanberris Athletics Reserve,PF-Sports Ground Lig,OS-Regional,Llanberris Athletics,4 Round 5 Square on,"GEOGCS[""WGS 84"",DATUM[""WGS_1984"",SPHEROID[""WGS 84"",6378137,298.257223563,AUTHORITY[""EPSG"",""7030""]],AUTHORITY[""EPSG"",""6326""]],PRIMEM[""Greenwich"",0,AUTHORITY[""EPSG"",""8901""]],UNIT[""degree"",0.0174532925199433,AUTHORITY[""EPSG"",""9122""]],AUTHORITY[""EPSG"",""4326""]]","{""coordinates"": [143.8662860311, -37.5697679755], ""type"": ""Point""}","-37.5697679755, 143.8662860311"
Sebastopol,00213183,,PF-Pole Lights,OS-District,Marty Busch Reserve,Single Square,"GEOGCS[""WGS 84"",DATUM[""WGS_1984"",SPHEROID[""WGS 84"",6378137,298.257223563,AUTHORITY[""EPSG"",""7030""]],AUTHORITY[""EPSG"",""6326""]],PRIMEM[""Greenwich"",0,AUTHORITY[""EPSG"",""8901""]],UNIT[""degree"",0.0174532925199433,AUTHORITY[""EPSG"",""9122""]],AUTHORITY[""EPSG"",""4326""]]","{""coordinates"": [143.842297, -37.604919], ""type"": ""Point""}","-37.604919, 143.842297"
Sebastopol,00213194,,PF-Pole Lights,OS-District,Marty Busch Reserve,Single Square,"GEOGCS[""WGS 84"",DATUM[""WGS_1984"",SPHEROID[""WGS 84"",6378137,298.257223563,AUTHORITY[""EPSG"",""7030""]],AUTHORITY[""EPSG"",""6326""]],PRIMEM[""Greenwich"",0,AUTHORITY[""EPSG"",""8901""]],UNIT[""degree"",0.0174532925199433,AUTHORITY[""EPSG"",""9122""]],AUTHORITY[""EPSG"",""4326""]]","{""coordinates"": [143.8419859565, -37.6042799862], ""type"": ""Point""}","-37.6042799862, 143.8419859565"
Sebastopol,00213195,,PF-Pole Lights,OS-District,Marty Busch Reserve,Double Square,"GEOGCS[""WGS 84"",DATUM[""WGS_1984"",SPHEROID[""WGS 84"",6378137,298.257223563,AUTHORITY[""EPSG"",""7030""]],AUTHORITY[""EPSG"",""6326""]],PRIMEM[""Greenwich"",0,AUTHORITY[""EPSG"",""8901""]],UNIT[""degree"",0.0174532925199433,AUTHORITY[""EPSG"",""9122""]],AUTHORITY[""EPSG"",""4326""]]","{""coordinates"": [143.8419549791, -37.6045529792], ""type"": ""Point""}","-37.6045529792, 143.8419549791"
Sebastopol,00213199,,PF-Pole Lights,OS-District,Marty Busch Reserve,Double Square,"GEOGCS[""WGS 84"",DATUM[""WGS_1984"",SPHEROID[""WGS 84"",6378137,298.257223563,AUTHORITY[""EPSG"",""7030""]],AUTHORITY[""EPSG"",""6326""]],PRIMEM[""Greenwich"",0,AUTHORITY[""EPSG"",""8901""]],UNIT[""degree"",0.0174532925199433,AUTHORITY[""EPSG"",""9122""]],AUTHORITY[""EPSG"",""4326""]]","{""coordinates"": [143.8423819203, -37.6035709979], ""type"": ""Point""}","-37.6035709979, 143.8423819203"
Sebastopol,00213204,,PF-Pole Lights,OS-District,Marty Busch Reserve,2 Rounded Square Lig,"GEOGCS[""WGS 84"",DATUM[""WGS_1984"",SPHEROID[""WGS 84"",6378137,298.257223563,AUTHORITY[""EPSG"",""7030""]],AUTHORITY[""EPSG"",""6326""]],PRIMEM[""Greenwich"",0,AUTHORITY[""EPSG"",""8901""]],UNIT[""degree"",0.0174532925199433,AUTHORITY[""EPSG"",""9122""]],AUTHORITY[""EPSG"",""4326""]]","{""coordinates"": [143.8454000235, -37.6030359696], ""type"": ""Point""}","-37.6030359696, 143.8454000235"
Sebastopol,00213218,,PF-Pole Lights,OS-District,Marty Busch Reserve,2 Rounded Square Lig,"GEOGCS[""WGS 84"",DATUM[""WGS_1984"",SPHEROID[""WGS 84"",6378137,298.257223563,AUTHORITY[""EPSG"",""7030""]],AUTHORITY[""EPSG"",""6326""]],PRIMEM[""Greenwich"",0,AUTHORITY[""EPSG"",""8901""]],UNIT[""degree"",0.0174532925199433,AUTHORITY[""EPSG"",""9122""]],AUTHORITY[""EPSG"",""4326""]]","{""coordinates"": [143.8438809641, -37.6039770085], ""type"": ""Point""}","-37.6039770085, 143.8438809641"
Sebastopol,00213225,,PF-Pole Lights,OS-District,Marty Busch Reserve,2 Rounded Square Lig,"GEOGCS[""WGS 84"",DATUM[""WGS_1984"",SPHEROID[""WGS 84"",6378137,298.257223563,AUTHORITY[""EPSG"",""7030""]],AUTHORITY[""EPSG"",""6326""]],PRIMEM[""Greenwich"",0,AUTHORITY[""EPSG"",""8901""]],UNIT[""degree"",0.0174532925199433,AUTHORITY[""EPSG"",""9122""]],AUTHORITY[""EPSG"",""4326""]]","{""coordinates"": [143.8425739685, -37.6037020415], ""type"": ""Point""}","-37.6037020415, 143.8425739685"
Lake Wendouree,00213325,Ballarat Botanical Gardens (North),PF-Pole Lights,No Code Allocated,North Gardens Reserv,Tall Blender,"GEOGCS[""WGS 84"",DATUM[""WGS_1984"",SPHEROID[""WGS 84"",6378137,298.257223563,AUTHORITY[""EPSG"",""7030""]],AUTHORITY[""EPSG"",""6326""]],PRIMEM[""Greenwich"",0,AUTHORITY[""EPSG"",""8901""]],UNIT[""degree"",0.0174532925199433,AUTHORITY[""EPSG"",""9122""]],AUTHORITY[""EPSG"",""4326""]]","{""coordinates"": [143.822635, -37.542296], ""type"": ""Point""}","-37.542296, 143.822635"
Wendouree,00213333,NORTHERN OVAL,PF-Sports Ground Lig,OS-Regional,Northern Oval Reserv,AFL GROUND LIGHTING,"GEOGCS[""WGS 84"",DATUM[""WGS_1984"",SPHEROID[""WGS 84"",6378137,298.257223563,AUTHORITY[""EPSG"",""7030""]],AUTHORITY[""EPSG"",""6326""]],PRIMEM[""Greenwich"",0,AUTHORITY[""EPSG"",""8901""]],UNIT[""degree"",0.0174532925199433,AUTHORITY[""EPSG"",""9122""]],AUTHORITY[""EPSG"",""4326""]]","{""coordinates"": [143.8472347116, -37.5390439188], ""type"": ""Point""}","-37.5390439188, 143.8472347116"
Wendouree,00213334,NORTHERN OVAL,PF-Sports Ground Lig,OS-Regional,Northern Oval Reserv,AFL GROUND LIGHTING,"GEOGCS[""WGS 84"",DATUM[""WGS_1984"",SPHEROID[""WGS 84"",6378137,298.257223563,AUTHORITY[""EPSG"",""7030""]],AUTHORITY[""EPSG"",""6326""]],PRIMEM[""Greenwich"",0,AUTHORITY[""EPSG"",""8901""]],UNIT[""degree"",0.0174532925199433,AUTHORITY[""EPSG"",""9122""]],AUTHORITY[""EPSG"",""4326""]]","{""coordinates"": [143.8485716374, -37.538647151], ""type"": ""Point""}","-37.538647151, 143.8485716374"
Lake Gardens,00213441,,PF-Sports Ground Lig,OS-District,Prince of Wales Park,3 Square Lights,"GEOGCS[""WGS 84"",DATUM[""WGS_1984"",SPHEROID[""WGS 84"",6378137,298.257223563,AUTHORITY[""EPSG"",""7030""]],AUTHORITY[""EPSG"",""6326""]],PRIMEM[""Greenwich"",0,AUTHORITY[""EPSG"",""8901""]],UNIT[""degree"",0.0174532925199433,AUTHORITY[""EPSG"",""9122""]],AUTHORITY[""EPSG"",""4326""]]","{""coordinates"": [143.8164209648, -37.5489010352], ""type"": ""Point""}","-37.5489010352, 143.8164209648"
Lake Gardens,00213447,,PF-Sports Ground Lig,OS-District,Prince of Wales Park,1 Rectangular Light,"GEOGCS[""WGS 84"",DATUM[""WGS_1984"",SPHEROID[""WGS 84"",6378137,298.257223563,AUTHORITY[""EPSG"",""7030""]],AUTHORITY[""EPSG"",""6326""]],PRIMEM[""Greenwich"",0,AUTHORITY[""EPSG"",""8901""]],UNIT[""degree"",0.0174532925199433,AUTHORITY[""EPSG"",""9122""]],AUTHORITY[""EPSG"",""4326""]]","{""coordinates"": [143.8173190327, -37.549134997], ""type"": ""Point""}","-37.549134997, 143.8173190327"
Lake Gardens,00213448,,PF-Sports Ground Lig,OS-District,Prince of Wales Park,2Rectangular Lights,"GEOGCS[""WGS 84"",DATUM[""WGS_1984"",SPHEROID[""WGS 84"",6378137,298.257223563,AUTHORITY[""EPSG"",""7030""]],AUTHORITY[""EPSG"",""6326""]],PRIMEM[""Greenwich"",0,AUTHORITY[""EPSG"",""8901""]],UNIT[""degree"",0.0174532925199433,AUTHORITY[""EPSG"",""9122""]],AUTHORITY[""EPSG"",""4326""]]","{""coordinates"": [143.8170450153, -37.5496100044], ""type"": ""Point""}","-37.5496100044, 143.8170450153"
Lake Gardens,00213449,,PF-Sports Ground Lig,OS-District,Prince of Wales Park,2Rectangular Lights,"GEOGCS[""WGS 84"",DATUM[""WGS_1984"",SPHEROID[""WGS 84"",6378137,298.257223563,AUTHORITY[""EPSG"",""7030""]],AUTHORITY[""EPSG"",""6326""]],PRIMEM[""Greenwich"",0,AUTHORITY[""EPSG"",""8901""]],UNIT[""degree"",0.0174532925199433,AUTHORITY[""EPSG"",""9122""]],AUTHORITY[""EPSG"",""4326""]]","{""coordinates"": [143.8169869623, -37.5495379677], ""type"": ""Point""}","-37.5495379677, 143.8169869623"
Lake Gardens,00213452,,PF-Sports Ground Lig,OS-District,Prince of Wales Park,Carpark,"GEOGCS[""WGS 84"",DATUM[""WGS_1984"",SPHEROID[""WGS 84"",6378137,298.257223563,AUTHORITY[""EPSG"",""7030""]],AUTHORITY[""EPSG"",""6326""]],PRIMEM[""Greenwich"",0,AUTHORITY[""EPSG"",""8901""]],UNIT[""degree"",0.0174532925199433,AUTHORITY[""EPSG"",""9122""]],AUTHORITY[""EPSG"",""4326""]]","{""coordinates"": [143.8180391292, -37.5507679653], ""type"": ""Point""}","-37.5507679653, 143.8180391292"
Lake Gardens,00213459,,PF-Sports Ground Lig,OS-District,Prince of Wales Park,Double Car Park Ligh,"GEOGCS[""WGS 84"",DATUM[""WGS_1984"",SPHEROID[""WGS 84"",6378137,298.257223563,AUTHORITY[""EPSG"",""7030""]],AUTHORITY[""EPSG"",""6326""]],PRIMEM[""Greenwich"",0,AUTHORITY[""EPSG"",""8901""]],UNIT[""degree"",0.0174532925199433,AUTHORITY[""EPSG"",""9122""]],AUTHORITY[""EPSG"",""4326""]]","{""coordinates"": [143.8189560261, -37.5503469658], ""type"": ""Point""}","-37.5503469658, 143.8189560261"
Lake Gardens,00213466,,PF-Sports Ground Lig,OS-District,Prince of Wales Park,4 Down Lights,"GEOGCS[""WGS 84"",DATUM[""WGS_1984"",SPHEROID[""WGS 84"",6378137,298.257223563,AUTHORITY[""EPSG"",""7030""]],AUTHORITY[""EPSG"",""6326""]],PRIMEM[""Greenwich"",0,AUTHORITY[""EPSG"",""8901""]],UNIT[""degree"",0.0174532925199433,AUTHORITY[""EPSG"",""9122""]],AUTHORITY[""EPSG"",""4326""]]","{""coordinates"": [143.8198469528, -37.5494329809], ""type"": ""Point""}","-37.5494329809, 143.8198469528"
Lake Gardens,00213473,,PF-Street Light,OS-District,Prince of Wales Park,Double Wide,"GEOGCS[""WGS 84"",DATUM[""WGS_1984"",SPHEROID[""WGS 84"",6378137,298.257223563,AUTHORITY[""EPSG"",""7030""]],AUTHORITY[""EPSG"",""6326""]],PRIMEM[""Greenwich"",0,AUTHORITY[""EPSG"",""8901""]],UNIT[""degree"",0.0174532925199433,AUTHORITY[""EPSG"",""9122""]],AUTHORITY[""EPSG"",""4326""]]","{""coordinates"": [143.819851015, -37.5504540456], ""type"": ""Point""}","-37.5504540456, 143.819851015"
Brown Hill,00213493,Russell Square,PF-Sports Ground Lig,OS-District,Russell Square,4 Round on concrete,"GEOGCS[""WGS 84"",DATUM[""WGS_1984"",SPHEROID[""WGS 84"",6378137,298.257223563,AUTHORITY[""EPSG"",""7030""]],AUTHORITY[""EPSG"",""6326""]],PRIMEM[""Greenwich"",0,AUTHORITY[""EPSG"",""8901""]],UNIT[""degree"",0.0174532925199433,AUTHORITY[""EPSG"",""9122""]],AUTHORITY[""EPSG"",""4326""]]","{""coordinates"": [143.8847960674, -37.5561450043], ""type"": ""Point""}","-37.5561450043, 143.8847960674"
Lake Wendouree,00213543,Ballarat Botanical Gardens (South),PF-Path Lights,No Code Allocated,South Gardens Reserv,Silver Ground,"GEOGCS[""WGS 84"",DATUM[""WGS_1984"",SPHEROID[""WGS 84"",6378137,298.257223563,AUTHORITY[""EPSG"",""7030""]],AUTHORITY[""EPSG"",""6326""]],PRIMEM[""Greenwich"",0,AUTHORITY[""EPSG"",""8901""]],UNIT[""degree"",0.0174532925199433,AUTHORITY[""EPSG"",""9122""]],AUTHORITY[""EPSG"",""4326""]]","{""coordinates"": [143.8207849816, -37.5532719623], ""type"": ""Point""}","-37.5532719623, 143.8207849816"
Lake Wendouree,00213545,Ballarat Botanical Gardens (South),PF-Path Lights,No Code Allocated,South Gardens Reserv,Round Ground Light,"GEOGCS[""WGS 84"",DATUM[""WGS_1984"",SPHEROID[""WGS 84"",6378137,298.257223563,AUTHORITY[""EPSG"",""7030""]],AUTHORITY[""EPSG"",""6326""]],PRIMEM[""Greenwich"",0,AUTHORITY[""EPSG"",""8901""]],UNIT[""degree"",0.0174532925199433,AUTHORITY[""EPSG"",""9122""]],AUTHORITY[""EPSG"",""4326""]]","{""coordinates"": [143.8208260102, -37.5531770183], ""type"": ""Point""}","-37.5531770183, 143.8208260102"
Lake Wendouree,00213548,Ballarat Botanical Gardens (South),PF-Path Lights,No Code Allocated,South Gardens Reserv,Round Ground Light,"GEOGCS[""WGS 84"",DATUM[""WGS_1984"",SPHEROID[""WGS 84"",6378137,298.257223563,AUTHORITY[""EPSG"",""7030""]],AUTHORITY[""EPSG"",""6326""]],PRIMEM[""Greenwich"",0,AUTHORITY[""EPSG"",""8901""]],UNIT[""degree"",0.0174532925199433,AUTHORITY[""EPSG"",""9122""]],AUTHORITY[""EPSG"",""4326""]]","{""coordinates"": [143.8221850608, -37.553304064], ""type"": ""Point""}","-37.553304064, 143.8221850608"
Lake Wendouree,00213551,Ballarat Botanical Gardens (South),PF-Path Lights,No Code Allocated,South Gardens Reserv,Small Ground Light,"GEOGCS[""WGS 84"",DATUM[""WGS_1984"",SPHEROID[""WGS 84"",6378137,298.257223563,AUTHORITY[""EPSG"",""7030""]],AUTHORITY[""EPSG"",""6326""]],PRIMEM[""Greenwich"",0,AUTHORITY[""EPSG"",""8901""]],UNIT[""degree"",0.0174532925199433,AUTHORITY[""EPSG"",""9122""]],AUTHORITY[""EPSG"",""4326""]]","{""coordinates"": [143.8208070124, -37.5531409864], ""type"": ""Point""}","-37.5531409864, 143.8208070124"
Lake Wendouree,00213552,Ballarat Botanical Gardens (South),PF-Path Lights,No Code Allocated,South Gardens Reserv,Small Ground Light,"GEOGCS[""WGS 84"",DATUM[""WGS_1984"",SPHEROID[""WGS 84"",6378137,298.257223563,AUTHORITY[""EPSG"",""7030""]],AUTHORITY[""EPSG"",""6326""]],PRIMEM[""Greenwich"",0,AUTHORITY[""EPSG"",""8901""]],UNIT[""degree"",0.0174532925199433,AUTHORITY[""EPSG"",""9122""]],AUTHORITY[""EPSG"",""4326""]]","{""coordinates"": [143.8211299153, -37.5531779498], ""type"": ""Point""}","-37.5531779498, 143.8211299153"
Lake Wendouree,00213553,Ballarat Botanical Gardens (South),PF-Path Lights,No Code Allocated,South Gardens Reserv,Small Ground Light,"GEOGCS[""WGS 84"",DATUM[""WGS_1984"",SPHEROID[""WGS 84"",6378137,298.257223563,AUTHORITY[""EPSG"",""7030""]],AUTHORITY[""EPSG"",""6326""]],PRIMEM[""Greenwich"",0,AUTHORITY[""EPSG"",""8901""]],UNIT[""degree"",0.0174532925199433,AUTHORITY[""EPSG"",""9122""]],AUTHORITY[""EPSG"",""4326""]]","{""coordinates"": [143.821285012, -37.5531949615], ""type"": ""Point""}","-37.5531949615, 143.821285012"
Lake Wendouree,00213557,Ballarat Botanical Gardens (South),PF-Path Lights,No Code Allocated,South Gardens Reserv,Round Ground Light,"GEOGCS[""WGS 84"",DATUM[""WGS_1984"",SPHEROID[""WGS 84"",6378137,298.257223563,AUTHORITY[""EPSG"",""7030""]],AUTHORITY[""EPSG"",""6326""]],PRIMEM[""Greenwich"",0,AUTHORITY[""EPSG"",""8901""]],UNIT[""degree"",0.0174532925199433,AUTHORITY[""EPSG"",""9122""]],AUTHORITY[""EPSG"",""4326""]]","{""coordinates"": [143.8215940282, -37.5531359503], ""type"": ""Point""}","-37.5531359503, 143.8215940282"
Lake Wendouree,00213558,Ballarat Botanical Gardens (South),PF-Path Lights,No Code Allocated,South Gardens Reserv,Round Ground Light,"GEOGCS[""WGS 84"",DATUM[""WGS_1984"",SPHEROID[""WGS 84"",6378137,298.257223563,AUTHORITY[""EPSG"",""7030""]],AUTHORITY[""EPSG"",""6326""]],PRIMEM[""Greenwich"",0,AUTHORITY[""EPSG"",""8901""]],UNIT[""degree"",0.0174532925199433,AUTHORITY[""EPSG"",""9122""]],AUTHORITY[""EPSG"",""4326""]]","{""coordinates"": [143.8216080281, -37.5531359758], ""type"": ""Point""}","-37.5531359758, 143.8216080281"
Lake Wendouree,00213559,Ballarat Botanical Gardens (South),PF-Path Lights,No Code Allocated,South Gardens Reserv,Round Ground Light,"GEOGCS[""WGS 84"",DATUM[""WGS_1984"",SPHEROID[""WGS 84"",6378137,298.257223563,AUTHORITY[""EPSG"",""7030""]],AUTHORITY[""EPSG"",""6326""]],PRIMEM[""Greenwich"",0,AUTHORITY[""EPSG"",""8901""]],UNIT[""degree"",0.0174532925199433,AUTHORITY[""EPSG"",""9122""]],AUTHORITY[""EPSG"",""4326""]]","{""coordinates"": [143.8216258392, -37.5531380724], ""type"": ""Point""}","-37.5531380724, 143.8216258392"
Lake Wendouree,00213560,Ballarat Botanical Gardens (South),PF-Path Lights,No Code Allocated,South Gardens Reserv,Round Ground Light,"GEOGCS[""WGS 84"",DATUM[""WGS_1984"",SPHEROID[""WGS 84"",6378137,298.257223563,AUTHORITY[""EPSG"",""7030""]],AUTHORITY[""EPSG"",""6326""]],PRIMEM[""Greenwich"",0,AUTHORITY[""EPSG"",""8901""]],UNIT[""degree"",0.0174532925199433,AUTHORITY[""EPSG"",""9122""]],AUTHORITY[""EPSG"",""4326""]]","{""coordinates"": [143.8216479918, -37.553138984], ""type"": ""Point""}","-37.553138984, 143.8216479918"
Lake Wendouree,00213561,Ballarat Botanical Gardens (South),PF-Path Lights,No Code Allocated,South Gardens Reserv,Round Ground Light,"GEOGCS[""WGS 84"",DATUM[""WGS_1984"",SPHEROID[""WGS 84"",6378137,298.257223563,AUTHORITY[""EPSG"",""7030""]],AUTHORITY[""EPSG"",""6326""]],PRIMEM[""Greenwich"",0,AUTHORITY[""EPSG"",""8901""]],UNIT[""degree"",0.0174532925199433,AUTHORITY[""EPSG"",""9122""]],AUTHORITY[""EPSG"",""4326""]]","{""coordinates"": [143.8216629615, -37.5531399773], ""type"": ""Point""}","-37.5531399773, 143.8216629615"
Lake Wendouree,00213562,Ballarat Botanical Gardens (South),PF-Path Lights,No Code Allocated,South Gardens Reserv,Small Ground Light,"GEOGCS[""WGS 84"",DATUM[""WGS_1984"",SPHEROID[""WGS 84"",6378137,298.257223563,AUTHORITY[""EPSG"",""7030""]],AUTHORITY[""EPSG"",""6326""]],PRIMEM[""Greenwich"",0,AUTHORITY[""EPSG"",""8901""]],UNIT[""degree"",0.0174532925199433,AUTHORITY[""EPSG"",""9122""]],AUTHORITY[""EPSG"",""4326""]]","{""coordinates"": [143.8216789886, -37.5532159896], ""type"": ""Point""}","-37.5532159896, 143.8216789886"
Lake Wendouree,00213565,Ballarat Botanical Gardens (South),PF-Path Lights,No Code Allocated,South Gardens Reserv,Small Ground Light,"GEOGCS[""WGS 84"",DATUM[""WGS_1984"",SPHEROID[""WGS 84"",6378137,298.257223563,AUTHORITY[""EPSG"",""7030""]],AUTHORITY[""EPSG"",""6326""]],PRIMEM[""Greenwich"",0,AUTHORITY[""EPSG"",""8901""]],UNIT[""degree"",0.0174532925199433,AUTHORITY[""EPSG"",""9122""]],AUTHORITY[""EPSG"",""4326""]]","{""coordinates"": [143.8217740064, -37.5532509239], ""type"": ""Point""}","-37.5532509239, 143.8217740064"
Lake Wendouree,00213568,Ballarat Botanical Gardens (South),PF-Path Lights,No Code Allocated,South Gardens Reserv,Round Ground Light,"GEOGCS[""WGS 84"",DATUM[""WGS_1984"",SPHEROID[""WGS 84"",6378137,298.257223563,AUTHORITY[""EPSG"",""7030""]],AUTHORITY[""EPSG"",""6326""]],PRIMEM[""Greenwich"",0,AUTHORITY[""EPSG"",""8901""]],UNIT[""degree"",0.0174532925199433,AUTHORITY[""EPSG"",""9122""]],AUTHORITY[""EPSG"",""4326""]]","{""coordinates"": [143.8216179892, -37.5532639345], ""type"": ""Point""}","-37.5532639345, 143.8216179892"
Lake Wendouree,00213569,Ballarat Botanical Gardens (South),PF-Path Lights,No Code Allocated,South Gardens Reserv,Round Ground Light,"GEOGCS[""WGS 84"",DATUM[""WGS_1984"",SPHEROID[""WGS 84"",6378137,298.257223563,AUTHORITY[""EPSG"",""7030""]],AUTHORITY[""EPSG"",""6326""]],PRIMEM[""Greenwich"",0,AUTHORITY[""EPSG"",""8901""]],UNIT[""degree"",0.0174532925199433,AUTHORITY[""EPSG"",""9122""]],AUTHORITY[""EPSG"",""4326""]]","{""coordinates"": [143.8216039145, -37.5532619288], ""type"": ""Point""}","-37.5532619288, 143.8216039145"
Lake Wendouree,00213571,Ballarat Botanical Gardens (South),PF-Path Lights,No Code Allocated,South Gardens Reserv,Round Ground Light,"GEOGCS[""WGS 84"",DATUM[""WGS_1984"",SPHEROID[""WGS 84"",6378137,298.257223563,AUTHORITY[""EPSG"",""7030""]],AUTHORITY[""EPSG"",""6326""]],PRIMEM[""Greenwich"",0,AUTHORITY[""EPSG"",""8901""]],UNIT[""degree"",0.0174532925199433,AUTHORITY[""EPSG"",""9122""]],AUTHORITY[""EPSG"",""4326""]]","{""coordinates"": [143.8215720322, -37.5532579166], ""type"": ""Point""}","-37.5532579166, 143.8215720322"
Lake Wendouree,00213574,Ballarat Botanical Gardens (South),PF-Path Lights,No Code Allocated,South Gardens Reserv,Small Ground Light,"GEOGCS[""WGS 84"",DATUM[""WGS_1984"",SPHEROID[""WGS 84"",6378137,298.257223563,AUTHORITY[""EPSG"",""7030""]],AUTHORITY[""EPSG"",""6326""]],PRIMEM[""Greenwich"",0,AUTHORITY[""EPSG"",""8901""]],UNIT[""degree"",0.0174532925199433,AUTHORITY[""EPSG"",""9122""]],AUTHORITY[""EPSG"",""4326""]]","{""coordinates"": [143.8207480248, -37.5533610432], ""type"": ""Point""}","-37.5533610432, 143.8207480248"
Golden Point,00213582,GOLDEN POINT LOOKOUT (SOV HILL LOOKOUT),PF-Path Lights,OS-Local,Golden Point Lookout,BOLLARD LIGHT,"GEOGCS[""WGS 84"",DATUM[""WGS_1984"",SPHEROID[""WGS 84"",6378137,298.257223563,AUTHORITY[""EPSG"",""7030""]],AUTHORITY[""EPSG"",""6326""]],PRIMEM[""Greenwich"",0,AUTHORITY[""EPSG"",""8901""]],UNIT[""degree"",0.0174532925199433,AUTHORITY[""EPSG"",""9122""]],AUTHORITY[""EPSG"",""4326""]]","{""coordinates"": [143.8641417883, -37.5777442982], ""type"": ""Point""}","-37.5777442982, 143.8641417883"
Golden Point,00213583,GOLDEN POINT LOOKOUT (SOV HILL LOOKOUT),PF-Path Lights,OS-Local,Golden Point Lookout,BOLLARD LIGHT,"GEOGCS[""WGS 84"",DATUM[""WGS_1984"",SPHEROID[""WGS 84"",6378137,298.257223563,AUTHORITY[""EPSG"",""7030""]],AUTHORITY[""EPSG"",""6326""]],PRIMEM[""Greenwich"",0,AUTHORITY[""EPSG"",""8901""]],UNIT[""degree"",0.0174532925199433,AUTHORITY[""EPSG"",""9122""]],AUTHORITY[""EPSG"",""4326""]]","{""coordinates"": [143.863965831, -37.5777423548], ""type"": ""Point""}","-37.5777423548, 143.863965831"
Golden Point,00213584,GOLDEN POINT LOOKOUT (SOV HILL LOOKOUT),PF-Path Lights,OS-Local,Golden Point Lookout,BOLLARD LIGHT,"GEOGCS[""WGS 84"",DATUM[""WGS_1984"",SPHEROID[""WGS 84"",6378137,298.257223563,AUTHORITY[""EPSG"",""7030""]],AUTHORITY[""EPSG"",""6326""]],PRIMEM[""Greenwich"",0,AUTHORITY[""EPSG"",""8901""]],UNIT[""degree"",0.0174532925199433,AUTHORITY[""EPSG"",""9122""]],AUTHORITY[""EPSG"",""4326""]]","{""coordinates"": [143.8639640897, -37.577821134], ""type"": ""Point""}","-37.577821134, 143.8639640897"
Golden Point,00213589,GOLDEN POINT LOOKOUT (SOV HILL LOOKOUT),PF-Path Lights,OS-Local,Golden Point Lookout,BOLLARD LIGHT,"GEOGCS[""WGS 84"",DATUM[""WGS_1984"",SPHEROID[""WGS 84"",6378137,298.257223563,AUTHORITY[""EPSG"",""7030""]],AUTHORITY[""EPSG"",""6326""]],PRIMEM[""Greenwich"",0,AUTHORITY[""EPSG"",""8901""]],UNIT[""degree"",0.0174532925199433,AUTHORITY[""EPSG"",""9122""]],AUTHORITY[""EPSG"",""4326""]]","{""coordinates"": [143.8645566527, -37.5778316987], ""type"": ""Point""}","-37.5778316987, 143.8645566527"
Newington,00213624,,PF-Sports Ground Lig,OS-Regional,Victoria Park,2 square on timber p,"GEOGCS[""WGS 84"",DATUM[""WGS_1984"",SPHEROID[""WGS 84"",6378137,298.257223563,AUTHORITY[""EPSG"",""7030""]],AUTHORITY[""EPSG"",""6326""]],PRIMEM[""Greenwich"",0,AUTHORITY[""EPSG"",""8901""]],UNIT[""degree"",0.0174532925199433,AUTHORITY[""EPSG"",""9122""]],AUTHORITY[""EPSG"",""4326""]]","{""coordinates"": [143.819788, -37.561753], ""type"": ""Point""}","-37.561753, 143.819788"
Newington,00213659,,PF-Sports Ground Lig,OS-Regional,Victoria Park,Single square spotli,"GEOGCS[""WGS 84"",DATUM[""WGS_1984"",SPHEROID[""WGS 84"",6378137,298.257223563,AUTHORITY[""EPSG"",""7030""]],AUTHORITY[""EPSG"",""6326""]],PRIMEM[""Greenwich"",0,AUTHORITY[""EPSG"",""8901""]],UNIT[""degree"",0.0174532925199433,AUTHORITY[""EPSG"",""9122""]],AUTHORITY[""EPSG"",""4326""]]","{""coordinates"": [143.82055, -37.562102], ""type"": ""Point""}","-37.562102, 143.82055"
Sebastopol,00213672,Victory Park,PF-Pole Lights,OS-Neighbourhood,Victory Park,Single Square,"GEOGCS[""WGS 84"",DATUM[""WGS_1984"",SPHEROID[""WGS 84"",6378137,298.257223563,AUTHORITY[""EPSG"",""7030""]],AUTHORITY[""EPSG"",""6326""]],PRIMEM[""Greenwich"",0,AUTHORITY[""EPSG"",""8901""]],UNIT[""degree"",0.0174532925199433,AUTHORITY[""EPSG"",""9122""]],AUTHORITY[""EPSG"",""4326""]]","{""coordinates"": [143.8389434081, -37.5928730495], ""type"": ""Point""}","-37.5928730495, 143.8389434081"
Wendouree,00213696,,PF-Street Light,OS-Neighbourhood,Weeramar Park,Downlight 2,"GEOGCS[""WGS 84"",DATUM[""WGS_1984"",SPHEROID[""WGS 84"",6378137,298.257223563,AUTHORITY[""EPSG"",""7030""]],AUTHORITY[""EPSG"",""6326""]],PRIMEM[""Greenwich"",0,AUTHORITY[""EPSG"",""8901""]],UNIT[""degree"",0.0174532925199433,AUTHORITY[""EPSG"",""9122""]],AUTHORITY[""EPSG"",""4326""]]","{""coordinates"": [143.8232681341, -37.5317909568], ""type"": ""Point""}","-37.5317909568, 143.8232681341"
Wendouree,00213710,,PF-Street Light,OS-Neighbourhood,Weeramar Park,Downlight 2,"GEOGCS[""WGS 84"",DATUM[""WGS_1984"",SPHEROID[""WGS 84"",6378137,298.257223563,AUTHORITY[""EPSG"",""7030""]],AUTHORITY[""EPSG"",""6326""]],PRIMEM[""Greenwich"",0,AUTHORITY[""EPSG"",""8901""]],UNIT[""degree"",0.0174532925199433,AUTHORITY[""EPSG"",""9122""]],AUTHORITY[""EPSG"",""4326""]]","{""coordinates"": [143.8232209756, -37.5314510066], ""type"": ""Point""}","-37.5314510066, 143.8232209756"
Ballarat Central,00213760,White Flat,PF-Street Light,OS-Neighbourhood,White Flat Oval Rese,Sodium 250W - Concre,"GEOGCS[""WGS 84"",DATUM[""WGS_1984"",SPHEROID[""WGS 84"",6378137,298.257223563,AUTHORITY[""EPSG"",""7030""]],AUTHORITY[""EPSG"",""6326""]],PRIMEM[""Greenwich"",0,AUTHORITY[""EPSG"",""8901""]],UNIT[""degree"",0.0174532925199433,AUTHORITY[""EPSG"",""9122""]],AUTHORITY[""EPSG"",""4326""]]","{""coordinates"": [143.856404126, -37.5678236733], ""type"": ""Point""}","-37.5678236733, 143.856404126"
Golden Point,00213783,Brown Hill Reserve  (Progress Park),PF-Sports Ground Lig,OS-Regional,Yarrowee River Reser,Caged Light on Steel,"GEOGCS[""WGS 84"",DATUM[""WGS_1984"",SPHEROID[""WGS 84"",6378137,298.257223563,AUTHORITY[""EPSG"",""7030""]],AUTHORITY[""EPSG"",""6326""]],PRIMEM[""Greenwich"",0,AUTHORITY[""EPSG"",""8901""]],UNIT[""degree"",0.0174532925199433,AUTHORITY[""EPSG"",""9122""]],AUTHORITY[""EPSG"",""4326""]]","{""coordinates"": [143.8962913894, -37.5515878735], ""type"": ""Point""}","-37.5515878735, 143.8962913894"
Golden Point,00213785,Brown Hill Reserve  (Progress Park),PF-Sports Ground Lig,OS-Regional,Yarrowee River Reser,Caged Light on Steel,"GEOGCS[""WGS 84"",DATUM[""WGS_1984"",SPHEROID[""WGS 84"",6378137,298.257223563,AUTHORITY[""EPSG"",""7030""]],AUTHORITY[""EPSG"",""6326""]],PRIMEM[""Greenwich"",0,AUTHORITY[""EPSG"",""8901""]],UNIT[""degree"",0.0174532925199433,AUTHORITY[""EPSG"",""9122""]],AUTHORITY[""EPSG"",""4326""]]","{""coordinates"": [143.8962320327, -37.5513950115], ""type"": ""Point""}","-37.5513950115, 143.8962320327"
Golden Point,00213786,Brown Hill Reserve  (Progress Park),PF-Sports Ground Lig,OS-Regional,Yarrowee River Reser,Caged Light on Steel,"GEOGCS[""WGS 84"",DATUM[""WGS_1984"",SPHEROID[""WGS 84"",6378137,298.257223563,AUTHORITY[""EPSG"",""7030""]],AUTHORITY[""EPSG"",""6326""]],PRIMEM[""Greenwich"",0,AUTHORITY[""EPSG"",""8901""]],UNIT[""degree"",0.0174532925199433,AUTHORITY[""EPSG"",""9122""]],AUTHORITY[""EPSG"",""4326""]]","{""coordinates"": [143.8963789567, -37.5513669908], ""type"": ""Point""}","-37.5513669908, 143.8963789567"
Ballarat Central,00225043,,PF-Heritage Lighting,No Code Allocated,Lydiard Street South,,"GEOGCS[""WGS 84"",DATUM[""WGS_1984"",SPHEROID[""WGS 84"",6378137,298.257223563,AUTHORITY[""EPSG"",""7030""]],AUTHORITY[""EPSG"",""6326""]],PRIMEM[""Greenwich"",0,AUTHORITY[""EPSG"",""8901""]],UNIT[""degree"",0.0174532925199433,AUTHORITY[""EPSG"",""9122""]],AUTHORITY[""EPSG"",""4326""]]","{""coordinates"": [143.8571941131, -37.5655801705], ""type"": ""Point""}","-37.5655801705, 143.8571941131"
Ballarat Central,00225047,,PF-Heritage Lighting,No Code Allocated,Lydiard Street South,,"GEOGCS[""WGS 84"",DATUM[""WGS_1984"",SPHEROID[""WGS 84"",6378137,298.257223563,AUTHORITY[""EPSG"",""7030""]],AUTHORITY[""EPSG"",""6326""]],PRIMEM[""Greenwich"",0,AUTHORITY[""EPSG"",""8901""]],UNIT[""degree"",0.0174532925199433,AUTHORITY[""EPSG"",""9122""]],AUTHORITY[""EPSG"",""4326""]]","{""coordinates"": [143.8569374131, -37.5656164773], ""type"": ""Point""}","-37.5656164773, 143.8569374131"
Ballarat Central,00225316,,PF-Heritage Lighting,R-Link Road,Lydiard Street North,,"GEOGCS[""WGS 84"",DATUM[""WGS_1984"",SPHEROID[""WGS 84"",6378137,298.257223563,AUTHORITY[""EPSG"",""7030""]],AUTHORITY[""EPSG"",""6326""]],PRIMEM[""Greenwich"",0,AUTHORITY[""EPSG"",""8901""]],UNIT[""degree"",0.0174532925199433,AUTHORITY[""EPSG"",""9122""]],AUTHORITY[""EPSG"",""4326""]]","{""coordinates"": [143.857936, -37.561205], ""type"": ""Point""}","-37.561205, 143.857936"
Ballarat Central,00225407,,PF-Pole Lights,R-Primary Access Roa,Bridge Mall,,"GEOGCS[""WGS 84"",DATUM[""WGS_1984"",SPHEROID[""WGS 84"",6378137,298.257223563,AUTHORITY[""EPSG"",""7030""]],AUTHORITY[""EPSG"",""6326""]],PRIMEM[""Greenwich"",0,AUTHORITY[""EPSG"",""8901""]],UNIT[""degree"",0.0174532925199433,AUTHORITY[""EPSG"",""9122""]],AUTHORITY[""EPSG"",""4326""]]","{""coordinates"": [143.86361, -37.562697], ""type"": ""Point""}","-37.562697, 143.86361"
Ballarat Central,00225447,,PF-Pole Lights,R-Primary Access Roa,Bridge Mall,,"GEOGCS[""WGS 84"",DATUM[""WGS_1984"",SPHEROID[""WGS 84"",6378137,298.257223563,AUTHORITY[""EPSG"",""7030""]],AUTHORITY[""EPSG"",""6326""]],PRIMEM[""Greenwich"",0,AUTHORITY[""EPSG"",""8901""]],UNIT[""degree"",0.0174532925199433,AUTHORITY[""EPSG"",""9122""]],AUTHORITY[""EPSG"",""4326""]]","{""coordinates"": [143.862101, -37.562433], ""type"": ""Point""}","-37.562433, 143.862101"
Ballarat Central,00225453,,PF-Pole Lights,R-Primary Access Roa,Bridge Mall,,"GEOGCS[""WGS 84"",DATUM[""WGS_1984"",SPHEROID[""WGS 84"",6378137,298.257223563,AUTHORITY[""EPSG"",""7030""]],AUTHORITY[""EPSG"",""6326""]],PRIMEM[""Greenwich"",0,AUTHORITY[""EPSG"",""8901""]],UNIT[""degree"",0.0174532925199433,AUTHORITY[""EPSG"",""9122""]],AUTHORITY[""EPSG"",""4326""]]","{""coordinates"": [143.862086, -37.562415], ""type"": ""Point""}","-37.562415, 143.862086"
Ballarat Central,00225462,,PF-Pole Lights,R-Primary Access Roa,Bridge Mall,,"GEOGCS[""WGS 84"",DATUM[""WGS_1984"",SPHEROID[""WGS 84"",6378137,298.257223563,AUTHORITY[""EPSG"",""7030""]],AUTHORITY[""EPSG"",""6326""]],PRIMEM[""Greenwich"",0,AUTHORITY[""EPSG"",""8901""]],UNIT[""degree"",0.0174532925199433,AUTHORITY[""EPSG"",""9122""]],AUTHORITY[""EPSG"",""4326""]]","{""coordinates"": [143.861562, -37.562451], ""type"": ""Point""}","-37.562451, 143.861562"
Ballarat Central,00225472,,PF-Pole Lights,R-Primary Access Roa,Bridge Mall,,"GEOGCS[""WGS 84"",DATUM[""WGS_1984"",SPHEROID[""WGS 84"",6378137,298.257223563,AUTHORITY[""EPSG"",""7030""]],AUTHORITY[""EPSG"",""6326""]],PRIMEM[""Greenwich"",0,AUTHORITY[""EPSG"",""8901""]],UNIT[""degree"",0.0174532925199433,AUTHORITY[""EPSG"",""9122""]],AUTHORITY[""EPSG"",""4326""]]","{""coordinates"": [143.861255, -37.562437], ""type"": ""Point""}","-37.562437, 143.861255"
Ballarat Central,00225570,,PF-Heritage Lighting,OS-Other,Phoenix Foundry Mall,Ornate Lamp,"GEOGCS[""WGS 84"",DATUM[""WGS_1984"",SPHEROID[""WGS 84"",6378137,298.257223563,AUTHORITY[""EPSG"",""7030""]],AUTHORITY[""EPSG"",""6326""]],PRIMEM[""Greenwich"",0,AUTHORITY[""EPSG"",""8901""]],UNIT[""degree"",0.0174532925199433,AUTHORITY[""EPSG"",""9122""]],AUTHORITY[""EPSG"",""4326""]]","{""coordinates"": [143.856008, -37.562817], ""type"": ""Point""}","-37.562817, 143.856008"
Alfredton,00227591,Fair,PF-Path Lights,R-Primary Access Roa,Learmonth Street ser,Public Space Light,"GEOGCS[""WGS 84"",DATUM[""WGS_1984"",SPHEROID[""WGS 84"",6378137,298.257223563,AUTHORITY[""EPSG"",""7030""]],AUTHORITY[""EPSG"",""6326""]],PRIMEM[""Greenwich"",0,AUTHORITY[""EPSG"",""8901""]],UNIT[""degree"",0.0174532925199433,AUTHORITY[""EPSG"",""9122""]],AUTHORITY[""EPSG"",""4326""]]","{""coordinates"": [143.813361, -37.553784], ""type"": ""Point""}","-37.553784, 143.813361"
Alfredton,00227593,Fair,PF-Path Lights,R-Primary Access Roa,Learmonth Street ser,Public Space Light,"GEOGCS[""WGS 84"",DATUM[""WGS_1984"",SPHEROID[""WGS 84"",6378137,298.257223563,AUTHORITY[""EPSG"",""7030""]],AUTHORITY[""EPSG"",""6326""]],PRIMEM[""Greenwich"",0,AUTHORITY[""EPSG"",""8901""]],UNIT[""degree"",0.0174532925199433,AUTHORITY[""EPSG"",""9122""]],AUTHORITY[""EPSG"",""4326""]]","{""coordinates"": [143.813431, -37.553703], ""type"": ""Point""}","-37.553703, 143.813431"
Alfredton,00227595,Fair,PF-Path Lights,R-Primary Access Roa,Learmonth Street ser,Public Space Light,"GEOGCS[""WGS 84"",DATUM[""WGS_1984"",SPHEROID[""WGS 84"",6378137,298.257223563,AUTHORITY[""EPSG"",""7030""]],AUTHORITY[""EPSG"",""6326""]],PRIMEM[""Greenwich"",0,AUTHORITY[""EPSG"",""8901""]],UNIT[""degree"",0.0174532925199433,AUTHORITY[""EPSG"",""9122""]],AUTHORITY[""EPSG"",""4326""]]","{""coordinates"": [143.813463, -37.553618], ""type"": ""Point""}","-37.553618, 143.813463"
Alfredton,00227596,Fair,PF-Path Lights,R-Primary Access Roa,Learmonth Street ser,Public Space Light,"GEOGCS[""WGS 84"",DATUM[""WGS_1984"",SPHEROID[""WGS 84"",6378137,298.257223563,AUTHORITY[""EPSG"",""7030""]],AUTHORITY[""EPSG"",""6326""]],PRIMEM[""Greenwich"",0,AUTHORITY[""EPSG"",""8901""]],UNIT[""degree"",0.0174532925199433,AUTHORITY[""EPSG"",""9122""]],AUTHORITY[""EPSG"",""4326""]]","{""coordinates"": [143.813442, -37.553554], ""type"": ""Point""}","-37.553554, 143.813442"
Alfredton,00227762,Fair,PF-Path Lights,R-Primary Access Roa,Learmonth Street ser,Public Space Light,"GEOGCS[""WGS 84"",DATUM[""WGS_1984"",SPHEROID[""WGS 84"",6378137,298.257223563,AUTHORITY[""EPSG"",""7030""]],AUTHORITY[""EPSG"",""6326""]],PRIMEM[""Greenwich"",0,AUTHORITY[""EPSG"",""8901""]],UNIT[""degree"",0.0174532925199433,AUTHORITY[""EPSG"",""9122""]],AUTHORITY[""EPSG"",""4326""]]","{""coordinates"": [143.813442, -37.553682], ""type"": ""Point""}","-37.553682, 143.813442"
Alfredton,00233984,,PF-Sports Ground Lig,OS-District,Alfredton Recreation,,"GEOGCS[""WGS 84"",DATUM[""WGS_1984"",SPHEROID[""WGS 84"",6378137,298.257223563,AUTHORITY[""EPSG"",""7030""]],AUTHORITY[""EPSG"",""6326""]],PRIMEM[""Greenwich"",0,AUTHORITY[""EPSG"",""8901""]],UNIT[""degree"",0.0174532925199433,AUTHORITY[""EPSG"",""9122""]],AUTHORITY[""EPSG"",""4326""]]","{""coordinates"": [143.799876, -37.557002], ""type"": ""Point""}","-37.557002, 143.799876"
Alfredton,00233987,,PF-Sports Ground Lig,OS-District,Alfredton Recreation,,"GEOGCS[""WGS 84"",DATUM[""WGS_1984"",SPHEROID[""WGS 84"",6378137,298.257223563,AUTHORITY[""EPSG"",""7030""]],AUTHORITY[""EPSG"",""6326""]],PRIMEM[""Greenwich"",0,AUTHORITY[""EPSG"",""8901""]],UNIT[""degree"",0.0174532925199433,AUTHORITY[""EPSG"",""9122""]],AUTHORITY[""EPSG"",""4326""]]","{""coordinates"": [143.798821, -37.558087], ""type"": ""Point""}","-37.558087, 143.798821"
Lake Wendouree,00235753,Bollard,PF-Path Lights,OS-State,Lake Wendouree Reser,Bollard,"GEOGCS[""WGS 84"",DATUM[""WGS_1984"",SPHEROID[""WGS 84"",6378137,298.257223563,AUTHORITY[""EPSG"",""7030""]],AUTHORITY[""EPSG"",""6326""]],PRIMEM[""Greenwich"",0,AUTHORITY[""EPSG"",""8901""]],UNIT[""degree"",0.0174532925199433,AUTHORITY[""EPSG"",""9122""]],AUTHORITY[""EPSG"",""4326""]]","{""coordinates"": [143.82259596, -37.55185101], ""type"": ""Point""}","-37.55185101, 143.82259596"
Lake Wendouree,00235756,Bollard,PF-Path Lights,OS-State,Lake Wendouree Reser,Bollard,"GEOGCS[""WGS 84"",DATUM[""WGS_1984"",SPHEROID[""WGS 84"",6378137,298.257223563,AUTHORITY[""EPSG"",""7030""]],AUTHORITY[""EPSG"",""6326""]],PRIMEM[""Greenwich"",0,AUTHORITY[""EPSG"",""8901""]],UNIT[""degree"",0.0174532925199433,AUTHORITY[""EPSG"",""9122""]],AUTHORITY[""EPSG"",""4326""]]","{""coordinates"": [143.82247104, -37.55157498], ""type"": ""Point""}","-37.55157498, 143.82247104"
Lake Wendouree,00235757,Bollard,PF-Path Lights,OS-State,Lake Wendouree Reser,Bollard,"GEOGCS[""WGS 84"",DATUM[""WGS_1984"",SPHEROID[""WGS 84"",6378137,298.257223563,AUTHORITY[""EPSG"",""7030""]],AUTHORITY[""EPSG"",""6326""]],PRIMEM[""Greenwich"",0,AUTHORITY[""EPSG"",""8901""]],UNIT[""degree"",0.0174532925199433,AUTHORITY[""EPSG"",""9122""]],AUTHORITY[""EPSG"",""4326""]]","{""coordinates"": [143.82235008, -37.55136897], ""type"": ""Point""}","-37.55136897, 143.82235008"
Ballarat Central,00248042,,PF-Street Light,No Code Allocated,Lydiard Street South,,"GEOGCS[""WGS 84"",DATUM[""WGS_1984"",SPHEROID[""WGS 84"",6378137,298.257223563,AUTHORITY[""EPSG"",""7030""]],AUTHORITY[""EPSG"",""6326""]],PRIMEM[""Greenwich"",0,AUTHORITY[""EPSG"",""8901""]],UNIT[""degree"",0.0174532925199433,AUTHORITY[""EPSG"",""9122""]],AUTHORITY[""EPSG"",""4326""]]","{""coordinates"": [143.857386, -37.562939], ""type"": ""Point""}","-37.562939, 143.857386"
Mount Clear,00270852,Mount Clear Recreation Reserve - Sports Ground Lig,PF-Sports Ground Lig,OS-District,Mount Clear Recreati,Floodlights,"GEOGCS[""WGS 84"",DATUM[""WGS_1984"",SPHEROID[""WGS 84"",6378137,298.257223563,AUTHORITY[""EPSG"",""7030""]],AUTHORITY[""EPSG"",""6326""]],PRIMEM[""Greenwich"",0,AUTHORITY[""EPSG"",""8901""]],UNIT[""degree"",0.0174532925199433,AUTHORITY[""EPSG"",""9122""]],AUTHORITY[""EPSG"",""4326""]]","{""coordinates"": [143.875472, -37.606566], ""type"": ""Point""}","-37.606566, 143.875472"
Lake Wendouree,00290656,City Oval (S/E Side of Oval),PF-Sports Ground Lig,OS-Regional,City Oval,3 Square Lights,"GEOGCS[""WGS 84"",DATUM[""WGS_1984"",SPHEROID[""WGS 84"",6378137,298.257223563,AUTHORITY[""EPSG"",""7030""]],AUTHORITY[""EPSG"",""6326""]],PRIMEM[""Greenwich"",0,AUTHORITY[""EPSG"",""8901""]],UNIT[""degree"",0.0174532925199433,AUTHORITY[""EPSG"",""9122""]],AUTHORITY[""EPSG"",""4326""]]","{""coordinates"": [143.838517, -37.557704], ""type"": ""Point""}","-37.557704, 143.838517"
Ballarat Central,00290680,Western Oval - North West Corner,PF-Sports Ground Lig,OS-District,Western Oval Reserve,Two Circular Bowl,"GEOGCS[""WGS 84"",DATUM[""WGS_1984"",SPHEROID[""WGS 84"",6378137,298.257223563,AUTHORITY[""EPSG"",""7030""]],AUTHORITY[""EPSG"",""6326""]],PRIMEM[""Greenwich"",0,AUTHORITY[""EPSG"",""8901""]],UNIT[""degree"",0.0174532925199433,AUTHORITY[""EPSG"",""9122""]],AUTHORITY[""EPSG"",""4326""]]","{""coordinates"": [143.8386101018, -37.5648437861], ""type"": ""Point""}","-37.5648437861, 143.8386101018"
Lake Wendouree,00319381,LLP 2023,PF-Path Lights,OS-State,Lake Wendouree Reser,Pole,"GEOGCS[""WGS 84"",DATUM[""WGS_1984"",SPHEROID[""WGS 84"",6378137,298.257223563,AUTHORITY[""EPSG"",""7030""]],AUTHORITY[""EPSG"",""6326""]],PRIMEM[""Greenwich"",0,AUTHORITY[""EPSG"",""8901""]],UNIT[""degree"",0.0174532925199433,AUTHORITY[""EPSG"",""9122""]],AUTHORITY[""EPSG"",""4326""]]","{""coordinates"": [143.83520712, -37.54395909], ""type"": ""Point""}","-37.54395909, 143.83520712"
Lake Wendouree,00319382,LLP 2023,PF-Path Lights,OS-State,Lake Wendouree Reser,Pole,"GEOGCS[""WGS 84"",DATUM[""WGS_1984"",SPHEROID[""WGS 84"",6378137,298.257223563,AUTHORITY[""EPSG"",""7030""]],AUTHORITY[""EPSG"",""6326""]],PRIMEM[""Greenwich"",0,AUTHORITY[""EPSG"",""8901""]],UNIT[""degree"",0.0174532925199433,AUTHORITY[""EPSG"",""9122""]],AUTHORITY[""EPSG"",""4326""]]","{""coordinates"": [143.83556856, -37.54405422], ""type"": ""Point""}","-37.54405422, 143.83556856"
Lake Wendouree,00319383,LLP 2023,PF-Path Lights,OS-State,Lake Wendouree Reser,Pole,"GEOGCS[""WGS 84"",DATUM[""WGS_1984"",SPHEROID[""WGS 84"",6378137,298.257223563,AUTHORITY[""EPSG"",""7030""]],AUTHORITY[""EPSG"",""6326""]],PRIMEM[""Greenwich"",0,AUTHORITY[""EPSG"",""8901""]],UNIT[""degree"",0.0174532925199433,AUTHORITY[""EPSG"",""9122""]],AUTHORITY[""EPSG"",""4326""]]","{""coordinates"": [143.8358832, -37.54399428], ""type"": ""Point""}","-37.54399428, 143.8358832"
Lake Wendouree,00319385,LLP 2023,PF-Path Lights,OS-State,Lake Wendouree Reser,Pole,"GEOGCS[""WGS 84"",DATUM[""WGS_1984"",SPHEROID[""WGS 84"",6378137,298.257223563,AUTHORITY[""EPSG"",""7030""]],AUTHORITY[""EPSG"",""6326""]],PRIMEM[""Greenwich"",0,AUTHORITY[""EPSG"",""8901""]],UNIT[""degree"",0.0174532925199433,AUTHORITY[""EPSG"",""9122""]],AUTHORITY[""EPSG"",""4326""]]","{""coordinates"": [143.83657548, -37.54391904], ""type"": ""Point""}","-37.54391904, 143.83657548"
Lake Wendouree,00319391,LLP 2023,PF-Path Lights,OS-State,Lake Wendouree Reser,Pole,"GEOGCS[""WGS 84"",DATUM[""WGS_1984"",SPHEROID[""WGS 84"",6378137,298.257223563,AUTHORITY[""EPSG"",""7030""]],AUTHORITY[""EPSG"",""6326""]],PRIMEM[""Greenwich"",0,AUTHORITY[""EPSG"",""8901""]],UNIT[""degree"",0.0174532925199433,AUTHORITY[""EPSG"",""9122""]],AUTHORITY[""EPSG"",""4326""]]","{""coordinates"": [143.83833174, -37.54437201], ""type"": ""Point""}","-37.54437201, 143.83833174"
Lake Wendouree,00319394,LLP 2023,PF-Path Lights,OS-State,Lake Wendouree Reser,Pole,"GEOGCS[""WGS 84"",DATUM[""WGS_1984"",SPHEROID[""WGS 84"",6378137,298.257223563,AUTHORITY[""EPSG"",""7030""]],AUTHORITY[""EPSG"",""6326""]],PRIMEM[""Greenwich"",0,AUTHORITY[""EPSG"",""8901""]],UNIT[""degree"",0.0174532925199433,AUTHORITY[""EPSG"",""9122""]],AUTHORITY[""EPSG"",""4326""]]","{""coordinates"": [143.83921986, -37.54456749], ""type"": ""Point""}","-37.54456749, 143.83921986"
Lake Wendouree,00319395,LLP 2023,PF-Path Lights,OS-State,Lake Wendouree Reser,Pole,"GEOGCS[""WGS 84"",DATUM[""WGS_1984"",SPHEROID[""WGS 84"",6378137,298.257223563,AUTHORITY[""EPSG"",""7030""]],AUTHORITY[""EPSG"",""6326""]],PRIMEM[""Greenwich"",0,AUTHORITY[""EPSG"",""8901""]],UNIT[""degree"",0.0174532925199433,AUTHORITY[""EPSG"",""9122""]],AUTHORITY[""EPSG"",""4326""]]","{""coordinates"": [143.83949022, -37.54459116], ""type"": ""Point""}","-37.54459116, 143.83949022"
Lake Wendouree,00319396,LLP 2023,PF-Path Lights,OS-State,Lake Wendouree Reser,Pole,"GEOGCS[""WGS 84"",DATUM[""WGS_1984"",SPHEROID[""WGS 84"",6378137,298.257223563,AUTHORITY[""EPSG"",""7030""]],AUTHORITY[""EPSG"",""6326""]],PRIMEM[""Greenwich"",0,AUTHORITY[""EPSG"",""8901""]],UNIT[""degree"",0.0174532925199433,AUTHORITY[""EPSG"",""9122""]],AUTHORITY[""EPSG"",""4326""]]","{""coordinates"": [143.83976382, -37.5447159], ""type"": ""Point""}","-37.5447159, 143.83976382"
Lake Wendouree,00319400,LLP 2023,PF-Path Lights,OS-State,Lake Wendouree Reser,Pole,"GEOGCS[""WGS 84"",DATUM[""WGS_1984"",SPHEROID[""WGS 84"",6378137,298.257223563,AUTHORITY[""EPSG"",""7030""]],AUTHORITY[""EPSG"",""6326""]],PRIMEM[""Greenwich"",0,AUTHORITY[""EPSG"",""8901""]],UNIT[""degree"",0.0174532925199433,AUTHORITY[""EPSG"",""9122""]],AUTHORITY[""EPSG"",""4326""]]","{""coordinates"": [143.84095002, -37.54500201], ""type"": ""Point""}","-37.54500201, 143.84095002"
Lake Wendouree,00319401,LLP 2023,PF-Path Lights,OS-State,Lake Wendouree Reser,Pole,"GEOGCS[""WGS 84"",DATUM[""WGS_1984"",SPHEROID[""WGS 84"",6378137,298.257223563,AUTHORITY[""EPSG"",""7030""]],AUTHORITY[""EPSG"",""6326""]],PRIMEM[""Greenwich"",0,AUTHORITY[""EPSG"",""8901""]],UNIT[""degree"",0.0174532925199433,AUTHORITY[""EPSG"",""9122""]],AUTHORITY[""EPSG"",""4326""]]","{""coordinates"": [143.84114604, -37.54510983], ""type"": ""Point""}","-37.54510983, 143.84114604"
Lake Wendouree,00319405,LLP 2023,PF-Path Lights,OS-State,Lake Wendouree Reser,Pole,"GEOGCS[""WGS 84"",DATUM[""WGS_1984"",SPHEROID[""WGS 84"",6378137,298.257223563,AUTHORITY[""EPSG"",""7030""]],AUTHORITY[""EPSG"",""6326""]],PRIMEM[""Greenwich"",0,AUTHORITY[""EPSG"",""8901""]],UNIT[""degree"",0.0174532925199433,AUTHORITY[""EPSG"",""9122""]],AUTHORITY[""EPSG"",""4326""]]","{""coordinates"": [143.84230632, -37.54544814], ""type"": ""Point""}","-37.54544814, 143.84230632"
Lake Wendouree,00319406,LLP 2023,PF-Path Lights,OS-State,Lake Wendouree Reser,Pole,"GEOGCS[""WGS 84"",DATUM[""WGS_1984"",SPHEROID[""WGS 84"",6378137,298.257223563,AUTHORITY[""EPSG"",""7030""]],AUTHORITY[""EPSG"",""6326""]],PRIMEM[""Greenwich"",0,AUTHORITY[""EPSG"",""8901""]],UNIT[""degree"",0.0174532925199433,AUTHORITY[""EPSG"",""9122""]],AUTHORITY[""EPSG"",""4326""]]","{""coordinates"": [143.84258424, -37.5454872], ""type"": ""Point""}","-37.5454872, 143.84258424"
Lake Wendouree,00319407,LLP 2023,PF-Path Lights,OS-State,Lake Wendouree Reser,Pole,"GEOGCS[""WGS 84"",DATUM[""WGS_1984"",SPHEROID[""WGS 84"",6378137,298.257223563,AUTHORITY[""EPSG"",""7030""]],AUTHORITY[""EPSG"",""6326""]],PRIMEM[""Greenwich"",0,AUTHORITY[""EPSG"",""8901""]],UNIT[""degree"",0.0174532925199433,AUTHORITY[""EPSG"",""9122""]],AUTHORITY[""EPSG"",""4326""]]","{""coordinates"": [143.84295558, -37.54555002], ""type"": ""Point""}","-37.54555002, 143.84295558"
Lake Wendouree,00319408,LLP 2023,PF-Path Lights,OS-State,Lake Wendouree Reser,Pole,"GEOGCS[""WGS 84"",DATUM[""WGS_1984"",SPHEROID[""WGS 84"",6378137,298.257223563,AUTHORITY[""EPSG"",""7030""]],AUTHORITY[""EPSG"",""6326""]],PRIMEM[""Greenwich"",0,AUTHORITY[""EPSG"",""8901""]],UNIT[""degree"",0.0174532925199433,AUTHORITY[""EPSG"",""9122""]],AUTHORITY[""EPSG"",""4326""]]","{""coordinates"": [143.84322252, -37.54569132], ""type"": ""Point""}","-37.54569132, 143.84322252"
Lake Wendouree,00319555,LLP 2023,PF-Path Lights,OS-State,Lake Wendouree Reser,,"GEOGCS[""WGS 84"",DATUM[""WGS_1984"",SPHEROID[""WGS 84"",6378137,298.257223563,AUTHORITY[""EPSG"",""7030""]],AUTHORITY[""EPSG"",""6326""]],PRIMEM[""Greenwich"",0,AUTHORITY[""EPSG"",""8901""]],UNIT[""degree"",0.0174532925199433,AUTHORITY[""EPSG"",""9122""]],AUTHORITY[""EPSG"",""4326""]]","{""coordinates"": [143.8439158542, -37.546101204], ""type"": ""Point""}","-37.546101204, 143.8439158542"
Lake Wendouree,00319558,LLP 2023,PF-Path Lights,OS-State,Lake Wendouree Reser,,"GEOGCS[""WGS 84"",DATUM[""WGS_1984"",SPHEROID[""WGS 84"",6378137,298.257223563,AUTHORITY[""EPSG"",""7030""]],AUTHORITY[""EPSG"",""6326""]],PRIMEM[""Greenwich"",0,AUTHORITY[""EPSG"",""8901""]],UNIT[""degree"",0.0174532925199433,AUTHORITY[""EPSG"",""9122""]],AUTHORITY[""EPSG"",""4326""]]","{""coordinates"": [143.84431582, -37.5467955722], ""type"": ""Point""}","-37.5467955722, 143.84431582"
Lake Wendouree,00319564,LLP 2023,PF-Path Lights,OS-State,Lake Wendouree Reser,,"GEOGCS[""WGS 84"",DATUM[""WGS_1984"",SPHEROID[""WGS 84"",6378137,298.257223563,AUTHORITY[""EPSG"",""7030""]],AUTHORITY[""EPSG"",""6326""]],PRIMEM[""Greenwich"",0,AUTHORITY[""EPSG"",""8901""]],UNIT[""degree"",0.0174532925199433,AUTHORITY[""EPSG"",""9122""]],AUTHORITY[""EPSG"",""4326""]]","{""coordinates"": [143.8446826879, -37.5482865802], ""type"": ""Point""}","-37.5482865802, 143.8446826879"
Lake Wendouree,00319575,LLP 2023,PF-Path Lights,OS-State,Lake Wendouree Reser,,"GEOGCS[""WGS 84"",DATUM[""WGS_1984"",SPHEROID[""WGS 84"",6378137,298.257223563,AUTHORITY[""EPSG"",""7030""]],AUTHORITY[""EPSG"",""6326""]],PRIMEM[""Greenwich"",0,AUTHORITY[""EPSG"",""8901""]],UNIT[""degree"",0.0174532925199433,AUTHORITY[""EPSG"",""9122""]],AUTHORITY[""EPSG"",""4326""]]","{""coordinates"": [143.8449592222, -37.5506460384], ""type"": ""Point""}","-37.5506460384, 143.8449592222"
Lake Wendouree,00319582,LLP 2023,PF-Path Lights,OS-State,Lake Wendouree Reser,,"GEOGCS[""WGS 84"",DATUM[""WGS_1984"",SPHEROID[""WGS 84"",6378137,298.257223563,AUTHORITY[""EPSG"",""7030""]],AUTHORITY[""EPSG"",""6326""]],PRIMEM[""Greenwich"",0,AUTHORITY[""EPSG"",""8901""]],UNIT[""degree"",0.0174532925199433,AUTHORITY[""EPSG"",""9122""]],AUTHORITY[""EPSG"",""4326""]]","{""coordinates"": [143.8445847711, -37.5521167672], ""type"": ""Point""}","-37.5521167672, 143.8445847711"
Lake Wendouree,00319600,LLP2023,PF-Path Lights,OS-State,Lake Wendouree Reser,,"GEOGCS[""WGS 84"",DATUM[""WGS_1984"",SPHEROID[""WGS 84"",6378137,298.257223563,AUTHORITY[""EPSG"",""7030""]],AUTHORITY[""EPSG"",""6326""]],PRIMEM[""Greenwich"",0,AUTHORITY[""EPSG"",""8901""]],UNIT[""degree"",0.0174532925199433,AUTHORITY[""EPSG"",""9122""]],AUTHORITY[""EPSG"",""4326""]]","{""coordinates"": [143.8425887083, -37.5542567051], ""type"": ""Point""}","-37.5542567051, 143.8425887083"
Lake Wendouree,00319605,LLP2023,PF-Path Lights,OS-State,Lake Wendouree Reser,,"GEOGCS[""WGS 84"",DATUM[""WGS_1984"",SPHEROID[""WGS 84"",6378137,298.257223563,AUTHORITY[""EPSG"",""7030""]],AUTHORITY[""EPSG"",""6326""]],PRIMEM[""Greenwich"",0,AUTHORITY[""EPSG"",""8901""]],UNIT[""degree"",0.0174532925199433,AUTHORITY[""EPSG"",""9122""]],AUTHORITY[""EPSG"",""4326""]]","{""coordinates"": [143.8434429742, -37.5532866836], ""type"": ""Point""}","-37.5532866836, 143.8434429742"
Lake Wendouree,00319607,LLP2023,PF-Path Lights,OS-State,Lake Wendouree Reser,,"GEOGCS[""WGS 84"",DATUM[""WGS_1984"",SPHEROID[""WGS 84"",6378137,298.257223563,AUTHORITY[""EPSG"",""7030""]],AUTHORITY[""EPSG"",""6326""]],PRIMEM[""Greenwich"",0,AUTHORITY[""EPSG"",""8901""]],UNIT[""degree"",0.0174532925199433,AUTHORITY[""EPSG"",""9122""]],AUTHORITY[""EPSG"",""4326""]]","{""coordinates"": [143.843725919, -37.553055518], ""type"": ""Point""}","-37.553055518, 143.843725919"
Lake Wendouree,00319609,LLP2023,PF-Path Lights,OS-State,Lake Wendouree Reser,,"GEOGCS[""WGS 84"",DATUM[""WGS_1984"",SPHEROID[""WGS 84"",6378137,298.257223563,AUTHORITY[""EPSG"",""7030""]],AUTHORITY[""EPSG"",""6326""]],PRIMEM[""Greenwich"",0,AUTHORITY[""EPSG"",""8901""]],UNIT[""degree"",0.0174532925199433,AUTHORITY[""EPSG"",""9122""]],AUTHORITY[""EPSG"",""4326""]]","{""coordinates"": [143.8424021531, -37.5547060129], ""type"": ""Point""}","-37.5547060129, 143.8424021531"
Lake Wendouree,00319611,LLP2023,PF-Path Lights,OS-State,Lake Wendouree Reser,,"GEOGCS[""WGS 84"",DATUM[""WGS_1984"",SPHEROID[""WGS 84"",6378137,298.257223563,AUTHORITY[""EPSG"",""7030""]],AUTHORITY[""EPSG"",""6326""]],PRIMEM[""Greenwich"",0,AUTHORITY[""EPSG"",""8901""]],UNIT[""degree"",0.0174532925199433,AUTHORITY[""EPSG"",""9122""]],AUTHORITY[""EPSG"",""4326""]]","{""coordinates"": [143.8418542108, -37.5554427079], ""type"": ""Point""}","-37.5554427079, 143.8418542108"
Lake Wendouree,00319615,LLP2023,PF-Path Lights,OS-State,Lake Wendouree Reser,,"GEOGCS[""WGS 84"",DATUM[""WGS_1984"",SPHEROID[""WGS 84"",6378137,298.257223563,AUTHORITY[""EPSG"",""7030""]],AUTHORITY[""EPSG"",""6326""]],PRIMEM[""Greenwich"",0,AUTHORITY[""EPSG"",""8901""]],UNIT[""degree"",0.0174532925199433,AUTHORITY[""EPSG"",""9122""]],AUTHORITY[""EPSG"",""4326""]]","{""coordinates"": [143.8414012221, -37.5557664022], ""type"": ""Point""}","-37.5557664022, 143.8414012221"
Lake Wendouree,00319617,LLP2023,PF-Path Lights,OS-State,Lake Wendouree Reser,,"GEOGCS[""WGS 84"",DATUM[""WGS_1984"",SPHEROID[""WGS 84"",6378137,298.257223563,AUTHORITY[""EPSG"",""7030""]],AUTHORITY[""EPSG"",""6326""]],PRIMEM[""Greenwich"",0,AUTHORITY[""EPSG"",""8901""]],UNIT[""degree"",0.0174532925199433,AUTHORITY[""EPSG"",""9122""]],AUTHORITY[""EPSG"",""4326""]]","{""coordinates"": [143.8408765037, -37.5559234507], ""type"": ""Point""}","-37.5559234507, 143.8408765037"
Lake Wendouree,00319620,LLP2023,PF-Path Lights,OS-State,Lake Wendouree Reser,,"GEOGCS[""WGS 84"",DATUM[""WGS_1984"",SPHEROID[""WGS 84"",6378137,298.257223563,AUTHORITY[""EPSG"",""7030""]],AUTHORITY[""EPSG"",""6326""]],PRIMEM[""Greenwich"",0,AUTHORITY[""EPSG"",""8901""]],UNIT[""degree"",0.0174532925199433,AUTHORITY[""EPSG"",""9122""]],AUTHORITY[""EPSG"",""4326""]]","{""coordinates"": [143.840041141, -37.555869571], ""type"": ""Point""}","-37.555869571, 143.840041141"
Lake Wendouree,00319622,LLP2023,PF-Path Lights,OS-State,Lake Wendouree Reser,,"GEOGCS[""WGS 84"",DATUM[""WGS_1984"",SPHEROID[""WGS 84"",6378137,298.257223563,AUTHORITY[""EPSG"",""7030""]],AUTHORITY[""EPSG"",""6326""]],PRIMEM[""Greenwich"",0,AUTHORITY[""EPSG"",""8901""]],UNIT[""degree"",0.0174532925199433,AUTHORITY[""EPSG"",""9122""]],AUTHORITY[""EPSG"",""4326""]]","{""coordinates"": [143.8394713691, -37.5558392455], ""type"": ""Point""}","-37.5558392455, 143.8394713691"
Lake Wendouree,00319624,LLP2023,PF-Path Lights,OS-State,Lake Wendouree Reser,,"GEOGCS[""WGS 84"",DATUM[""WGS_1984"",SPHEROID[""WGS 84"",6378137,298.257223563,AUTHORITY[""EPSG"",""7030""]],AUTHORITY[""EPSG"",""6326""]],PRIMEM[""Greenwich"",0,AUTHORITY[""EPSG"",""8901""]],UNIT[""degree"",0.0174532925199433,AUTHORITY[""EPSG"",""9122""]],AUTHORITY[""EPSG"",""4326""]]","{""coordinates"": [143.8389202362, -37.5559998441], ""type"": ""Point""}","-37.5559998441, 143.8389202362"
Lake Wendouree,00319625,LLP2023,PF-Path Lights,OS-State,Lake Wendouree Reser,,"GEOGCS[""WGS 84"",DATUM[""WGS_1984"",SPHEROID[""WGS 84"",6378137,298.257223563,AUTHORITY[""EPSG"",""7030""]],AUTHORITY[""EPSG"",""6326""]],PRIMEM[""Greenwich"",0,AUTHORITY[""EPSG"",""8901""]],UNIT[""degree"",0.0174532925199433,AUTHORITY[""EPSG"",""9122""]],AUTHORITY[""EPSG"",""4326""]]","{""coordinates"": [143.8387915749, -37.5560310215], ""type"": ""Point""}","-37.5560310215, 143.8387915749"
Lake Wendouree,00319628,LLP2023,PF-Path Lights,OS-State,Lake Wendouree Reser,,"GEOGCS[""WGS 84"",DATUM[""WGS_1984"",SPHEROID[""WGS 84"",6378137,298.257223563,AUTHORITY[""EPSG"",""7030""]],AUTHORITY[""EPSG"",""6326""]],PRIMEM[""Greenwich"",0,AUTHORITY[""EPSG"",""8901""]],UNIT[""degree"",0.0174532925199433,AUTHORITY[""EPSG"",""9122""]],AUTHORITY[""EPSG"",""4326""]]","{""coordinates"": [143.8378484492, -37.5561884038], ""type"": ""Point""}","-37.5561884038, 143.8378484492"
Lake Wendouree,00319632,LLP2023,PF-Path Lights,OS-State,Lake Wendouree Reser,,"GEOGCS[""WGS 84"",DATUM[""WGS_1984"",SPHEROID[""WGS 84"",6378137,298.257223563,AUTHORITY[""EPSG"",""7030""]],AUTHORITY[""EPSG"",""6326""]],PRIMEM[""Greenwich"",0,AUTHORITY[""EPSG"",""8901""]],UNIT[""degree"",0.0174532925199433,AUTHORITY[""EPSG"",""9122""]],AUTHORITY[""EPSG"",""4326""]]","{""coordinates"": [143.836483422, -37.5563983019], ""type"": ""Point""}","-37.5563983019, 143.836483422"
Lake Wendouree,00319635,LLP2023,PF-Path Lights,OS-State,Lake Wendouree Reser,,"GEOGCS[""WGS 84"",DATUM[""WGS_1984"",SPHEROID[""WGS 84"",6378137,298.257223563,AUTHORITY[""EPSG"",""7030""]],AUTHORITY[""EPSG"",""6326""]],PRIMEM[""Greenwich"",0,AUTHORITY[""EPSG"",""8901""]],UNIT[""degree"",0.0174532925199433,AUTHORITY[""EPSG"",""9122""]],AUTHORITY[""EPSG"",""4326""]]","{""coordinates"": [143.8356456947, -37.5563812063], ""type"": ""Point""}","-37.5563812063, 143.8356456947"
Lake Wendouree,00319637,LLP2023,PF-Path Lights,OS-State,Lake Wendouree Reser,,"GEOGCS[""WGS 84"",DATUM[""WGS_1984"",SPHEROID[""WGS 84"",6378137,298.257223563,AUTHORITY[""EPSG"",""7030""]],AUTHORITY[""EPSG"",""6326""]],PRIMEM[""Greenwich"",0,AUTHORITY[""EPSG"",""8901""]],UNIT[""degree"",0.0174532925199433,AUTHORITY[""EPSG"",""9122""]],AUTHORITY[""EPSG"",""4326""]]","{""coordinates"": [143.8349861205, -37.5563087362], ""type"": ""Point""}","-37.5563087362, 143.8349861205"
Lake Wendouree,00319638,LLP2023,PF-Path Lights,OS-State,Lake Wendouree Reser,,"GEOGCS[""WGS 84"",DATUM[""WGS_1984"",SPHEROID[""WGS 84"",6378137,298.257223563,AUTHORITY[""EPSG"",""7030""]],AUTHORITY[""EPSG"",""6326""]],PRIMEM[""Greenwich"",0,AUTHORITY[""EPSG"",""8901""]],UNIT[""degree"",0.0174532925199433,AUTHORITY[""EPSG"",""9122""]],AUTHORITY[""EPSG"",""4326""]]","{""coordinates"": [143.8347042599, -37.5562525809], ""type"": ""Point""}","-37.5562525809, 143.8347042599"
Lake Wendouree,00319639,LLP2023,PF-Path Lights,OS-State,Lake Wendouree Reser,,"GEOGCS[""WGS 84"",DATUM[""WGS_1984"",SPHEROID[""WGS 84"",6378137,298.257223563,AUTHORITY[""EPSG"",""7030""]],AUTHORITY[""EPSG"",""6326""]],PRIMEM[""Greenwich"",0,AUTHORITY[""EPSG"",""8901""]],UNIT[""degree"",0.0174532925199433,AUTHORITY[""EPSG"",""9122""]],AUTHORITY[""EPSG"",""4326""]]","{""coordinates"": [143.8343960091, -37.5563544867], ""type"": ""Point""}","-37.5563544867, 143.8343960091"
Lake Wendouree,00319642,LLP2023,PF-Path Lights,OS-State,Lake Wendouree Reser,,"GEOGCS[""WGS 84"",DATUM[""WGS_1984"",SPHEROID[""WGS 84"",6378137,298.257223563,AUTHORITY[""EPSG"",""7030""]],AUTHORITY[""EPSG"",""6326""]],PRIMEM[""Greenwich"",0,AUTHORITY[""EPSG"",""8901""]],UNIT[""degree"",0.0174532925199433,AUTHORITY[""EPSG"",""9122""]],AUTHORITY[""EPSG"",""4326""]]","{""coordinates"": [143.8336850013, -37.5564715386], ""type"": ""Point""}","-37.5564715386, 143.8336850013"
Lake Wendouree,00319645,LLP2023,PF-Path Lights,OS-State,Lake Wendouree Reser,,"GEOGCS[""WGS 84"",DATUM[""WGS_1984"",SPHEROID[""WGS 84"",6378137,298.257223563,AUTHORITY[""EPSG"",""7030""]],AUTHORITY[""EPSG"",""6326""]],PRIMEM[""Greenwich"",0,AUTHORITY[""EPSG"",""8901""]],UNIT[""degree"",0.0174532925199433,AUTHORITY[""EPSG"",""9122""]],AUTHORITY[""EPSG"",""4326""]]","{""coordinates"": [143.832886822, -37.5564923625], ""type"": ""Point""}","-37.5564923625, 143.832886822"
Lake Wendouree,00320606,LLP2023,PF-Path Lights,OS-State,Lake Wendouree Reser,,"GEOGCS[""WGS 84"",DATUM[""WGS_1984"",SPHEROID[""WGS 84"",6378137,298.257223563,AUTHORITY[""EPSG"",""7030""]],AUTHORITY[""EPSG"",""6326""]],PRIMEM[""Greenwich"",0,AUTHORITY[""EPSG"",""8901""]],UNIT[""degree"",0.0174532925199433,AUTHORITY[""EPSG"",""9122""]],AUTHORITY[""EPSG"",""4326""]]","{""coordinates"": [143.8317139452, -37.5562082627], ""type"": ""Point""}","-37.5562082627, 143.8317139452"
Lake Wendouree,00320609,LLP2023,PF-Path Lights,OS-State,Lake Wendouree Reser,,"GEOGCS[""WGS 84"",DATUM[""WGS_1984"",SPHEROID[""WGS 84"",6378137,298.257223563,AUTHORITY[""EPSG"",""7030""]],AUTHORITY[""EPSG"",""6326""]],PRIMEM[""Greenwich"",0,AUTHORITY[""EPSG"",""8901""]],UNIT[""degree"",0.0174532925199433,AUTHORITY[""EPSG"",""9122""]],AUTHORITY[""EPSG"",""4326""]]","{""coordinates"": [143.8309184662, -37.5559680585], ""type"": ""Point""}","-37.5559680585, 143.8309184662"
Lake Wendouree,00320611,LLP2023,PF-Path Lights,OS-State,Lake Wendouree Reser,,"GEOGCS[""WGS 84"",DATUM[""WGS_1984"",SPHEROID[""WGS 84"",6378137,298.257223563,AUTHORITY[""EPSG"",""7030""]],AUTHORITY[""EPSG"",""6326""]],PRIMEM[""Greenwich"",0,AUTHORITY[""EPSG"",""8901""]],UNIT[""degree"",0.0174532925199433,AUTHORITY[""EPSG"",""9122""]],AUTHORITY[""EPSG"",""4326""]]","{""coordinates"": [143.8302982756, -37.5559131243], ""type"": ""Point""}","-37.5559131243, 143.8302982756"
Lake Wendouree,00320614,LLP2023,PF-Path Lights,OS-State,Lake Wendouree Reser,,"GEOGCS[""WGS 84"",DATUM[""WGS_1984"",SPHEROID[""WGS 84"",6378137,298.257223563,AUTHORITY[""EPSG"",""7030""]],AUTHORITY[""EPSG"",""6326""]],PRIMEM[""Greenwich"",0,AUTHORITY[""EPSG"",""8901""]],UNIT[""degree"",0.0174532925199433,AUTHORITY[""EPSG"",""9122""]],AUTHORITY[""EPSG"",""4326""]]","{""coordinates"": [143.8296053253, -37.5561237053], ""type"": ""Point""}","-37.5561237053, 143.8296053253"
Lake Wendouree,00320618,LLP2023,PF-Path Lights,OS-State,Lake Wendouree Reser,,"GEOGCS[""WGS 84"",DATUM[""WGS_1984"",SPHEROID[""WGS 84"",6378137,298.257223563,AUTHORITY[""EPSG"",""7030""]],AUTHORITY[""EPSG"",""6326""]],PRIMEM[""Greenwich"",0,AUTHORITY[""EPSG"",""8901""]],UNIT[""degree"",0.0174532925199433,AUTHORITY[""EPSG"",""9122""]],AUTHORITY[""EPSG"",""4326""]]","{""coordinates"": [143.8286120964, -37.5566089549], ""type"": ""Point""}","-37.5566089549, 143.8286120964"
Lake Wendouree,00320620,LLP2023,PF-Path Lights,OS-State,Lake Wendouree Reser,,"GEOGCS[""WGS 84"",DATUM[""WGS_1984"",SPHEROID[""WGS 84"",6378137,298.257223563,AUTHORITY[""EPSG"",""7030""]],AUTHORITY[""EPSG"",""6326""]],PRIMEM[""Greenwich"",0,AUTHORITY[""EPSG"",""8901""]],UNIT[""degree"",0.0174532925199433,AUTHORITY[""EPSG"",""9122""]],AUTHORITY[""EPSG"",""4326""]]","{""coordinates"": [143.8281050878, -37.5566871372], ""type"": ""Point""}","-37.5566871372, 143.8281050878"
Lake Wendouree,00320624,LLP2023,PF-Path Lights,OS-State,Lake Wendouree Reser,,"GEOGCS[""WGS 84"",DATUM[""WGS_1984"",SPHEROID[""WGS 84"",6378137,298.257223563,AUTHORITY[""EPSG"",""7030""]],AUTHORITY[""EPSG"",""6326""]],PRIMEM[""Greenwich"",0,AUTHORITY[""EPSG"",""8901""]],UNIT[""degree"",0.0174532925199433,AUTHORITY[""EPSG"",""9122""]],AUTHORITY[""EPSG"",""4326""]]","{""coordinates"": [143.8270622731, -37.5566116761], ""type"": ""Point""}","-37.5566116761, 143.8270622731"
Lake Wendouree,00320625,LLP2023,PF-Path Lights,OS-State,Lake Wendouree Reser,,"GEOGCS[""WGS 84"",DATUM[""WGS_1984"",SPHEROID[""WGS 84"",6378137,298.257223563,AUTHORITY[""EPSG"",""7030""]],AUTHORITY[""EPSG"",""6326""]],PRIMEM[""Greenwich"",0,AUTHORITY[""EPSG"",""8901""]],UNIT[""degree"",0.0174532925199433,AUTHORITY[""EPSG"",""9122""]],AUTHORITY[""EPSG"",""4326""]]","{""coordinates"": [143.8268131455, -37.5565317569], ""type"": ""Point""}","-37.5565317569, 143.8268131455"
Lake Wendouree,00320628,LLP2023,PF-Path Lights,OS-State,Lake Wendouree Reser,,"GEOGCS[""WGS 84"",DATUM[""WGS_1984"",SPHEROID[""WGS 84"",6378137,298.257223563,AUTHORITY[""EPSG"",""7030""]],AUTHORITY[""EPSG"",""6326""]],PRIMEM[""Greenwich"",0,AUTHORITY[""EPSG"",""8901""]],UNIT[""degree"",0.0174532925199433,AUTHORITY[""EPSG"",""9122""]],AUTHORITY[""EPSG"",""4326""]]","{""coordinates"": [143.8261066546, -37.5563475958], ""type"": ""Point""}","-37.5563475958, 143.8261066546"
Lake Wendouree,00320631,LLP2023,PF-Path Lights,OS-State,Lake Wendouree Reser,,"GEOGCS[""WGS 84"",DATUM[""WGS_1984"",SPHEROID[""WGS 84"",6378137,298.257223563,AUTHORITY[""EPSG"",""7030""]],AUTHORITY[""EPSG"",""6326""]],PRIMEM[""Greenwich"",0,AUTHORITY[""EPSG"",""8901""]],UNIT[""degree"",0.0174532925199433,AUTHORITY[""EPSG"",""9122""]],AUTHORITY[""EPSG"",""4326""]]","{""coordinates"": [143.8252962051, -37.5561784812], ""type"": ""Point""}","-37.5561784812, 143.8252962051"
Lake Wendouree,00321677,LLP2023,PF-Path Lights,OS-State,Lake Wendouree Reser,,"GEOGCS[""WGS 84"",DATUM[""WGS_1984"",SPHEROID[""WGS 84"",6378137,298.257223563,AUTHORITY[""EPSG"",""7030""]],AUTHORITY[""EPSG"",""6326""]],PRIMEM[""Greenwich"",0,AUTHORITY[""EPSG"",""8901""]],UNIT[""degree"",0.0174532925199433,AUTHORITY[""EPSG"",""9122""]],AUTHORITY[""EPSG"",""4326""]]","{""coordinates"": [143.8250282407, -37.556114867], ""type"": ""Point""}","-37.556114867, 143.8250282407"
Lake Wendouree,00321679,LLP2023,PF-Path Lights,OS-State,Lake Wendouree Reser,,"GEOGCS[""WGS 84"",DATUM[""WGS_1984"",SPHEROID[""WGS 84"",6378137,298.257223563,AUTHORITY[""EPSG"",""7030""]],AUTHORITY[""EPSG"",""6326""]],PRIMEM[""Greenwich"",0,AUTHORITY[""EPSG"",""8901""]],UNIT[""degree"",0.0174532925199433,AUTHORITY[""EPSG"",""9122""]],AUTHORITY[""EPSG"",""4326""]]","{""coordinates"": [143.8244917989, -37.5559957919], ""type"": ""Point""}","-37.5559957919, 143.8244917989"
Lake Wendouree,00321685,LLP2023,PF-Path Lights,OS-State,Lake Wendouree Reser,,"GEOGCS[""WGS 84"",DATUM[""WGS_1984"",SPHEROID[""WGS 84"",6378137,298.257223563,AUTHORITY[""EPSG"",""7030""]],AUTHORITY[""EPSG"",""6326""]],PRIMEM[""Greenwich"",0,AUTHORITY[""EPSG"",""8901""]],UNIT[""degree"",0.0174532925199433,AUTHORITY[""EPSG"",""9122""]],AUTHORITY[""EPSG"",""4326""]]","{""coordinates"": [143.8229979767, -37.5553597202], ""type"": ""Point""}","-37.5553597202, 143.8229979767"
Lake Wendouree,00321687,LLP2023,PF-Path Lights,OS-State,Lake Wendouree Reser,,"GEOGCS[""WGS 84"",DATUM[""WGS_1984"",SPHEROID[""WGS 84"",6378137,298.257223563,AUTHORITY[""EPSG"",""7030""]],AUTHORITY[""EPSG"",""6326""]],PRIMEM[""Greenwich"",0,AUTHORITY[""EPSG"",""8901""]],UNIT[""degree"",0.0174532925199433,AUTHORITY[""EPSG"",""9122""]],AUTHORITY[""EPSG"",""4326""]]","{""coordinates"": [143.8226269402, -37.5550099844], ""type"": ""Point""}","-37.5550099844, 143.8226269402"
Lake Wendouree,00321728,LLP2023,PF-Path Lights,OS-State,Lake Wendouree Reser,,"GEOGCS[""WGS 84"",DATUM[""WGS_1984"",SPHEROID[""WGS 84"",6378137,298.257223563,AUTHORITY[""EPSG"",""7030""]],AUTHORITY[""EPSG"",""6326""]],PRIMEM[""Greenwich"",0,AUTHORITY[""EPSG"",""8901""]],UNIT[""degree"",0.0174532925199433,AUTHORITY[""EPSG"",""9122""]],AUTHORITY[""EPSG"",""4326""]]","{""coordinates"": [143.8225115934, -37.5544003357], ""type"": ""Point""}","-37.5544003357, 143.8225115934"
Lake Wendouree,00321729,LLP2023,PF-Path Lights,OS-State,Lake Wendouree Reser,,"GEOGCS[""WGS 84"",DATUM[""WGS_1984"",SPHEROID[""WGS 84"",6378137,298.257223563,AUTHORITY[""EPSG"",""7030""]],AUTHORITY[""EPSG"",""6326""]],PRIMEM[""Greenwich"",0,AUTHORITY[""EPSG"",""8901""]],UNIT[""degree"",0.0174532925199433,AUTHORITY[""EPSG"",""9122""]],AUTHORITY[""EPSG"",""4326""]]","{""coordinates"": [143.8225608461, -37.5540714095], ""type"": ""Point""}","-37.5540714095, 143.8225608461"
Lake Wendouree,00321734,LLP2023,PF-Path Lights,OS-State,Lake Wendouree Reser,,"GEOGCS[""WGS 84"",DATUM[""WGS_1984"",SPHEROID[""WGS 84"",6378137,298.257223563,AUTHORITY[""EPSG"",""7030""]],AUTHORITY[""EPSG"",""6326""]],PRIMEM[""Greenwich"",0,AUTHORITY[""EPSG"",""8901""]],UNIT[""degree"",0.0174532925199433,AUTHORITY[""EPSG"",""9122""]],AUTHORITY[""EPSG"",""4326""]]","{""coordinates"": [143.8225784163, -37.5528624654], ""type"": ""Point""}","-37.5528624654, 143.8225784163"
Lake Wendouree,00321737,LLP2023,PF-Path Lights,OS-State,Lake Wendouree Reser,,"GEOGCS[""WGS 84"",DATUM[""WGS_1984"",SPHEROID[""WGS 84"",6378137,298.257223563,AUTHORITY[""EPSG"",""7030""]],AUTHORITY[""EPSG"",""6326""]],PRIMEM[""Greenwich"",0,AUTHORITY[""EPSG"",""8901""]],UNIT[""degree"",0.0174532925199433,AUTHORITY[""EPSG"",""9122""]],AUTHORITY[""EPSG"",""4326""]]","{""coordinates"": [143.8226587017, -37.5521633156], ""type"": ""Point""}","-37.5521633156, 143.8226587017"
Lake Wendouree,00321747,LLP2023,PF-Path Lights,OS-State,Lake Wendouree Reser,,"GEOGCS[""WGS 84"",DATUM[""WGS_1984"",SPHEROID[""WGS 84"",6378137,298.257223563,AUTHORITY[""EPSG"",""7030""]],AUTHORITY[""EPSG"",""6326""]],PRIMEM[""Greenwich"",0,AUTHORITY[""EPSG"",""8901""]],UNIT[""degree"",0.0174532925199433,AUTHORITY[""EPSG"",""9122""]],AUTHORITY[""EPSG"",""4326""]]","{""coordinates"": [143.822241366, -37.5500674394], ""type"": ""Point""}","-37.5500674394, 143.822241366"
Lake Wendouree,00321749,LLP2023,PF-Path Lights,OS-State,Lake Wendouree Reser,,"GEOGCS[""WGS 84"",DATUM[""WGS_1984"",SPHEROID[""WGS 84"",6378137,298.257223563,AUTHORITY[""EPSG"",""7030""]],AUTHORITY[""EPSG"",""6326""]],PRIMEM[""Greenwich"",0,AUTHORITY[""EPSG"",""8901""]],UNIT[""degree"",0.0174532925199433,AUTHORITY[""EPSG"",""9122""]],AUTHORITY[""EPSG"",""4326""]]","{""coordinates"": [143.8222420027, -37.5496383511], ""type"": ""Point""}","-37.5496383511, 143.8222420027"
Lake Wendouree,00321750,LLP2023,PF-Path Lights,OS-State,Lake Wendouree Reser,,"GEOGCS[""WGS 84"",DATUM[""WGS_1984"",SPHEROID[""WGS 84"",6378137,298.257223563,AUTHORITY[""EPSG"",""7030""]],AUTHORITY[""EPSG"",""6326""]],PRIMEM[""Greenwich"",0,AUTHORITY[""EPSG"",""8901""]],UNIT[""degree"",0.0174532925199433,AUTHORITY[""EPSG"",""9122""]],AUTHORITY[""EPSG"",""4326""]]","{""coordinates"": [143.8222708026, -37.5493415176], ""type"": ""Point""}","-37.5493415176, 143.8222708026"
Lake Wendouree,00321752,LLP2023,PF-Path Lights,OS-State,Lake Wendouree Reser,,"GEOGCS[""WGS 84"",DATUM[""WGS_1984"",SPHEROID[""WGS 84"",6378137,298.257223563,AUTHORITY[""EPSG"",""7030""]],AUTHORITY[""EPSG"",""6326""]],PRIMEM[""Greenwich"",0,AUTHORITY[""EPSG"",""8901""]],UNIT[""degree"",0.0174532925199433,AUTHORITY[""EPSG"",""9122""]],AUTHORITY[""EPSG"",""4326""]]","{""coordinates"": [143.822459272, -37.5489223977], ""type"": ""Point""}","-37.5489223977, 143.822459272"
Lake Wendouree,00321756,LLP2023,PF-Path Lights,OS-State,Lake Wendouree Reser,,"GEOGCS[""WGS 84"",DATUM[""WGS_1984"",SPHEROID[""WGS 84"",6378137,298.257223563,AUTHORITY[""EPSG"",""7030""]],AUTHORITY[""EPSG"",""6326""]],PRIMEM[""Greenwich"",0,AUTHORITY[""EPSG"",""8901""]],UNIT[""degree"",0.0174532925199433,AUTHORITY[""EPSG"",""9122""]],AUTHORITY[""EPSG"",""4326""]]","{""coordinates"": [143.8227039392, -37.5479436405], ""type"": ""Point""}","-37.5479436405, 143.8227039392"
Lake Wendouree,00321759,LLP2023,PF-Path Lights,OS-State,Lake Wendouree Reser,,"GEOGCS[""WGS 84"",DATUM[""WGS_1984"",SPHEROID[""WGS 84"",6378137,298.257223563,AUTHORITY[""EPSG"",""7030""]],AUTHORITY[""EPSG"",""6326""]],PRIMEM[""Greenwich"",0,AUTHORITY[""EPSG"",""8901""]],UNIT[""degree"",0.0174532925199433,AUTHORITY[""EPSG"",""9122""]],AUTHORITY[""EPSG"",""4326""]]","{""coordinates"": [143.822819556, -37.5472733921], ""type"": ""Point""}","-37.5472733921, 143.822819556"
Lake Wendouree,00321761,LLP2023,PF-Path Lights,OS-State,Lake Wendouree Reser,,"GEOGCS[""WGS 84"",DATUM[""WGS_1984"",SPHEROID[""WGS 84"",6378137,298.257223563,AUTHORITY[""EPSG"",""7030""]],AUTHORITY[""EPSG"",""6326""]],PRIMEM[""Greenwich"",0,AUTHORITY[""EPSG"",""8901""]],UNIT[""degree"",0.0174532925199433,AUTHORITY[""EPSG"",""9122""]],AUTHORITY[""EPSG"",""4326""]]","{""coordinates"": [143.8229784541, -37.5467647573], ""type"": ""Point""}","-37.5467647573, 143.8229784541"
Lake Wendouree,00321762,LLP2023,PF-Path Lights,OS-State,Lake Wendouree Reser,,"GEOGCS[""WGS 84"",DATUM[""WGS_1984"",SPHEROID[""WGS 84"",6378137,298.257223563,AUTHORITY[""EPSG"",""7030""]],AUTHORITY[""EPSG"",""6326""]],PRIMEM[""Greenwich"",0,AUTHORITY[""EPSG"",""8901""]],UNIT[""degree"",0.0174532925199433,AUTHORITY[""EPSG"",""9122""]],AUTHORITY[""EPSG"",""4326""]]","{""coordinates"": [143.8230147922, -37.5465035102], ""type"": ""Point""}","-37.5465035102, 143.8230147922"
Lake Wendouree,00321764,LLP2023,PF-Path Lights,OS-State,Lake Wendouree Reser,,"GEOGCS[""WGS 84"",DATUM[""WGS_1984"",SPHEROID[""WGS 84"",6378137,298.257223563,AUTHORITY[""EPSG"",""7030""]],AUTHORITY[""EPSG"",""6326""]],PRIMEM[""Greenwich"",0,AUTHORITY[""EPSG"",""8901""]],UNIT[""degree"",0.0174532925199433,AUTHORITY[""EPSG"",""9122""]],AUTHORITY[""EPSG"",""4326""]]","{""coordinates"": [143.8232013813, -37.5460747451], ""type"": ""Point""}","-37.5460747451, 143.8232013813"
Lake Wendouree,00321766,LLP2023,PF-Path Lights,OS-State,Lake Wendouree Reser,,"GEOGCS[""WGS 84"",DATUM[""WGS_1984"",SPHEROID[""WGS 84"",6378137,298.257223563,AUTHORITY[""EPSG"",""7030""]],AUTHORITY[""EPSG"",""6326""]],PRIMEM[""Greenwich"",0,AUTHORITY[""EPSG"",""8901""]],UNIT[""degree"",0.0174532925199433,AUTHORITY[""EPSG"",""9122""]],AUTHORITY[""EPSG"",""4326""]]","{""coordinates"": [143.8232735798, -37.5459302796], ""type"": ""Point""}","-37.5459302796, 143.8232735798"
Lake Wendouree,00321769,LLP2023,PF-Path Lights,OS-State,Lake Wendouree Reser,,"GEOGCS[""WGS 84"",DATUM[""WGS_1984"",SPHEROID[""WGS 84"",6378137,298.257223563,AUTHORITY[""EPSG"",""7030""]],AUTHORITY[""EPSG"",""6326""]],PRIMEM[""Greenwich"",0,AUTHORITY[""EPSG"",""8901""]],UNIT[""degree"",0.0174532925199433,AUTHORITY[""EPSG"",""9122""]],AUTHORITY[""EPSG"",""4326""]]","{""coordinates"": [143.8234051751, -37.5456803491], ""type"": ""Point""}","-37.5456803491, 143.8234051751"
Lake Wendouree,00321770,LLP2023,PF-Path Lights,OS-State,Lake Wendouree Reser,,"GEOGCS[""WGS 84"",DATUM[""WGS_1984"",SPHEROID[""WGS 84"",6378137,298.257223563,AUTHORITY[""EPSG"",""7030""]],AUTHORITY[""EPSG"",""6326""]],PRIMEM[""Greenwich"",0,AUTHORITY[""EPSG"",""8901""]],UNIT[""degree"",0.0174532925199433,AUTHORITY[""EPSG"",""9122""]],AUTHORITY[""EPSG"",""4326""]]","{""coordinates"": [143.8235318083, -37.5455025154], ""type"": ""Point""}","-37.5455025154, 143.8235318083"
Lake Wendouree,00321772,LLP2023,PF-Path Lights,OS-State,Lake Wendouree Reser,,"GEOGCS[""WGS 84"",DATUM[""WGS_1984"",SPHEROID[""WGS 84"",6378137,298.257223563,AUTHORITY[""EPSG"",""7030""]],AUTHORITY[""EPSG"",""6326""]],PRIMEM[""Greenwich"",0,AUTHORITY[""EPSG"",""8901""]],UNIT[""degree"",0.0174532925199433,AUTHORITY[""EPSG"",""9122""]],AUTHORITY[""EPSG"",""4326""]]","{""coordinates"": [143.8237092447, -37.545371475], ""type"": ""Point""}","-37.545371475, 143.8237092447"
Lake Wendouree,00323244,S/E Corner City Oval Netball Court Light Tower 2,PF-Sports Ground Lig,OS-Regional,City Oval,,"GEOGCS[""WGS 84"",DATUM[""WGS_1984"",SPHEROID[""WGS 84"",6378137,298.257223563,AUTHORITY[""EPSG"",""7030""]],AUTHORITY[""EPSG"",""6326""]],PRIMEM[""Greenwich"",0,AUTHORITY[""EPSG"",""8901""]],UNIT[""degree"",0.0174532925199433,AUTHORITY[""EPSG"",""9122""]],AUTHORITY[""EPSG"",""4326""]]","{""coordinates"": [143.8370442, -37.55719602], ""type"": ""Point""}","-37.55719602, 143.8370442"
Redan,00324585,Trekado Park Sports Flood Lighting Senior Pitch SP,PF-Sports Ground Lig,OS-District,Trekardo Park,,"GEOGCS[""WGS 84"",DATUM[""WGS_1984"",SPHEROID[""WGS 84"",6378137,298.257223563,AUTHORITY[""EPSG"",""7030""]],AUTHORITY[""EPSG"",""6326""]],PRIMEM[""Greenwich"",0,AUTHORITY[""EPSG"",""8901""]],UNIT[""degree"",0.0174532925199433,AUTHORITY[""EPSG"",""9122""]],AUTHORITY[""EPSG"",""4326""]]","{""coordinates"": [143.83703808, -37.57236291], ""type"": ""Point""}","-37.57236291, 143.83703808"
Newington,00324627,Victoria Park Oval 4 Sport Lighting Pole No. 1,PF-Sports Ground Lig,OS-Regional,Victoria Park,,"GEOGCS[""WGS 84"",DATUM[""WGS_1984"",SPHEROID[""WGS 84"",6378137,298.257223563,AUTHORITY[""EPSG"",""7030""]],AUTHORITY[""EPSG"",""6326""]],PRIMEM[""Greenwich"",0,AUTHORITY[""EPSG"",""8901""]],UNIT[""degree"",0.0174532925199433,AUTHORITY[""EPSG"",""9122""]],AUTHORITY[""EPSG"",""4326""]]","{""coordinates"": [143.8213095, -37.56089115], ""type"": ""Point""}","-37.56089115, 143.8213095"
Newington,00324632,Victoria Park Oval 4 Sport Lighting Pole No. 5,PF-Sports Ground Lig,OS-Regional,Victoria Park,,"GEOGCS[""WGS 84"",DATUM[""WGS_1984"",SPHEROID[""WGS 84"",6378137,298.257223563,AUTHORITY[""EPSG"",""7030""]],AUTHORITY[""EPSG"",""6326""]],PRIMEM[""Greenwich"",0,AUTHORITY[""EPSG"",""8901""]],UNIT[""degree"",0.0174532925199433,AUTHORITY[""EPSG"",""9122""]],AUTHORITY[""EPSG"",""4326""]]","{""coordinates"": [143.82051228, -37.56061638], ""type"": ""Point""}","-37.56061638, 143.82051228"
Newington,00324633,Victoria Park Oval 4 Sport Lighting Pole No. 6,PF-Sports Ground Lig,OS-Regional,Victoria Park,,"GEOGCS[""WGS 84"",DATUM[""WGS_1984"",SPHEROID[""WGS 84"",6378137,298.257223563,AUTHORITY[""EPSG"",""7030""]],AUTHORITY[""EPSG"",""6326""]],PRIMEM[""Greenwich"",0,AUTHORITY[""EPSG"",""8901""]],UNIT[""degree"",0.0174532925199433,AUTHORITY[""EPSG"",""9122""]],AUTHORITY[""EPSG"",""4326""]]","{""coordinates"": [143.8201503, -37.56182454], ""type"": ""Point""}","-37.56182454, 143.8201503"
Wendouree,00324712,Northern Oval Netball Court Sports Flood Light (LP,PF-Sports Ground Lig,OS-Regional,Northern Oval Reserv,,"GEOGCS[""WGS 84"",DATUM[""WGS_1984"",SPHEROID[""WGS 84"",6378137,298.257223563,AUTHORITY[""EPSG"",""7030""]],AUTHORITY[""EPSG"",""6326""]],PRIMEM[""Greenwich"",0,AUTHORITY[""EPSG"",""8901""]],UNIT[""degree"",0.0174532925199433,AUTHORITY[""EPSG"",""9122""]],AUTHORITY[""EPSG"",""4326""]]","{""coordinates"": [143.84749554, -37.53748197], ""type"": ""Point""}","-37.53748197, 143.84749554"
Wendouree,00324758,Wendouree West Recreation Reserve Sports Floodligh,PF-Sports Ground Lig,OS-District,Wendouree West Recre,,"GEOGCS[""WGS 84"",DATUM[""WGS_1984"",SPHEROID[""WGS 84"",6378137,298.257223563,AUTHORITY[""EPSG"",""7030""]],AUTHORITY[""EPSG"",""6326""]],PRIMEM[""Greenwich"",0,AUTHORITY[""EPSG"",""8901""]],UNIT[""degree"",0.0174532925199433,AUTHORITY[""EPSG"",""9122""]],AUTHORITY[""EPSG"",""4326""]]","{""coordinates"": [143.81872542, -37.52551449], ""type"": ""Point""}","-37.52551449, 143.81872542"
Wendouree,00324759,Wendouree West Recreation Reserve Sports Floodligh,PF-Sports Ground Lig,OS-District,Wendouree West Recre,,"GEOGCS[""WGS 84"",DATUM[""WGS_1984"",SPHEROID[""WGS 84"",6378137,298.257223563,AUTHORITY[""EPSG"",""7030""]],AUTHORITY[""EPSG"",""6326""]],PRIMEM[""Greenwich"",0,AUTHORITY[""EPSG"",""8901""]],UNIT[""degree"",0.0174532925199433,AUTHORITY[""EPSG"",""9122""]],AUTHORITY[""EPSG"",""4326""]]","{""coordinates"": [143.81852364, -37.5244848], ""type"": ""Point""}","-37.5244848, 143.81852364"
Lake Wendouree,00324858,LLP2023,PF-Path Lights,OS-State,Lake Wendouree Reser,,"GEOGCS[""WGS 84"",DATUM[""WGS_1984"",SPHEROID[""WGS 84"",6378137,298.257223563,AUTHORITY[""EPSG"",""7030""]],AUTHORITY[""EPSG"",""6326""]],PRIMEM[""Greenwich"",0,AUTHORITY[""EPSG"",""8901""]],UNIT[""degree"",0.0174532925199433,AUTHORITY[""EPSG"",""9122""]],AUTHORITY[""EPSG"",""4326""]]","{""coordinates"": [143.8304392224, -37.5435097692], ""type"": ""Point""}","-37.5435097692, 143.8304392224"
Lake Wendouree,00324860,LLP2023,PF-Path Lights,OS-State,Lake Wendouree Reser,,"GEOGCS[""WGS 84"",DATUM[""WGS_1984"",SPHEROID[""WGS 84"",6378137,298.257223563,AUTHORITY[""EPSG"",""7030""]],AUTHORITY[""EPSG"",""6326""]],PRIMEM[""Greenwich"",0,AUTHORITY[""EPSG"",""8901""]],UNIT[""degree"",0.0174532925199433,AUTHORITY[""EPSG"",""9122""]],AUTHORITY[""EPSG"",""4326""]]","{""coordinates"": [143.8300961203, -37.5435176733], ""type"": ""Point""}","-37.5435176733, 143.8300961203"
Lake Wendouree,00324865,LLP2023,PF-Path Lights,OS-State,Lake Wendouree Reser,,"GEOGCS[""WGS 84"",DATUM[""WGS_1984"",SPHEROID[""WGS 84"",6378137,298.257223563,AUTHORITY[""EPSG"",""7030""]],AUTHORITY[""EPSG"",""6326""]],PRIMEM[""Greenwich"",0,AUTHORITY[""EPSG"",""8901""]],UNIT[""degree"",0.0174532925199433,AUTHORITY[""EPSG"",""9122""]],AUTHORITY[""EPSG"",""4326""]]","{""coordinates"": [143.8287791013, -37.5435978286], ""type"": ""Point""}","-37.5435978286, 143.8287791013"
Lake Wendouree,00324866,LLP2023,PF-Path Lights,OS-State,Lake Wendouree Reser,,"GEOGCS[""WGS 84"",DATUM[""WGS_1984"",SPHEROID[""WGS 84"",6378137,298.257223563,AUTHORITY[""EPSG"",""7030""]],AUTHORITY[""EPSG"",""6326""]],PRIMEM[""Greenwich"",0,AUTHORITY[""EPSG"",""8901""]],UNIT[""degree"",0.0174532925199433,AUTHORITY[""EPSG"",""9122""]],AUTHORITY[""EPSG"",""4326""]]","{""coordinates"": [143.8284062034, -37.5436397345], ""type"": ""Point""}","-37.5436397345, 143.8284062034"
Lake Wendouree,00324872,LLP2023,PF-Path Lights,OS-State,Lake Wendouree Reser,,"GEOGCS[""WGS 84"",DATUM[""WGS_1984"",SPHEROID[""WGS 84"",6378137,298.257223563,AUTHORITY[""EPSG"",""7030""]],AUTHORITY[""EPSG"",""6326""]],PRIMEM[""Greenwich"",0,AUTHORITY[""EPSG"",""8901""]],UNIT[""degree"",0.0174532925199433,AUTHORITY[""EPSG"",""9122""]],AUTHORITY[""EPSG"",""4326""]]","{""coordinates"": [143.8265147691, -37.5440868238], ""type"": ""Point""}","-37.5440868238, 143.8265147691"
Lake Wendouree,00324873,LLP2023,PF-Path Lights,OS-State,Lake Wendouree Reser,,"GEOGCS[""WGS 84"",DATUM[""WGS_1984"",SPHEROID[""WGS 84"",6378137,298.257223563,AUTHORITY[""EPSG"",""7030""]],AUTHORITY[""EPSG"",""6326""]],PRIMEM[""Greenwich"",0,AUTHORITY[""EPSG"",""8901""]],UNIT[""degree"",0.0174532925199433,AUTHORITY[""EPSG"",""9122""]],AUTHORITY[""EPSG"",""4326""]]","{""coordinates"": [143.8263212874, -37.5441235978], ""type"": ""Point""}","-37.5441235978, 143.8263212874"
Lake Wendouree,00324875,LLP2023,PF-Path Lights,OS-State,Lake Wendouree Reser,,"GEOGCS[""WGS 84"",DATUM[""WGS_1984"",SPHEROID[""WGS 84"",6378137,298.257223563,AUTHORITY[""EPSG"",""7030""]],AUTHORITY[""EPSG"",""6326""]],PRIMEM[""Greenwich"",0,AUTHORITY[""EPSG"",""8901""]],UNIT[""degree"",0.0174532925199433,AUTHORITY[""EPSG"",""9122""]],AUTHORITY[""EPSG"",""4326""]]","{""coordinates"": [143.8256314172, -37.5443809528], ""type"": ""Point""}","-37.5443809528, 143.8256314172"
Lake Wendouree,00324876,LLP2023,PF-Path Lights,OS-State,Lake Wendouree Reser,,"GEOGCS[""WGS 84"",DATUM[""WGS_1984"",SPHEROID[""WGS 84"",6378137,298.257223563,AUTHORITY[""EPSG"",""7030""]],AUTHORITY[""EPSG"",""6326""]],PRIMEM[""Greenwich"",0,AUTHORITY[""EPSG"",""8901""]],UNIT[""degree"",0.0174532925199433,AUTHORITY[""EPSG"",""9122""]],AUTHORITY[""EPSG"",""4326""]]","{""coordinates"": [143.8252962759, -37.5445130739], ""type"": ""Point""}","-37.5445130739, 143.8252962759"
Lake Wendouree,00324879,LLP2023,PF-Path Lights,OS-State,Lake Wendouree Reser,,"GEOGCS[""WGS 84"",DATUM[""WGS_1984"",SPHEROID[""WGS 84"",6378137,298.257223563,AUTHORITY[""EPSG"",""7030""]],AUTHORITY[""EPSG"",""6326""]],PRIMEM[""Greenwich"",0,AUTHORITY[""EPSG"",""8901""]],UNIT[""degree"",0.0174532925199433,AUTHORITY[""EPSG"",""9122""]],AUTHORITY[""EPSG"",""4326""]]","{""coordinates"": [143.8249601095, -37.5446105872], ""type"": ""Point""}","-37.5446105872, 143.8249601095"
Lake Wendouree,00324881,LLP2023,PF-Path Lights,OS-State,Lake Wendouree Reser,,"GEOGCS[""WGS 84"",DATUM[""WGS_1984"",SPHEROID[""WGS 84"",6378137,298.257223563,AUTHORITY[""EPSG"",""7030""]],AUTHORITY[""EPSG"",""6326""]],PRIMEM[""Greenwich"",0,AUTHORITY[""EPSG"",""8901""]],UNIT[""degree"",0.0174532925199433,AUTHORITY[""EPSG"",""9122""]],AUTHORITY[""EPSG"",""4326""]]","{""coordinates"": [143.8242032153, -37.5450159204], ""type"": ""Point""}","-37.5450159204, 143.8242032153"
Lake Wendouree,00324884,LLP2023 Morrison Street,PF-Path Lights,R-Primary Access Roa,Morrison Street,,"GEOGCS[""WGS 84"",DATUM[""WGS_1984"",SPHEROID[""WGS 84"",6378137,298.257223563,AUTHORITY[""EPSG"",""7030""]],AUTHORITY[""EPSG"",""6326""]],PRIMEM[""Greenwich"",0,AUTHORITY[""EPSG"",""8901""]],UNIT[""degree"",0.0174532925199433,AUTHORITY[""EPSG"",""9122""]],AUTHORITY[""EPSG"",""4326""]]","{""coordinates"": [143.8248590648, -37.5573423923], ""type"": ""Point""}","-37.5573423923, 143.8248590648"
Lake Wendouree,00324886,LLP2023 Morrison Street,PF-Path Lights,R-Primary Access Roa,Morrison Street,,"GEOGCS[""WGS 84"",DATUM[""WGS_1984"",SPHEROID[""WGS 84"",6378137,298.257223563,AUTHORITY[""EPSG"",""7030""]],AUTHORITY[""EPSG"",""6326""]],PRIMEM[""Greenwich"",0,AUTHORITY[""EPSG"",""8901""]],UNIT[""degree"",0.0174532925199433,AUTHORITY[""EPSG"",""9122""]],AUTHORITY[""EPSG"",""4326""]]","{""coordinates"": [143.8249217207, -37.5569467386], ""type"": ""Point""}","-37.5569467386, 143.8249217207"
Lake Wendouree,00324887,LLP2023 Morrison Street,PF-Path Lights,R-Primary Access Roa,Morrison Street,,"GEOGCS[""WGS 84"",DATUM[""WGS_1984"",SPHEROID[""WGS 84"",6378137,298.257223563,AUTHORITY[""EPSG"",""7030""]],AUTHORITY[""EPSG"",""6326""]],PRIMEM[""Greenwich"",0,AUTHORITY[""EPSG"",""8901""]],UNIT[""degree"",0.0174532925199433,AUTHORITY[""EPSG"",""9122""]],AUTHORITY[""EPSG"",""4326""]]","{""coordinates"": [143.8249697666, -37.5567529295], ""type"": ""Point""}","-37.5567529295, 143.8249697666"
Lake Wendouree,00324888,LLP2023 Morrison Street,PF-Path Lights,R-Primary Access Roa,Morrison Street,,"GEOGCS[""WGS 84"",DATUM[""WGS_1984"",SPHEROID[""WGS 84"",6378137,298.257223563,AUTHORITY[""EPSG"",""7030""]],AUTHORITY[""EPSG"",""6326""]],PRIMEM[""Greenwich"",0,AUTHORITY[""EPSG"",""8901""]],UNIT[""degree"",0.0174532925199433,AUTHORITY[""EPSG"",""9122""]],AUTHORITY[""EPSG"",""4326""]]","{""coordinates"": [143.8250060817, -37.5565587938], ""type"": ""Point""}","-37.5565587938, 143.8250060817"
Alfredton,00212248,,PF-Path Lights,No Code Allocated,Learmonth Street ser,Bollard Light 2,"GEOGCS[""WGS 84"",DATUM[""WGS_1984"",SPHEROID[""WGS 84"",6378137,298.257223563,AUTHORITY[""EPSG"",""7030""]],AUTHORITY[""EPSG"",""6326""]],PRIMEM[""Greenwich"",0,AUTHORITY[""EPSG"",""8901""]],UNIT[""degree"",0.0174532925199433,AUTHORITY[""EPSG"",""9122""]],AUTHORITY[""EPSG"",""4326""]]","{""coordinates"": [143.813362, -37.553722], ""type"": ""Point""}","-37.553722, 143.813362"
Alfredton,00212250,,PF-Path Lights,No Code Allocated,Learmonth Street ser,Bollard Light 2,"GEOGCS[""WGS 84"",DATUM[""WGS_1984"",SPHEROID[""WGS 84"",6378137,298.257223563,AUTHORITY[""EPSG"",""7030""]],AUTHORITY[""EPSG"",""6326""]],PRIMEM[""Greenwich"",0,AUTHORITY[""EPSG"",""8901""]],UNIT[""degree"",0.0174532925199433,AUTHORITY[""EPSG"",""9122""]],AUTHORITY[""EPSG"",""4326""]]","{""coordinates"": [143.813387, -37.553683], ""type"": ""Point""}","-37.553683, 143.813387"
Alfredton,00212251,,PF-Path Lights,No Code Allocated,Learmonth Street ser,Bollard Light 2,"GEOGCS[""WGS 84"",DATUM[""WGS_1984"",SPHEROID[""WGS 84"",6378137,298.257223563,AUTHORITY[""EPSG"",""7030""]],AUTHORITY[""EPSG"",""6326""]],PRIMEM[""Greenwich"",0,AUTHORITY[""EPSG"",""8901""]],UNIT[""degree"",0.0174532925199433,AUTHORITY[""EPSG"",""9122""]],AUTHORITY[""EPSG"",""4326""]]","{""coordinates"": [143.813413, -37.553643], ""type"": ""Point""}","-37.553643, 143.813413"
Alfredton,00212253,,PF-Path Lights,No Code Allocated,Learmonth Street ser,Bollard Light 2,"GEOGCS[""WGS 84"",DATUM[""WGS_1984"",SPHEROID[""WGS 84"",6378137,298.257223563,AUTHORITY[""EPSG"",""7030""]],AUTHORITY[""EPSG"",""6326""]],PRIMEM[""Greenwich"",0,AUTHORITY[""EPSG"",""8901""]],UNIT[""degree"",0.0174532925199433,AUTHORITY[""EPSG"",""9122""]],AUTHORITY[""EPSG"",""4326""]]","{""coordinates"": [143.813349, -37.553592], ""type"": ""Point""}","-37.553592, 143.813349"
Alfredton,00212255,,PF-Path Lights,No Code Allocated,Learmonth Street ser,Bollard Light 2,"GEOGCS[""WGS 84"",DATUM[""WGS_1984"",SPHEROID[""WGS 84"",6378137,298.257223563,AUTHORITY[""EPSG"",""7030""]],AUTHORITY[""EPSG"",""6326""]],PRIMEM[""Greenwich"",0,AUTHORITY[""EPSG"",""8901""]],UNIT[""degree"",0.0174532925199433,AUTHORITY[""EPSG"",""9122""]],AUTHORITY[""EPSG"",""4326""]]","{""coordinates"": [143.813435, -37.553536], ""type"": ""Point""}","-37.553536, 143.813435"
Alfredton,00212256,,PF-Path Lights,No Code Allocated,Learmonth Street ser,Bollard Light 2,"GEOGCS[""WGS 84"",DATUM[""WGS_1984"",SPHEROID[""WGS 84"",6378137,298.257223563,AUTHORITY[""EPSG"",""7030""]],AUTHORITY[""EPSG"",""6326""]],PRIMEM[""Greenwich"",0,AUTHORITY[""EPSG"",""8901""]],UNIT[""degree"",0.0174532925199433,AUTHORITY[""EPSG"",""9122""]],AUTHORITY[""EPSG"",""4326""]]","{""coordinates"": [143.813287, -37.553645], ""type"": ""Point""}","-37.553645, 143.813287"
Alfredton,00212258,,PF-Path Lights,No Code Allocated,Learmonth Street ser,Bollard Light 2,"GEOGCS[""WGS 84"",DATUM[""WGS_1984"",SPHEROID[""WGS 84"",6378137,298.257223563,AUTHORITY[""EPSG"",""7030""]],AUTHORITY[""EPSG"",""6326""]],PRIMEM[""Greenwich"",0,AUTHORITY[""EPSG"",""8901""]],UNIT[""degree"",0.0174532925199433,AUTHORITY[""EPSG"",""9122""]],AUTHORITY[""EPSG"",""4326""]]","{""coordinates"": [143.813256, -37.553732], ""type"": ""Point""}","-37.553732, 143.813256"
Alfredton,00212274,Alfredton Recreation Reserve,PF-Sports Ground Lig,OS-District,Alfredton Recreation,2 Rounded Square Lig,"GEOGCS[""WGS 84"",DATUM[""WGS_1984"",SPHEROID[""WGS 84"",6378137,298.257223563,AUTHORITY[""EPSG"",""7030""]],AUTHORITY[""EPSG"",""6326""]],PRIMEM[""Greenwich"",0,AUTHORITY[""EPSG"",""8901""]],UNIT[""degree"",0.0174532925199433,AUTHORITY[""EPSG"",""9122""]],AUTHORITY[""EPSG"",""4326""]]","{""coordinates"": [143.7998074637, -37.5564287553], ""type"": ""Point""}","-37.5564287553, 143.7998074637"
Lake Wendouree,00212367,Ballarat Botanical Gardens,PF-Heritage Lighting,OS-Regional,Ballarat Botanical G,Decorative Lantern,"GEOGCS[""WGS 84"",DATUM[""WGS_1984"",SPHEROID[""WGS 84"",6378137,298.257223563,AUTHORITY[""EPSG"",""7030""]],AUTHORITY[""EPSG"",""6326""]],PRIMEM[""Greenwich"",0,AUTHORITY[""EPSG"",""8901""]],UNIT[""degree"",0.0174532925199433,AUTHORITY[""EPSG"",""9122""]],AUTHORITY[""EPSG"",""4326""]]","{""coordinates"": [143.8209459687, -37.5499690459], ""type"": ""Point""}","-37.5499690459, 143.8209459687"
Lake Wendouree,00212370,Ballarat Botanical Gardens,PF-Heritage Lighting,OS-Regional,Ballarat Botanical G,Decorative Lantern,"GEOGCS[""WGS 84"",DATUM[""WGS_1984"",SPHEROID[""WGS 84"",6378137,298.257223563,AUTHORITY[""EPSG"",""7030""]],AUTHORITY[""EPSG"",""6326""]],PRIMEM[""Greenwich"",0,AUTHORITY[""EPSG"",""8901""]],UNIT[""degree"",0.0174532925199433,AUTHORITY[""EPSG"",""9122""]],AUTHORITY[""EPSG"",""4326""]]","{""coordinates"": [143.821015981, -37.5495440425], ""type"": ""Point""}","-37.5495440425, 143.821015981"
Lake Wendouree,00212372,Ballarat Botanical Gardens,PF-Heritage Lighting,OS-Regional,Ballarat Botanical G,Decorative Lantern,"GEOGCS[""WGS 84"",DATUM[""WGS_1984"",SPHEROID[""WGS 84"",6378137,298.257223563,AUTHORITY[""EPSG"",""7030""]],AUTHORITY[""EPSG"",""6326""]],PRIMEM[""Greenwich"",0,AUTHORITY[""EPSG"",""8901""]],UNIT[""degree"",0.0174532925199433,AUTHORITY[""EPSG"",""9122""]],AUTHORITY[""EPSG"",""4326""]]","{""coordinates"": [143.8212024258, -37.548284461], ""type"": ""Point""}","-37.548284461, 143.8212024258"
Lake Wendouree,00212374,Ballarat Botanical Gardens,PF-Heritage Lighting,OS-Regional,Ballarat Botanical G,Decorative Lantern,"GEOGCS[""WGS 84"",DATUM[""WGS_1984"",SPHEROID[""WGS 84"",6378137,298.257223563,AUTHORITY[""EPSG"",""7030""]],AUTHORITY[""EPSG"",""6326""]],PRIMEM[""Greenwich"",0,AUTHORITY[""EPSG"",""8901""]],UNIT[""degree"",0.0174532925199433,AUTHORITY[""EPSG"",""9122""]],AUTHORITY[""EPSG"",""4326""]]","{""coordinates"": [143.8216659569, -37.5484949958], ""type"": ""Point""}","-37.5484949958, 143.8216659569"
Lake Wendouree,00212376,Ballarat Botanical Gardens,PF-Heritage Lighting,OS-Regional,Ballarat Botanical G,Decorative Lantern,"GEOGCS[""WGS 84"",DATUM[""WGS_1984"",SPHEROID[""WGS 84"",6378137,298.257223563,AUTHORITY[""EPSG"",""7030""]],AUTHORITY[""EPSG"",""6326""]],PRIMEM[""Greenwich"",0,AUTHORITY[""EPSG"",""8901""]],UNIT[""degree"",0.0174532925199433,AUTHORITY[""EPSG"",""9122""]],AUTHORITY[""EPSG"",""4326""]]","{""coordinates"": [143.8208650025, -37.5479559554], ""type"": ""Point""}","-37.5479559554, 143.8208650025"
Lake Wendouree,00212378,Ballarat Botanical Gardens,PF-Heritage Lighting,OS-Regional,Ballarat Botanical G,Decorative Lantern,"GEOGCS[""WGS 84"",DATUM[""WGS_1984"",SPHEROID[""WGS 84"",6378137,298.257223563,AUTHORITY[""EPSG"",""7030""]],AUTHORITY[""EPSG"",""6326""]],PRIMEM[""Greenwich"",0,AUTHORITY[""EPSG"",""8901""]],UNIT[""degree"",0.0174532925199433,AUTHORITY[""EPSG"",""9122""]],AUTHORITY[""EPSG"",""4326""]]","{""coordinates"": [143.8210519562, -37.5469399632], ""type"": ""Point""}","-37.5469399632, 143.8210519562"
Lake Wendouree,00212384,Ballarat Botanical Gardens,PF-Pole Lights,OS-Regional,Ballarat Botanical G,Street,"GEOGCS[""WGS 84"",DATUM[""WGS_1984"",SPHEROID[""WGS 84"",6378137,298.257223563,AUTHORITY[""EPSG"",""7030""]],AUTHORITY[""EPSG"",""6326""]],PRIMEM[""Greenwich"",0,AUTHORITY[""EPSG"",""8901""]],UNIT[""degree"",0.0174532925199433,AUTHORITY[""EPSG"",""9122""]],AUTHORITY[""EPSG"",""4326""]]","{""coordinates"": [143.822456052, -37.5471880016], ""type"": ""Point""}","-37.5471880016, 143.822456052"
Lake Wendouree,00212388,Ballarat Botanical Gardens,PF-Heritage Lighting,OS-Regional,Ballarat Botanical G,Decorative Lantern,"GEOGCS[""WGS 84"",DATUM[""WGS_1984"",SPHEROID[""WGS 84"",6378137,298.257223563,AUTHORITY[""EPSG"",""7030""]],AUTHORITY[""EPSG"",""6326""]],PRIMEM[""Greenwich"",0,AUTHORITY[""EPSG"",""8901""]],UNIT[""degree"",0.0174532925199433,AUTHORITY[""EPSG"",""9122""]],AUTHORITY[""EPSG"",""4326""]]","{""coordinates"": [143.822347, -37.546689], ""type"": ""Point""}","-37.546689, 143.822347"
Lake Wendouree,00212391,Ballarat Botanical Gardens,PF-Pole Lights,OS-Regional,Ballarat Botanical G,Street,"GEOGCS[""WGS 84"",DATUM[""WGS_1984"",SPHEROID[""WGS 84"",6378137,298.257223563,AUTHORITY[""EPSG"",""7030""]],AUTHORITY[""EPSG"",""6326""]],PRIMEM[""Greenwich"",0,AUTHORITY[""EPSG"",""8901""]],UNIT[""degree"",0.0174532925199433,AUTHORITY[""EPSG"",""9122""]],AUTHORITY[""EPSG"",""4326""]]","{""coordinates"": [143.8225430122, -37.5468834917], ""type"": ""Point""}","-37.5468834917, 143.8225430122"
Lake Wendouree,00212392,Ballarat Botanical Gardens,PF-Heritage Lighting,OS-Regional,Ballarat Botanical G,Decorative Lantern,"GEOGCS[""WGS 84"",DATUM[""WGS_1984"",SPHEROID[""WGS 84"",6378137,298.257223563,AUTHORITY[""EPSG"",""7030""]],AUTHORITY[""EPSG"",""6326""]],PRIMEM[""Greenwich"",0,AUTHORITY[""EPSG"",""8901""]],UNIT[""degree"",0.0174532925199433,AUTHORITY[""EPSG"",""9122""]],AUTHORITY[""EPSG"",""4326""]]","{""coordinates"": [143.8218269501, -37.5467540446], ""type"": ""Point""}","-37.5467540446, 143.8218269501"
Lake Wendouree,00212396,Ballarat Botanical Gardens,PF-Heritage Lighting,OS-Regional,Ballarat Botanical G,Decorative Lantern,"GEOGCS[""WGS 84"",DATUM[""WGS_1984"",SPHEROID[""WGS 84"",6378137,298.257223563,AUTHORITY[""EPSG"",""7030""]],AUTHORITY[""EPSG"",""6326""]],PRIMEM[""Greenwich"",0,AUTHORITY[""EPSG"",""8901""]],UNIT[""degree"",0.0174532925199433,AUTHORITY[""EPSG"",""9122""]],AUTHORITY[""EPSG"",""4326""]]","{""coordinates"": [143.8219580352, -37.5464119936], ""type"": ""Point""}","-37.5464119936, 143.8219580352"
Black Hill,00212423,BLACK HILL RESERVE (BLACK HILL LOOKOUT),PF-Pole Lights,OS-District,Black Hill Reserve (,STANDALONE PATH LIGH,"GEOGCS[""WGS 84"",DATUM[""WGS_1984"",SPHEROID[""WGS 84"",6378137,298.257223563,AUTHORITY[""EPSG"",""7030""]],AUTHORITY[""EPSG"",""6326""]],PRIMEM[""Greenwich"",0,AUTHORITY[""EPSG"",""8901""]],UNIT[""degree"",0.0174532925199433,AUTHORITY[""EPSG"",""9122""]],AUTHORITY[""EPSG"",""4326""]]","{""coordinates"": [143.8732909969, -37.5520555154], ""type"": ""Point""}","-37.5520555154, 143.8732909969"
Brown Hill,00212433,Brown Hill Reserve  (Progress Park),PF-Street Light,OS-District,Brown Hill Reserve,Sodium 150W on Timbe,"GEOGCS[""WGS 84"",DATUM[""WGS_1984"",SPHEROID[""WGS 84"",6378137,298.257223563,AUTHORITY[""EPSG"",""7030""]],AUTHORITY[""EPSG"",""6326""]],PRIMEM[""Greenwich"",0,AUTHORITY[""EPSG"",""8901""]],UNIT[""degree"",0.0174532925199433,AUTHORITY[""EPSG"",""9122""]],AUTHORITY[""EPSG"",""4326""]]","{""coordinates"": [143.8959028135, -37.5520679404], ""type"": ""Point""}","-37.5520679404, 143.8959028135"
Buninyong,00212490,Buninyong Community Facility,PF-Sports Ground Lig,OS-District,Buninyong Recreation,8 Square on Crossbar,"GEOGCS[""WGS 84"",DATUM[""WGS_1984"",SPHEROID[""WGS 84"",6378137,298.257223563,AUTHORITY[""EPSG"",""7030""]],AUTHORITY[""EPSG"",""6326""]],PRIMEM[""Greenwich"",0,AUTHORITY[""EPSG"",""8901""]],UNIT[""degree"",0.0174532925199433,AUTHORITY[""EPSG"",""9122""]],AUTHORITY[""EPSG"",""4326""]]","{""coordinates"": [143.8904809861, -37.6493490112], ""type"": ""Point""}","-37.6493490112, 143.8904809861"
Buninyong,00212493,Buninyong Community Facility,PF-Sports Ground Lig,OS-District,Buninyong Recreation,2 Square Lights on C,"GEOGCS[""WGS 84"",DATUM[""WGS_1984"",SPHEROID[""WGS 84"",6378137,298.257223563,AUTHORITY[""EPSG"",""7030""]],AUTHORITY[""EPSG"",""6326""]],PRIMEM[""Greenwich"",0,AUTHORITY[""EPSG"",""8901""]],UNIT[""degree"",0.0174532925199433,AUTHORITY[""EPSG"",""9122""]],AUTHORITY[""EPSG"",""4326""]]","{""coordinates"": [143.8906359503, -37.6498990639], ""type"": ""Point""}","-37.6498990639, 143.8906359503"
Ballarat Central,00212499,White Flat,PF-Street Light,OS-Neighbourhood,Canadian Gully Reser,Mercury 80W on Timbe,"GEOGCS[""WGS 84"",DATUM[""WGS_1984"",SPHEROID[""WGS 84"",6378137,298.257223563,AUTHORITY[""EPSG"",""7030""]],AUTHORITY[""EPSG"",""6326""]],PRIMEM[""Greenwich"",0,AUTHORITY[""EPSG"",""8901""]],UNIT[""degree"",0.0174532925199433,AUTHORITY[""EPSG"",""9122""]],AUTHORITY[""EPSG"",""4326""]]","{""coordinates"": [143.8559669419, -37.568428031], ""type"": ""Point""}","-37.568428031, 143.8559669419"
Cardigan Village,00212506,Cardigan Village Reserve,PF-Pole Lights,OS-Neighbourhood,Cardigan Village Par,Lamp on Tall Steel P,"GEOGCS[""WGS 84"",DATUM[""WGS_1984"",SPHEROID[""WGS 84"",6378137,298.257223563,AUTHORITY[""EPSG"",""7030""]],AUTHORITY[""EPSG"",""6326""]],PRIMEM[""Greenwich"",0,AUTHORITY[""EPSG"",""8901""]],UNIT[""degree"",0.0174532925199433,AUTHORITY[""EPSG"",""9122""]],AUTHORITY[""EPSG"",""4326""]]","{""coordinates"": [143.709064, -37.514239], ""type"": ""Point""}","-37.514239, 143.709064"
Cardigan Village,00212511,Cardigan Village Reserve,PF-Pole Lights,OS-Neighbourhood,Cardigan Village Res,1 Rectangular Light,"GEOGCS[""WGS 84"",DATUM[""WGS_1984"",SPHEROID[""WGS 84"",6378137,298.257223563,AUTHORITY[""EPSG"",""7030""]],AUTHORITY[""EPSG"",""6326""]],PRIMEM[""Greenwich"",0,AUTHORITY[""EPSG"",""8901""]],UNIT[""degree"",0.0174532925199433,AUTHORITY[""EPSG"",""9122""]],AUTHORITY[""EPSG"",""4326""]]","{""coordinates"": [143.7095150298, -37.5142793941], ""type"": ""Point""}","-37.5142793941, 143.7095150298"
Cardigan Village,00212512,Cardigan Village Reserve,PF-Pole Lights,OS-Neighbourhood,Cardigan Village Res,1 Rectangular Light,"GEOGCS[""WGS 84"",DATUM[""WGS_1984"",SPHEROID[""WGS 84"",6378137,298.257223563,AUTHORITY[""EPSG"",""7030""]],AUTHORITY[""EPSG"",""6326""]],PRIMEM[""Greenwich"",0,AUTHORITY[""EPSG"",""8901""]],UNIT[""degree"",0.0174532925199433,AUTHORITY[""EPSG"",""9122""]],AUTHORITY[""EPSG"",""4326""]]","{""coordinates"": [143.709186928, -37.5141365624], ""type"": ""Point""}","-37.5141365624, 143.709186928"
Cardigan Village,00212516,Cardigan Village Reserve,PF-Pole Lights,OS-Neighbourhood,Cardigan Village Res,Lamp on Tall Steel P,"GEOGCS[""WGS 84"",DATUM[""WGS_1984"",SPHEROID[""WGS 84"",6378137,298.257223563,AUTHORITY[""EPSG"",""7030""]],AUTHORITY[""EPSG"",""6326""]],PRIMEM[""Greenwich"",0,AUTHORITY[""EPSG"",""8901""]],UNIT[""degree"",0.0174532925199433,AUTHORITY[""EPSG"",""9122""]],AUTHORITY[""EPSG"",""4326""]]","{""coordinates"": [143.709028, -37.513114], ""type"": ""Point""}","-37.513114, 143.709028"
Cardigan Village,00212521,Cardigan Village Reserve,PF-Pole Lights,OS-Neighbourhood,Cardigan Village Res,Lamp on Tall Steel P,"GEOGCS[""WGS 84"",DATUM[""WGS_1984"",SPHEROID[""WGS 84"",6378137,298.257223563,AUTHORITY[""EPSG"",""7030""]],AUTHORITY[""EPSG"",""6326""]],PRIMEM[""Greenwich"",0,AUTHORITY[""EPSG"",""8901""]],UNIT[""degree"",0.0174532925199433,AUTHORITY[""EPSG"",""9122""]],AUTHORITY[""EPSG"",""4326""]]","{""coordinates"": [143.7074759245, -37.5124239866], ""type"": ""Point""}","-37.5124239866, 143.7074759245"
Cardigan Village,00212525,Cardigan Village Reserve,PF-Street Light,OS-Neighbourhood,Cardigan Village Res,Mercury 80W on Build,"GEOGCS[""WGS 84"",DATUM[""WGS_1984"",SPHEROID[""WGS 84"",6378137,298.257223563,AUTHORITY[""EPSG"",""7030""]],AUTHORITY[""EPSG"",""6326""]],PRIMEM[""Greenwich"",0,AUTHORITY[""EPSG"",""8901""]],UNIT[""degree"",0.0174532925199433,AUTHORITY[""EPSG"",""9122""]],AUTHORITY[""EPSG"",""4326""]]","{""coordinates"": [143.7086310288, -37.5146640158], ""type"": ""Point""}","-37.5146640158, 143.7086310288"
Wendouree,00212540,C.E Brown Reserve,PF-Sports Ground Lig,OS-District,Charles Edward Brown,Double Square,"GEOGCS[""WGS 84"",DATUM[""WGS_1984"",SPHEROID[""WGS 84"",6378137,298.257223563,AUTHORITY[""EPSG"",""7030""]],AUTHORITY[""EPSG"",""6326""]],PRIMEM[""Greenwich"",0,AUTHORITY[""EPSG"",""8901""]],UNIT[""degree"",0.0174532925199433,AUTHORITY[""EPSG"",""9122""]],AUTHORITY[""EPSG"",""4326""]]","{""coordinates"": [143.842884938, -37.5364939706], ""type"": ""Point""}","-37.5364939706, 143.842884938"
Wendouree,00212544,C.E Brown Reserve,PF-Street Light,OS-District,Charles Edward Brown,Double Wide,"GEOGCS[""WGS 84"",DATUM[""WGS_1984"",SPHEROID[""WGS 84"",6378137,298.257223563,AUTHORITY[""EPSG"",""7030""]],AUTHORITY[""EPSG"",""6326""]],PRIMEM[""Greenwich"",0,AUTHORITY[""EPSG"",""8901""]],UNIT[""degree"",0.0174532925199433,AUTHORITY[""EPSG"",""9122""]],AUTHORITY[""EPSG"",""4326""]]","{""coordinates"": [143.84305549, -37.5349269981], ""type"": ""Point""}","-37.5349269981, 143.84305549"
Wendouree,00212549,C.E Brown Reserve,PF-Street Light,OS-District,Charles Edward Brown,Single Street Light,"GEOGCS[""WGS 84"",DATUM[""WGS_1984"",SPHEROID[""WGS 84"",6378137,298.257223563,AUTHORITY[""EPSG"",""7030""]],AUTHORITY[""EPSG"",""6326""]],PRIMEM[""Greenwich"",0,AUTHORITY[""EPSG"",""8901""]],UNIT[""degree"",0.0174532925199433,AUTHORITY[""EPSG"",""9122""]],AUTHORITY[""EPSG"",""4326""]]","{""coordinates"": [143.842474951, -37.5358625946], ""type"": ""Point""}","-37.5358625946, 143.842474951"
Wendouree,00212583,NORTHERN OVAL,PF-Sports Ground Lig,OS-District,Charles Edward Brown,AFL GROUND LIGHTING,"GEOGCS[""WGS 84"",DATUM[""WGS_1984"",SPHEROID[""WGS 84"",6378137,298.257223563,AUTHORITY[""EPSG"",""7030""]],AUTHORITY[""EPSG"",""6326""]],PRIMEM[""Greenwich"",0,AUTHORITY[""EPSG"",""8901""]],UNIT[""degree"",0.0174532925199433,AUTHORITY[""EPSG"",""9122""]],AUTHORITY[""EPSG"",""4326""]]","{""coordinates"": [143.845565, -37.53759], ""type"": ""Point""}","-37.53759, 143.845565"
Wendouree,00212584,NORTHERN OVAL,PF-Sports Ground Lig,OS-District,Charles Edward Brown,NETBALL COURT LIGHT,"GEOGCS[""WGS 84"",DATUM[""WGS_1984"",SPHEROID[""WGS 84"",6378137,298.257223563,AUTHORITY[""EPSG"",""7030""]],AUTHORITY[""EPSG"",""6326""]],PRIMEM[""Greenwich"",0,AUTHORITY[""EPSG"",""8901""]],UNIT[""degree"",0.0174532925199433,AUTHORITY[""EPSG"",""9122""]],AUTHORITY[""EPSG"",""4326""]]","{""coordinates"": [143.8473455435, -37.5386854835], ""type"": ""Point""}","-37.5386854835, 143.8473455435"
Wendouree,00212589,NORTHERN OVAL,PF-Sports Ground Lig,OS-District,Charles Edward Brown,NETBALL COURT LIGHT,"GEOGCS[""WGS 84"",DATUM[""WGS_1984"",SPHEROID[""WGS 84"",6378137,298.257223563,AUTHORITY[""EPSG"",""7030""]],AUTHORITY[""EPSG"",""6326""]],PRIMEM[""Greenwich"",0,AUTHORITY[""EPSG"",""8901""]],UNIT[""degree"",0.0174532925199433,AUTHORITY[""EPSG"",""9122""]],AUTHORITY[""EPSG"",""4326""]]","{""coordinates"": [143.8471893081, -37.5384711485], ""type"": ""Point""}","-37.5384711485, 143.8471893081"
Buninyong,00212631,De Soza Park (Tannery Flat),PF-Street Light,OS-District,De Soza Park,Mercury 80W on Utili,"GEOGCS[""WGS 84"",DATUM[""WGS_1984"",SPHEROID[""WGS 84"",6378137,298.257223563,AUTHORITY[""EPSG"",""7030""]],AUTHORITY[""EPSG"",""6326""]],PRIMEM[""Greenwich"",0,AUTHORITY[""EPSG"",""8901""]],UNIT[""degree"",0.0174532925199433,AUTHORITY[""EPSG"",""9122""]],AUTHORITY[""EPSG"",""4326""]]","{""coordinates"": [143.884155447, -37.648816957], ""type"": ""Point""}","-37.648816957, 143.884155447"
Ballarat East,00212665,Eastern Oval,PF-Street Light,No Code Allocated,Eastern Oval,Mercury 80W on Build,"GEOGCS[""WGS 84"",DATUM[""WGS_1984"",SPHEROID[""WGS 84"",6378137,298.257223563,AUTHORITY[""EPSG"",""7030""]],AUTHORITY[""EPSG"",""6326""]],PRIMEM[""Greenwich"",0,AUTHORITY[""EPSG"",""8901""]],UNIT[""degree"",0.0174532925199433,AUTHORITY[""EPSG"",""9122""]],AUTHORITY[""EPSG"",""4326""]]","{""coordinates"": [143.8623389576, -37.5578329858], ""type"": ""Point""}","-37.5578329858, 143.8623389576"
Ballarat East,00212666,Eastern Oval,PF-Street Light,No Code Allocated,Eastern Oval,Mercury 80W on Build,"GEOGCS[""WGS 84"",DATUM[""WGS_1984"",SPHEROID[""WGS 84"",6378137,298.257223563,AUTHORITY[""EPSG"",""7030""]],AUTHORITY[""EPSG"",""6326""]],PRIMEM[""Greenwich"",0,AUTHORITY[""EPSG"",""8901""]],UNIT[""degree"",0.0174532925199433,AUTHORITY[""EPSG"",""9122""]],AUTHORITY[""EPSG"",""4326""]]","{""coordinates"": [143.8623049792, -37.5579059709], ""type"": ""Point""}","-37.5579059709, 143.8623049792"
Eureka,00212670,,PF-Path Lights,OS-Regional,Eureka Stockade,Caged Up Light,"GEOGCS[""WGS 84"",DATUM[""WGS_1984"",SPHEROID[""WGS 84"",6378137,298.257223563,AUTHORITY[""EPSG"",""7030""]],AUTHORITY[""EPSG"",""6326""]],PRIMEM[""Greenwich"",0,AUTHORITY[""EPSG"",""8901""]],UNIT[""degree"",0.0174532925199433,AUTHORITY[""EPSG"",""9122""]],AUTHORITY[""EPSG"",""4326""]]","{""coordinates"": [143.8859930774, -37.5653509878], ""type"": ""Point""}","-37.5653509878, 143.8859930774"
Eureka,00212685,,PF-Path Lights,OS-Regional,Eureka Stockade,Bollard Light 3,"GEOGCS[""WGS 84"",DATUM[""WGS_1984"",SPHEROID[""WGS 84"",6378137,298.257223563,AUTHORITY[""EPSG"",""7030""]],AUTHORITY[""EPSG"",""6326""]],PRIMEM[""Greenwich"",0,AUTHORITY[""EPSG"",""8901""]],UNIT[""degree"",0.0174532925199433,AUTHORITY[""EPSG"",""9122""]],AUTHORITY[""EPSG"",""4326""]]","{""coordinates"": [143.8833619963, -37.564949035], ""type"": ""Point""}","-37.564949035, 143.8833619963"
Eureka,00212688,,PF-Path Lights,OS-Regional,Eureka Stockade,Bollard Light 3,"GEOGCS[""WGS 84"",DATUM[""WGS_1984"",SPHEROID[""WGS 84"",6378137,298.257223563,AUTHORITY[""EPSG"",""7030""]],AUTHORITY[""EPSG"",""6326""]],PRIMEM[""Greenwich"",0,AUTHORITY[""EPSG"",""8901""]],UNIT[""degree"",0.0174532925199433,AUTHORITY[""EPSG"",""9122""]],AUTHORITY[""EPSG"",""4326""]]","{""coordinates"": [143.8833100155, -37.5649420175], ""type"": ""Point""}","-37.5649420175, 143.8833100155"
Eureka,00212697,,PF-Street Light,OS-Regional,Eureka Stockade,Black Square Down Li,"GEOGCS[""WGS 84"",DATUM[""WGS_1984"",SPHEROID[""WGS 84"",6378137,298.257223563,AUTHORITY[""EPSG"",""7030""]],AUTHORITY[""EPSG"",""6326""]],PRIMEM[""Greenwich"",0,AUTHORITY[""EPSG"",""8901""]],UNIT[""degree"",0.0174532925199433,AUTHORITY[""EPSG"",""9122""]],AUTHORITY[""EPSG"",""4326""]]","{""coordinates"": [143.8832519754, -37.5652739683], ""type"": ""Point""}","-37.5652739683, 143.8832519754"
Eureka,00212702,,PF-Path Lights,OS-Regional,Eureka Stockade,Ground Uplight,"GEOGCS[""WGS 84"",DATUM[""WGS_1984"",SPHEROID[""WGS 84"",6378137,298.257223563,AUTHORITY[""EPSG"",""7030""]],AUTHORITY[""EPSG"",""6326""]],PRIMEM[""Greenwich"",0,AUTHORITY[""EPSG"",""8901""]],UNIT[""degree"",0.0174532925199433,AUTHORITY[""EPSG"",""9122""]],AUTHORITY[""EPSG"",""4326""]]","{""coordinates"": [143.8830812302, -37.5658153351], ""type"": ""Point""}","-37.5658153351, 143.8830812302"
Lake Wendouree,00212980,Lake Wendouree,PF-Pole Lights,OS-State,Lake Wendouree Reser,Arched Ball,"GEOGCS[""WGS 84"",DATUM[""WGS_1984"",SPHEROID[""WGS 84"",6378137,298.257223563,AUTHORITY[""EPSG"",""7030""]],AUTHORITY[""EPSG"",""6326""]],PRIMEM[""Greenwich"",0,AUTHORITY[""EPSG"",""8901""]],UNIT[""degree"",0.0174532925199433,AUTHORITY[""EPSG"",""9122""]],AUTHORITY[""EPSG"",""4326""]]","{""coordinates"": [143.8224850146, -37.5504160164], ""type"": ""Point""}","-37.5504160164, 143.8224850146"
Lake Wendouree,00212982,Lake Wendouree,PF-Pole Lights,OS-State,Lake Wendouree Reser,Arched Ball,"GEOGCS[""WGS 84"",DATUM[""WGS_1984"",SPHEROID[""WGS 84"",6378137,298.257223563,AUTHORITY[""EPSG"",""7030""]],AUTHORITY[""EPSG"",""6326""]],PRIMEM[""Greenwich"",0,AUTHORITY[""EPSG"",""8901""]],UNIT[""degree"",0.0174532925199433,AUTHORITY[""EPSG"",""9122""]],AUTHORITY[""EPSG"",""4326""]]","{""coordinates"": [143.8223150213, -37.5500609875], ""type"": ""Point""}","-37.5500609875, 143.8223150213"
Lake Wendouree,00212983,Lake Wendouree,PF-Pole Lights,OS-State,Lake Wendouree Reser,Arched Ball,"GEOGCS[""WGS 84"",DATUM[""WGS_1984"",SPHEROID[""WGS 84"",6378137,298.257223563,AUTHORITY[""EPSG"",""7030""]],AUTHORITY[""EPSG"",""6326""]],PRIMEM[""Greenwich"",0,AUTHORITY[""EPSG"",""8901""]],UNIT[""degree"",0.0174532925199433,AUTHORITY[""EPSG"",""9122""]],AUTHORITY[""EPSG"",""4326""]]","{""coordinates"": [143.8226589957, -37.5500829384], ""type"": ""Point""}","-37.5500829384, 143.8226589957"
Lake Wendouree,00212984,Lake Wendouree,PF-Pole Lights,OS-State,Lake Wendouree Reser,Cone,"GEOGCS[""WGS 84"",DATUM[""WGS_1984"",SPHEROID[""WGS 84"",6378137,298.257223563,AUTHORITY[""EPSG"",""7030""]],AUTHORITY[""EPSG"",""6326""]],PRIMEM[""Greenwich"",0,AUTHORITY[""EPSG"",""8901""]],UNIT[""degree"",0.0174532925199433,AUTHORITY[""EPSG"",""9122""]],AUTHORITY[""EPSG"",""4326""]]","{""coordinates"": [143.8234020764, -37.5481090515], ""type"": ""Point""}","-37.5481090515, 143.8234020764"
Lake Wendouree,00212987,Lake Wendouree,PF-Heritage Lighting,OS-State,Lake Wendouree Reser,Botanical Gardens La,"GEOGCS[""WGS 84"",DATUM[""WGS_1984"",SPHEROID[""WGS 84"",6378137,298.257223563,AUTHORITY[""EPSG"",""7030""]],AUTHORITY[""EPSG"",""6326""]],PRIMEM[""Greenwich"",0,AUTHORITY[""EPSG"",""8901""]],UNIT[""degree"",0.0174532925199433,AUTHORITY[""EPSG"",""9122""]],AUTHORITY[""EPSG"",""4326""]]","{""coordinates"": [143.8230299826, -37.547102019], ""type"": ""Point""}","-37.547102019, 143.8230299826"
Lake Wendouree,00212992,Lake Wendouree,PF-Pole Lights,OS-State,Lake Wendouree Reser,Cone,"GEOGCS[""WGS 84"",DATUM[""WGS_1984"",SPHEROID[""WGS 84"",6378137,298.257223563,AUTHORITY[""EPSG"",""7030""]],AUTHORITY[""EPSG"",""6326""]],PRIMEM[""Greenwich"",0,AUTHORITY[""EPSG"",""8901""]],UNIT[""degree"",0.0174532925199433,AUTHORITY[""EPSG"",""9122""]],AUTHORITY[""EPSG"",""4326""]]","{""coordinates"": [143.823425, -37.5466990571], ""type"": ""Point""}","-37.5466990571, 143.823425"
Lake Wendouree,00212996,Lake Wendouree,PF-Street Light,OS-State,Lake Wendouree Reser,Carpark,"GEOGCS[""WGS 84"",DATUM[""WGS_1984"",SPHEROID[""WGS 84"",6378137,298.257223563,AUTHORITY[""EPSG"",""7030""]],AUTHORITY[""EPSG"",""6326""]],PRIMEM[""Greenwich"",0,AUTHORITY[""EPSG"",""8901""]],UNIT[""degree"",0.0174532925199433,AUTHORITY[""EPSG"",""9122""]],AUTHORITY[""EPSG"",""4326""]]","{""coordinates"": [143.8306600548, -37.5438070796], ""type"": ""Point""}","-37.5438070796, 143.8306600548"
Lake Wendouree,00213002,Lake Wendouree,PF-Pole Lights,OS-State,Lake Wendouree Reser,Cone,"GEOGCS[""WGS 84"",DATUM[""WGS_1984"",SPHEROID[""WGS 84"",6378137,298.257223563,AUTHORITY[""EPSG"",""7030""]],AUTHORITY[""EPSG"",""6326""]],PRIMEM[""Greenwich"",0,AUTHORITY[""EPSG"",""8901""]],UNIT[""degree"",0.0174532925199433,AUTHORITY[""EPSG"",""9122""]],AUTHORITY[""EPSG"",""4326""]]","{""coordinates"": [143.8423999924, -37.5536019975], ""type"": ""Point""}","-37.5536019975, 143.8423999924"
Lake Wendouree,00213006,Lake Wendouree,PF-Path Lights,OS-State,Lake Wendouree Reser,Round Ground Light,"GEOGCS[""WGS 84"",DATUM[""WGS_1984"",SPHEROID[""WGS 84"",6378137,298.257223563,AUTHORITY[""EPSG"",""7030""]],AUTHORITY[""EPSG"",""6326""]],PRIMEM[""Greenwich"",0,AUTHORITY[""EPSG"",""8901""]],UNIT[""degree"",0.0174532925199433,AUTHORITY[""EPSG"",""9122""]],AUTHORITY[""EPSG"",""4326""]]","{""coordinates"": [143.8413259837, -37.5530540029], ""type"": ""Point""}","-37.5530540029, 143.8413259837"
Lake Wendouree,00213017,Lake Wendouree,PF-Path Lights,OS-State,Lake Wendouree Reser,Ground Uplight,"GEOGCS[""WGS 84"",DATUM[""WGS_1984"",SPHEROID[""WGS 84"",6378137,298.257223563,AUTHORITY[""EPSG"",""7030""]],AUTHORITY[""EPSG"",""6326""]],PRIMEM[""Greenwich"",0,AUTHORITY[""EPSG"",""8901""]],UNIT[""degree"",0.0174532925199433,AUTHORITY[""EPSG"",""9122""]],AUTHORITY[""EPSG"",""4326""]]","{""coordinates"": [143.8228020799, -37.5554980183], ""type"": ""Point""}","-37.5554980183, 143.8228020799"
Learmonth,00213081,Learmonth Recreation Reserve,PF-Sports Ground Lig,OS-District,Learmonth Recreation,8 Square Lights on C,"GEOGCS[""WGS 84"",DATUM[""WGS_1984"",SPHEROID[""WGS 84"",6378137,298.257223563,AUTHORITY[""EPSG"",""7030""]],AUTHORITY[""EPSG"",""6326""]],PRIMEM[""Greenwich"",0,AUTHORITY[""EPSG"",""8901""]],UNIT[""degree"",0.0174532925199433,AUTHORITY[""EPSG"",""9122""]],AUTHORITY[""EPSG"",""4326""]]","{""coordinates"": [143.7108241311, -37.4215819369], ""type"": ""Point""}","-37.4215819369, 143.7108241311"
Learmonth,00213082,Learmonth Recreation Reserve,PF-Sports Ground Lig,OS-District,Learmonth Recreation,8 Square Lights on C,"GEOGCS[""WGS 84"",DATUM[""WGS_1984"",SPHEROID[""WGS 84"",6378137,298.257223563,AUTHORITY[""EPSG"",""7030""]],AUTHORITY[""EPSG"",""6326""]],PRIMEM[""Greenwich"",0,AUTHORITY[""EPSG"",""8901""]],UNIT[""degree"",0.0174532925199433,AUTHORITY[""EPSG"",""9122""]],AUTHORITY[""EPSG"",""4326""]]","{""coordinates"": [143.711980999, -37.4209430222], ""type"": ""Point""}","-37.4209430222, 143.711980999"
Learmonth,00213085,Learmonth Recreation Reserve,PF-Sports Ground Lig,OS-District,Learmonth Recreation,3 Downlights - Timbe,"GEOGCS[""WGS 84"",DATUM[""WGS_1984"",SPHEROID[""WGS 84"",6378137,298.257223563,AUTHORITY[""EPSG"",""7030""]],AUTHORITY[""EPSG"",""6326""]],PRIMEM[""Greenwich"",0,AUTHORITY[""EPSG"",""8901""]],UNIT[""degree"",0.0174532925199433,AUTHORITY[""EPSG"",""9122""]],AUTHORITY[""EPSG"",""4326""]]","{""coordinates"": [143.7102005758, -37.4219692293], ""type"": ""Point""}","-37.4219692293, 143.7102005758"
Learmonth,00213086,Learmonth Recreation Reserve,PF-Sports Ground Lig,OS-District,Learmonth Recreation,2 Downlights - Timbe,"GEOGCS[""WGS 84"",DATUM[""WGS_1984"",SPHEROID[""WGS 84"",6378137,298.257223563,AUTHORITY[""EPSG"",""7030""]],AUTHORITY[""EPSG"",""6326""]],PRIMEM[""Greenwich"",0,AUTHORITY[""EPSG"",""8901""]],UNIT[""degree"",0.0174532925199433,AUTHORITY[""EPSG"",""9122""]],AUTHORITY[""EPSG"",""4326""]]","{""coordinates"": [143.7106890551, -37.4218870281], ""type"": ""Point""}","-37.4218870281, 143.7106890551"
Golden Point,00213124,Llanberris Athletics Reserve,PF-Street Light,OS-Regional,Llanberris Athletics,Sodium 150W on Timbe,"GEOGCS[""WGS 84"",DATUM[""WGS_1984"",SPHEROID[""WGS 84"",6378137,298.257223563,AUTHORITY[""EPSG"",""7030""]],AUTHORITY[""EPSG"",""6326""]],PRIMEM[""Greenwich"",0,AUTHORITY[""EPSG"",""8901""]],UNIT[""degree"",0.0174532925199433,AUTHORITY[""EPSG"",""9122""]],AUTHORITY[""EPSG"",""4326""]]","{""coordinates"": [143.8653249576, -37.5694129548], ""type"": ""Point""}","-37.5694129548, 143.8653249576"
Golden Point,00213127,Llanberris Athletics Reserve,PF-Sports Ground Lig,OS-Regional,Llanberris Athletics,6 Round 3 Square on,"GEOGCS[""WGS 84"",DATUM[""WGS_1984"",SPHEROID[""WGS 84"",6378137,298.257223563,AUTHORITY[""EPSG"",""7030""]],AUTHORITY[""EPSG"",""6326""]],PRIMEM[""Greenwich"",0,AUTHORITY[""EPSG"",""8901""]],UNIT[""degree"",0.0174532925199433,AUTHORITY[""EPSG"",""9122""]],AUTHORITY[""EPSG"",""4326""]]","{""coordinates"": [143.8664310598, -37.5684699754], ""type"": ""Point""}","-37.5684699754, 143.8664310598"
Sebastopol,00213196,,PF-Pole Lights,OS-District,Marty Busch Reserve,Small Orange,"GEOGCS[""WGS 84"",DATUM[""WGS_1984"",SPHEROID[""WGS 84"",6378137,298.257223563,AUTHORITY[""EPSG"",""7030""]],AUTHORITY[""EPSG"",""6326""]],PRIMEM[""Greenwich"",0,AUTHORITY[""EPSG"",""8901""]],UNIT[""degree"",0.0174532925199433,AUTHORITY[""EPSG"",""9122""]],AUTHORITY[""EPSG"",""4326""]]","{""coordinates"": [143.8419549791, -37.6045529792], ""type"": ""Point""}","-37.6045529792, 143.8419549791"
Sebastopol,00213197,,PF-Pole Lights,OS-District,Marty Busch Reserve,Single Square,"GEOGCS[""WGS 84"",DATUM[""WGS_1984"",SPHEROID[""WGS 84"",6378137,298.257223563,AUTHORITY[""EPSG"",""7030""]],AUTHORITY[""EPSG"",""6326""]],PRIMEM[""Greenwich"",0,AUTHORITY[""EPSG"",""8901""]],UNIT[""degree"",0.0174532925199433,AUTHORITY[""EPSG"",""9122""]],AUTHORITY[""EPSG"",""4326""]]","{""coordinates"": [143.8418919579, -37.6048870135], ""type"": ""Point""}","-37.6048870135, 143.8418919579"
Sebastopol,00213201,,PF-Pole Lights,OS-District,Marty Busch Reserve,2 Rounded Square Lig,"GEOGCS[""WGS 84"",DATUM[""WGS_1984"",SPHEROID[""WGS 84"",6378137,298.257223563,AUTHORITY[""EPSG"",""7030""]],AUTHORITY[""EPSG"",""6326""]],PRIMEM[""Greenwich"",0,AUTHORITY[""EPSG"",""8901""]],UNIT[""degree"",0.0174532925199433,AUTHORITY[""EPSG"",""9122""]],AUTHORITY[""EPSG"",""4326""]]","{""coordinates"": [143.8448799834, -37.6038259772], ""type"": ""Point""}","-37.6038259772, 143.8448799834"
Sebastopol,00213208,,PF-Pole Lights,OS-District,Marty Busch Reserve,Round Light & Box,"GEOGCS[""WGS 84"",DATUM[""WGS_1984"",SPHEROID[""WGS 84"",6378137,298.257223563,AUTHORITY[""EPSG"",""7030""]],AUTHORITY[""EPSG"",""6326""]],PRIMEM[""Greenwich"",0,AUTHORITY[""EPSG"",""8901""]],UNIT[""degree"",0.0174532925199433,AUTHORITY[""EPSG"",""9122""]],AUTHORITY[""EPSG"",""4326""]]","{""coordinates"": [143.8465849319, -37.6035379916], ""type"": ""Point""}","-37.6035379916, 143.8465849319"
Lake Wendouree,00213326,Ballarat Botanical Gardens (North),PF-Pole Lights,No Code Allocated,North Gardens Reserv,Tall Blender,"GEOGCS[""WGS 84"",DATUM[""WGS_1984"",SPHEROID[""WGS 84"",6378137,298.257223563,AUTHORITY[""EPSG"",""7030""]],AUTHORITY[""EPSG"",""6326""]],PRIMEM[""Greenwich"",0,AUTHORITY[""EPSG"",""8901""]],UNIT[""degree"",0.0174532925199433,AUTHORITY[""EPSG"",""9122""]],AUTHORITY[""EPSG"",""4326""]]","{""coordinates"": [143.823056, -37.542123], ""type"": ""Point""}","-37.542123, 143.823056"
Lake Gardens,00213428,,PF-Sports Ground Lig,OS-District,Prince of Wales Park,Carpark,"GEOGCS[""WGS 84"",DATUM[""WGS_1984"",SPHEROID[""WGS 84"",6378137,298.257223563,AUTHORITY[""EPSG"",""7030""]],AUTHORITY[""EPSG"",""6326""]],PRIMEM[""Greenwich"",0,AUTHORITY[""EPSG"",""8901""]],UNIT[""degree"",0.0174532925199433,AUTHORITY[""EPSG"",""9122""]],AUTHORITY[""EPSG"",""4326""]]","{""coordinates"": [143.8173110187, -37.5501510355], ""type"": ""Point""}","-37.5501510355, 143.8173110187"
Lake Gardens,00213429,,PF-Sports Ground Lig,OS-District,Prince of Wales Park,Carpark,"GEOGCS[""WGS 84"",DATUM[""WGS_1984"",SPHEROID[""WGS 84"",6378137,298.257223563,AUTHORITY[""EPSG"",""7030""]],AUTHORITY[""EPSG"",""6326""]],PRIMEM[""Greenwich"",0,AUTHORITY[""EPSG"",""8901""]],UNIT[""degree"",0.0174532925199433,AUTHORITY[""EPSG"",""9122""]],AUTHORITY[""EPSG"",""4326""]]","{""coordinates"": [143.8170129849, -37.5498299565], ""type"": ""Point""}","-37.5498299565, 143.8170129849"
Lake Gardens,00213445,,PF-Sports Ground Lig,OS-District,Prince of Wales Park,2Rectangular Lights,"GEOGCS[""WGS 84"",DATUM[""WGS_1984"",SPHEROID[""WGS 84"",6378137,298.257223563,AUTHORITY[""EPSG"",""7030""]],AUTHORITY[""EPSG"",""6326""]],PRIMEM[""Greenwich"",0,AUTHORITY[""EPSG"",""8901""]],UNIT[""degree"",0.0174532925199433,AUTHORITY[""EPSG"",""9122""]],AUTHORITY[""EPSG"",""4326""]]","{""coordinates"": [143.8171648927, -37.5492149832], ""type"": ""Point""}","-37.5492149832, 143.8171648927"
Lake Gardens,00213457,,PF-Path Lights,OS-District,Prince of Wales Park,Bollard Light,"GEOGCS[""WGS 84"",DATUM[""WGS_1984"",SPHEROID[""WGS 84"",6378137,298.257223563,AUTHORITY[""EPSG"",""7030""]],AUTHORITY[""EPSG"",""6326""]],PRIMEM[""Greenwich"",0,AUTHORITY[""EPSG"",""8901""]],UNIT[""degree"",0.0174532925199433,AUTHORITY[""EPSG"",""9122""]],AUTHORITY[""EPSG"",""4326""]]","{""coordinates"": [143.8192818833, -37.5505740423], ""type"": ""Point""}","-37.5505740423, 143.8192818833"
Lake Gardens,00213462,,PF-Sports Ground Lig,OS-District,Prince of Wales Park,4 Down Lights,"GEOGCS[""WGS 84"",DATUM[""WGS_1984"",SPHEROID[""WGS 84"",6378137,298.257223563,AUTHORITY[""EPSG"",""7030""]],AUTHORITY[""EPSG"",""6326""]],PRIMEM[""Greenwich"",0,AUTHORITY[""EPSG"",""8901""]],UNIT[""degree"",0.0174532925199433,AUTHORITY[""EPSG"",""9122""]],AUTHORITY[""EPSG"",""4326""]]","{""coordinates"": [143.8197049567, -37.5501889803], ""type"": ""Point""}","-37.5501889803, 143.8197049567"
Lake Gardens,00213467,,PF-Sports Ground Lig,OS-District,Prince of Wales Park,4 Down Lights,"GEOGCS[""WGS 84"",DATUM[""WGS_1984"",SPHEROID[""WGS 84"",6378137,298.257223563,AUTHORITY[""EPSG"",""7030""]],AUTHORITY[""EPSG"",""6326""]],PRIMEM[""Greenwich"",0,AUTHORITY[""EPSG"",""8901""]],UNIT[""degree"",0.0174532925199433,AUTHORITY[""EPSG"",""9122""]],AUTHORITY[""EPSG"",""4326""]]","{""coordinates"": [143.8190949929, -37.5493469877], ""type"": ""Point""}","-37.5493469877, 143.8190949929"
Brown Hill,00213492,Russell Square,PF-Sports Ground Lig,OS-District,Russell Square,2 Circular on crossb,"GEOGCS[""WGS 84"",DATUM[""WGS_1984"",SPHEROID[""WGS 84"",6378137,298.257223563,AUTHORITY[""EPSG"",""7030""]],AUTHORITY[""EPSG"",""6326""]],PRIMEM[""Greenwich"",0,AUTHORITY[""EPSG"",""8901""]],UNIT[""degree"",0.0174532925199433,AUTHORITY[""EPSG"",""9122""]],AUTHORITY[""EPSG"",""4326""]]","{""coordinates"": [143.8856953481, -37.5570122676], ""type"": ""Point""}","-37.5570122676, 143.8856953481"
Brown Hill,00213494,Russell Square,PF-Sports Ground Lig,OS-District,Russell Square,3 Round on concrete,"GEOGCS[""WGS 84"",DATUM[""WGS_1984"",SPHEROID[""WGS 84"",6378137,298.257223563,AUTHORITY[""EPSG"",""7030""]],AUTHORITY[""EPSG"",""6326""]],PRIMEM[""Greenwich"",0,AUTHORITY[""EPSG"",""8901""]],UNIT[""degree"",0.0174532925199433,AUTHORITY[""EPSG"",""9122""]],AUTHORITY[""EPSG"",""4326""]]","{""coordinates"": [143.8853060058, -37.5560649676], ""type"": ""Point""}","-37.5560649676, 143.8853060058"
Lake Wendouree,00213544,Ballarat Botanical Gardens (South),PF-Path Lights,No Code Allocated,South Gardens Reserv,Silver Ground,"GEOGCS[""WGS 84"",DATUM[""WGS_1984"",SPHEROID[""WGS 84"",6378137,298.257223563,AUTHORITY[""EPSG"",""7030""]],AUTHORITY[""EPSG"",""6326""]],PRIMEM[""Greenwich"",0,AUTHORITY[""EPSG"",""8901""]],UNIT[""degree"",0.0174532925199433,AUTHORITY[""EPSG"",""9122""]],AUTHORITY[""EPSG"",""4326""]]","{""coordinates"": [143.8207925053, -37.5532363773], ""type"": ""Point""}","-37.5532363773, 143.8207925053"
Lake Wendouree,00213547,Ballarat Botanical Gardens (South),PF-Path Lights,No Code Allocated,South Gardens Reserv,Round Ground Light,"GEOGCS[""WGS 84"",DATUM[""WGS_1984"",SPHEROID[""WGS 84"",6378137,298.257223563,AUTHORITY[""EPSG"",""7030""]],AUTHORITY[""EPSG"",""6326""]],PRIMEM[""Greenwich"",0,AUTHORITY[""EPSG"",""8901""]],UNIT[""degree"",0.0174532925199433,AUTHORITY[""EPSG"",""9122""]],AUTHORITY[""EPSG"",""4326""]]","{""coordinates"": [143.8222210451, -37.5532980681], ""type"": ""Point""}","-37.5532980681, 143.8222210451"
Lake Wendouree,00213550,Ballarat Botanical Gardens (South),PF-Path Lights,No Code Allocated,South Gardens Reserv,Small Ground Light,"GEOGCS[""WGS 84"",DATUM[""WGS_1984"",SPHEROID[""WGS 84"",6378137,298.257223563,AUTHORITY[""EPSG"",""7030""]],AUTHORITY[""EPSG"",""6326""]],PRIMEM[""Greenwich"",0,AUTHORITY[""EPSG"",""8901""]],UNIT[""degree"",0.0174532925199433,AUTHORITY[""EPSG"",""9122""]],AUTHORITY[""EPSG"",""4326""]]","{""coordinates"": [143.8208030076, -37.5531659468], ""type"": ""Point""}","-37.5531659468, 143.8208030076"
Lake Wendouree,00213563,Ballarat Botanical Gardens (South),PF-Path Lights,No Code Allocated,South Gardens Reserv,Small Ground Light,"GEOGCS[""WGS 84"",DATUM[""WGS_1984"",SPHEROID[""WGS 84"",6378137,298.257223563,AUTHORITY[""EPSG"",""7030""]],AUTHORITY[""EPSG"",""6326""]],PRIMEM[""Greenwich"",0,AUTHORITY[""EPSG"",""8901""]],UNIT[""degree"",0.0174532925199433,AUTHORITY[""EPSG"",""9122""]],AUTHORITY[""EPSG"",""4326""]]","{""coordinates"": [143.8220920279, -37.5532920554], ""type"": ""Point""}","-37.5532920554, 143.8220920279"
Lake Wendouree,00213564,Ballarat Botanical Gardens (South),PF-Path Lights,No Code Allocated,South Gardens Reserv,Small Ground Light,"GEOGCS[""WGS 84"",DATUM[""WGS_1984"",SPHEROID[""WGS 84"",6378137,298.257223563,AUTHORITY[""EPSG"",""7030""]],AUTHORITY[""EPSG"",""6326""]],PRIMEM[""Greenwich"",0,AUTHORITY[""EPSG"",""8901""]],UNIT[""degree"",0.0174532925199433,AUTHORITY[""EPSG"",""9122""]],AUTHORITY[""EPSG"",""4326""]]","{""coordinates"": [143.8219279658, -37.5532699439], ""type"": ""Point""}","-37.5532699439, 143.8219279658"
Lake Wendouree,00213570,Ballarat Botanical Gardens (South),PF-Path Lights,No Code Allocated,South Gardens Reserv,Round Ground Light,"GEOGCS[""WGS 84"",DATUM[""WGS_1984"",SPHEROID[""WGS 84"",6378137,298.257223563,AUTHORITY[""EPSG"",""7030""]],AUTHORITY[""EPSG"",""6326""]],PRIMEM[""Greenwich"",0,AUTHORITY[""EPSG"",""8901""]],UNIT[""degree"",0.0174532925199433,AUTHORITY[""EPSG"",""9122""]],AUTHORITY[""EPSG"",""4326""]]","{""coordinates"": [143.821589094, -37.5532599409], ""type"": ""Point""}","-37.5532599409, 143.821589094"
Golden Point,00213585,GOLDEN POINT LOOKOUT (SOV HILL LOOKOUT),PF-Path Lights,OS-Local,Golden Point Lookout,BOLLARD LIGHT,"GEOGCS[""WGS 84"",DATUM[""WGS_1984"",SPHEROID[""WGS 84"",6378137,298.257223563,AUTHORITY[""EPSG"",""7030""]],AUTHORITY[""EPSG"",""6326""]],PRIMEM[""Greenwich"",0,AUTHORITY[""EPSG"",""8901""]],UNIT[""degree"",0.0174532925199433,AUTHORITY[""EPSG"",""9122""]],AUTHORITY[""EPSG"",""4326""]]","{""coordinates"": [143.8641400438, -37.5778205551], ""type"": ""Point""}","-37.5778205551, 143.8641400438"
Newington,00213623,,PF-Sports Ground Lig,OS-Regional,Victoria Park,2 square on timber p,"GEOGCS[""WGS 84"",DATUM[""WGS_1984"",SPHEROID[""WGS 84"",6378137,298.257223563,AUTHORITY[""EPSG"",""7030""]],AUTHORITY[""EPSG"",""6326""]],PRIMEM[""Greenwich"",0,AUTHORITY[""EPSG"",""8901""]],UNIT[""degree"",0.0174532925199433,AUTHORITY[""EPSG"",""9122""]],AUTHORITY[""EPSG"",""4326""]]","{""coordinates"": [143.819222, -37.561447], ""type"": ""Point""}","-37.561447, 143.819222"
Newington,00213634,,PF-Street Light,OS-Regional,Victoria Park,Single Street Light,"GEOGCS[""WGS 84"",DATUM[""WGS_1984"",SPHEROID[""WGS 84"",6378137,298.257223563,AUTHORITY[""EPSG"",""7030""]],AUTHORITY[""EPSG"",""6326""]],PRIMEM[""Greenwich"",0,AUTHORITY[""EPSG"",""8901""]],UNIT[""degree"",0.0174532925199433,AUTHORITY[""EPSG"",""9122""]],AUTHORITY[""EPSG"",""4326""]]","{""coordinates"": [143.8293960429, -37.5630099649], ""type"": ""Point""}","-37.5630099649, 143.8293960429"
Newington,00213657,,PF-Sports Ground Lig,OS-Regional,Victoria Park,2 square on short po,"GEOGCS[""WGS 84"",DATUM[""WGS_1984"",SPHEROID[""WGS 84"",6378137,298.257223563,AUTHORITY[""EPSG"",""7030""]],AUTHORITY[""EPSG"",""6326""]],PRIMEM[""Greenwich"",0,AUTHORITY[""EPSG"",""8901""]],UNIT[""degree"",0.0174532925199433,AUTHORITY[""EPSG"",""9122""]],AUTHORITY[""EPSG"",""4326""]]","{""coordinates"": [143.820434, -37.561854], ""type"": ""Point""}","-37.561854, 143.820434"
Wendouree,00213699,,PF-Street Light,OS-Neighbourhood,Weeramar Park,Downlight 2,"GEOGCS[""WGS 84"",DATUM[""WGS_1984"",SPHEROID[""WGS 84"",6378137,298.257223563,AUTHORITY[""EPSG"",""7030""]],AUTHORITY[""EPSG"",""6326""]],PRIMEM[""Greenwich"",0,AUTHORITY[""EPSG"",""8901""]],UNIT[""degree"",0.0174532925199433,AUTHORITY[""EPSG"",""9122""]],AUTHORITY[""EPSG"",""4326""]]","{""coordinates"": [143.8232580142, -37.531633993], ""type"": ""Point""}","-37.531633993, 143.8232580142"
Wendouree,00213716,Wendouree West Recreation Reserve,PF-Sports Ground Lig,OS-District,Wendouree West Recre,Single Square,"GEOGCS[""WGS 84"",DATUM[""WGS_1984"",SPHEROID[""WGS 84"",6378137,298.257223563,AUTHORITY[""EPSG"",""7030""]],AUTHORITY[""EPSG"",""6326""]],PRIMEM[""Greenwich"",0,AUTHORITY[""EPSG"",""8901""]],UNIT[""degree"",0.0174532925199433,AUTHORITY[""EPSG"",""9122""]],AUTHORITY[""EPSG"",""4326""]]","{""coordinates"": [143.817631, -37.525421], ""type"": ""Point""}","-37.525421, 143.817631"
Ballarat Central,00213741,Western Oval,PF-Street Light,OS-District,Western Oval Reserve,Mercury 80W on Timbe,"GEOGCS[""WGS 84"",DATUM[""WGS_1984"",SPHEROID[""WGS 84"",6378137,298.257223563,AUTHORITY[""EPSG"",""7030""]],AUTHORITY[""EPSG"",""6326""]],PRIMEM[""Greenwich"",0,AUTHORITY[""EPSG"",""8901""]],UNIT[""degree"",0.0174532925199433,AUTHORITY[""EPSG"",""9122""]],AUTHORITY[""EPSG"",""4326""]]","{""coordinates"": [143.8386180436, -37.5644650601], ""type"": ""Point""}","-37.5644650601, 143.8386180436"
Ballarat Central,00213763,White Flat,PF-Street Light,OS-Neighbourhood,White Flat Oval Rese,Mercury 80W on Timbe,"GEOGCS[""WGS 84"",DATUM[""WGS_1984"",SPHEROID[""WGS 84"",6378137,298.257223563,AUTHORITY[""EPSG"",""7030""]],AUTHORITY[""EPSG"",""6326""]],PRIMEM[""Greenwich"",0,AUTHORITY[""EPSG"",""8901""]],UNIT[""degree"",0.0174532925199433,AUTHORITY[""EPSG"",""9122""]],AUTHORITY[""EPSG"",""4326""]]","{""coordinates"": [143.8564213768, -37.5679453252], ""type"": ""Point""}","-37.5679453252, 143.8564213768"
Golden Point,00213787,Brown Hill Reserve  (Progress Park),PF-Sports Ground Lig,OS-Regional,Yarrowee River Reser,Caged Light on Steel,"GEOGCS[""WGS 84"",DATUM[""WGS_1984"",SPHEROID[""WGS 84"",6378137,298.257223563,AUTHORITY[""EPSG"",""7030""]],AUTHORITY[""EPSG"",""6326""]],PRIMEM[""Greenwich"",0,AUTHORITY[""EPSG"",""8901""]],UNIT[""degree"",0.0174532925199433,AUTHORITY[""EPSG"",""9122""]],AUTHORITY[""EPSG"",""4326""]]","{""coordinates"": [143.8962069813, -37.5513120251], ""type"": ""Point""}","-37.5513120251, 143.8962069813"
Golden Point,00213788,Brown Hill Reserve  (Progress Park),PF-Sports Ground Lig,OS-Regional,Yarrowee River Reser,Caged Light on Steel,"GEOGCS[""WGS 84"",DATUM[""WGS_1984"",SPHEROID[""WGS 84"",6378137,298.257223563,AUTHORITY[""EPSG"",""7030""]],AUTHORITY[""EPSG"",""6326""]],PRIMEM[""Greenwich"",0,AUTHORITY[""EPSG"",""8901""]],UNIT[""degree"",0.0174532925199433,AUTHORITY[""EPSG"",""9122""]],AUTHORITY[""EPSG"",""4326""]]","{""coordinates"": [143.8963149859, -37.5512959506], ""type"": ""Point""}","-37.5512959506, 143.8963149859"
Ballarat Central,00224617,,PF-Heritage Lighting,No Code Allocated,Sturt Street,,"GEOGCS[""WGS 84"",DATUM[""WGS_1984"",SPHEROID[""WGS 84"",6378137,298.257223563,AUTHORITY[""EPSG"",""7030""]],AUTHORITY[""EPSG"",""6326""]],PRIMEM[""Greenwich"",0,AUTHORITY[""EPSG"",""8901""]],UNIT[""degree"",0.0174532925199433,AUTHORITY[""EPSG"",""9122""]],AUTHORITY[""EPSG"",""4326""]]","{""coordinates"": [143.860498, -37.56228], ""type"": ""Point""}","-37.56228, 143.860498"
Ballarat Central,00224796,,PF-Heritage Lighting,No Code Allocated,Sturt Street,,"GEOGCS[""WGS 84"",DATUM[""WGS_1984"",SPHEROID[""WGS 84"",6378137,298.257223563,AUTHORITY[""EPSG"",""7030""]],AUTHORITY[""EPSG"",""6326""]],PRIMEM[""Greenwich"",0,AUTHORITY[""EPSG"",""8901""]],UNIT[""degree"",0.0174532925199433,AUTHORITY[""EPSG"",""9122""]],AUTHORITY[""EPSG"",""4326""]]","{""coordinates"": [143.856718, -37.562063], ""type"": ""Point""}","-37.562063, 143.856718"
Ballarat Central,00224797,,PF-Heritage Lighting,No Code Allocated,Sturt Street,,"GEOGCS[""WGS 84"",DATUM[""WGS_1984"",SPHEROID[""WGS 84"",6378137,298.257223563,AUTHORITY[""EPSG"",""7030""]],AUTHORITY[""EPSG"",""6326""]],PRIMEM[""Greenwich"",0,AUTHORITY[""EPSG"",""8901""]],UNIT[""degree"",0.0174532925199433,AUTHORITY[""EPSG"",""9122""]],AUTHORITY[""EPSG"",""4326""]]","{""coordinates"": [143.856671, -37.562057], ""type"": ""Point""}","-37.562057, 143.856671"
Ballarat Central,00225005,,PF-Heritage Lighting,R-Link Road,Dana Street,,"GEOGCS[""WGS 84"",DATUM[""WGS_1984"",SPHEROID[""WGS 84"",6378137,298.257223563,AUTHORITY[""EPSG"",""7030""]],AUTHORITY[""EPSG"",""6326""]],PRIMEM[""Greenwich"",0,AUTHORITY[""EPSG"",""8901""]],UNIT[""degree"",0.0174532925199433,AUTHORITY[""EPSG"",""9122""]],AUTHORITY[""EPSG"",""4326""]]","{""coordinates"": [143.857336, -37.564174], ""type"": ""Point""}","-37.564174, 143.857336"
Ballarat Central,00225026,,PF-Heritage Lighting,No Code Allocated,Lydiard Street South,,"GEOGCS[""WGS 84"",DATUM[""WGS_1984"",SPHEROID[""WGS 84"",6378137,298.257223563,AUTHORITY[""EPSG"",""7030""]],AUTHORITY[""EPSG"",""6326""]],PRIMEM[""Greenwich"",0,AUTHORITY[""EPSG"",""8901""]],UNIT[""degree"",0.0174532925199433,AUTHORITY[""EPSG"",""9122""]],AUTHORITY[""EPSG"",""4326""]]","{""coordinates"": [143.8571206302, -37.5652010569], ""type"": ""Point""}","-37.5652010569, 143.8571206302"
Ballarat Central,00225033,,PF-Heritage Lighting,No Code Allocated,Lydiard Street South,,"GEOGCS[""WGS 84"",DATUM[""WGS_1984"",SPHEROID[""WGS 84"",6378137,298.257223563,AUTHORITY[""EPSG"",""7030""]],AUTHORITY[""EPSG"",""6326""]],PRIMEM[""Greenwich"",0,AUTHORITY[""EPSG"",""8901""]],UNIT[""degree"",0.0174532925199433,AUTHORITY[""EPSG"",""9122""]],AUTHORITY[""EPSG"",""4326""]]","{""coordinates"": [143.8572093578, -37.5653514274], ""type"": ""Point""}","-37.5653514274, 143.8572093578"
Ballarat Central,00225056,,PF-Heritage Lighting,No Code Allocated,Lydiard Street South,,"GEOGCS[""WGS 84"",DATUM[""WGS_1984"",SPHEROID[""WGS 84"",6378137,298.257223563,AUTHORITY[""EPSG"",""7030""]],AUTHORITY[""EPSG"",""6326""]],PRIMEM[""Greenwich"",0,AUTHORITY[""EPSG"",""8901""]],UNIT[""degree"",0.0174532925199433,AUTHORITY[""EPSG"",""9122""]],AUTHORITY[""EPSG"",""4326""]]","{""coordinates"": [143.8567607509, -37.5657540865], ""type"": ""Point""}","-37.5657540865, 143.8567607509"
Ballarat Central,00225310,,PF-Heritage Lighting,R-Link Road,Lydiard Street North,,"GEOGCS[""WGS 84"",DATUM[""WGS_1984"",SPHEROID[""WGS 84"",6378137,298.257223563,AUTHORITY[""EPSG"",""7030""]],AUTHORITY[""EPSG"",""6326""]],PRIMEM[""Greenwich"",0,AUTHORITY[""EPSG"",""8901""]],UNIT[""degree"",0.0174532925199433,AUTHORITY[""EPSG"",""9122""]],AUTHORITY[""EPSG"",""4326""]]","{""coordinates"": [143.857922, -37.561451], ""type"": ""Point""}","-37.561451, 143.857922"
Ballarat Central,00225406,,PF-Pole Lights,R-Primary Access Roa,Bridge Mall,,"GEOGCS[""WGS 84"",DATUM[""WGS_1984"",SPHEROID[""WGS 84"",6378137,298.257223563,AUTHORITY[""EPSG"",""7030""]],AUTHORITY[""EPSG"",""6326""]],PRIMEM[""Greenwich"",0,AUTHORITY[""EPSG"",""8901""]],UNIT[""degree"",0.0174532925199433,AUTHORITY[""EPSG"",""9122""]],AUTHORITY[""EPSG"",""4326""]]","{""coordinates"": [143.863573, -37.562632], ""type"": ""Point""}","-37.562632, 143.863573"
Ballarat Central,00225415,,PF-Pole Lights,R-Primary Access Roa,Bridge Mall,,"GEOGCS[""WGS 84"",DATUM[""WGS_1984"",SPHEROID[""WGS 84"",6378137,298.257223563,AUTHORITY[""EPSG"",""7030""]],AUTHORITY[""EPSG"",""6326""]],PRIMEM[""Greenwich"",0,AUTHORITY[""EPSG"",""8901""]],UNIT[""degree"",0.0174532925199433,AUTHORITY[""EPSG"",""9122""]],AUTHORITY[""EPSG"",""4326""]]","{""coordinates"": [143.86346, -37.562678], ""type"": ""Point""}","-37.562678, 143.86346"
Ballarat Central,00225418,,PF-Pole Lights,R-Primary Access Roa,Bridge Mall,,"GEOGCS[""WGS 84"",DATUM[""WGS_1984"",SPHEROID[""WGS 84"",6378137,298.257223563,AUTHORITY[""EPSG"",""7030""]],AUTHORITY[""EPSG"",""6326""]],PRIMEM[""Greenwich"",0,AUTHORITY[""EPSG"",""8901""]],UNIT[""degree"",0.0174532925199433,AUTHORITY[""EPSG"",""9122""]],AUTHORITY[""EPSG"",""4326""]]","{""coordinates"": [143.863311, -37.562653], ""type"": ""Point""}","-37.562653, 143.863311"
Ballarat Central,00225425,,PF-Pole Lights,R-Primary Access Roa,Bridge Mall,,"GEOGCS[""WGS 84"",DATUM[""WGS_1984"",SPHEROID[""WGS 84"",6378137,298.257223563,AUTHORITY[""EPSG"",""7030""]],AUTHORITY[""EPSG"",""6326""]],PRIMEM[""Greenwich"",0,AUTHORITY[""EPSG"",""8901""]],UNIT[""degree"",0.0174532925199433,AUTHORITY[""EPSG"",""9122""]],AUTHORITY[""EPSG"",""4326""]]","{""coordinates"": [143.863191, -37.56264], ""type"": ""Point""}","-37.56264, 143.863191"
Ballarat Central,00225433,,PF-Pole Lights,R-Primary Access Roa,Bridge Mall,,"GEOGCS[""WGS 84"",DATUM[""WGS_1984"",SPHEROID[""WGS 84"",6378137,298.257223563,AUTHORITY[""EPSG"",""7030""]],AUTHORITY[""EPSG"",""6326""]],PRIMEM[""Greenwich"",0,AUTHORITY[""EPSG"",""8901""]],UNIT[""degree"",0.0174532925199433,AUTHORITY[""EPSG"",""9122""]],AUTHORITY[""EPSG"",""4326""]]","{""coordinates"": [143.862982, -37.562602], ""type"": ""Point""}","-37.562602, 143.862982"
Ballarat Central,00225434,,PF-Pole Lights,R-Primary Access Roa,Bridge Mall,,"GEOGCS[""WGS 84"",DATUM[""WGS_1984"",SPHEROID[""WGS 84"",6378137,298.257223563,AUTHORITY[""EPSG"",""7030""]],AUTHORITY[""EPSG"",""6326""]],PRIMEM[""Greenwich"",0,AUTHORITY[""EPSG"",""8901""]],UNIT[""degree"",0.0174532925199433,AUTHORITY[""EPSG"",""9122""]],AUTHORITY[""EPSG"",""4326""]]","{""coordinates"": [143.862841, -37.562523], ""type"": ""Point""}","-37.562523, 143.862841"
Ballarat Central,00225457,,PF-Pole Lights,R-Primary Access Roa,Bridge Mall,,"GEOGCS[""WGS 84"",DATUM[""WGS_1984"",SPHEROID[""WGS 84"",6378137,298.257223563,AUTHORITY[""EPSG"",""7030""]],AUTHORITY[""EPSG"",""6326""]],PRIMEM[""Greenwich"",0,AUTHORITY[""EPSG"",""8901""]],UNIT[""degree"",0.0174532925199433,AUTHORITY[""EPSG"",""9122""]],AUTHORITY[""EPSG"",""4326""]]","{""coordinates"": [143.861778, -37.562483], ""type"": ""Point""}","-37.562483, 143.861778"
Ballarat Central,00225471,,PF-Pole Lights,R-Primary Access Roa,Bridge Mall,,"GEOGCS[""WGS 84"",DATUM[""WGS_1984"",SPHEROID[""WGS 84"",6378137,298.257223563,AUTHORITY[""EPSG"",""7030""]],AUTHORITY[""EPSG"",""6326""]],PRIMEM[""Greenwich"",0,AUTHORITY[""EPSG"",""8901""]],UNIT[""degree"",0.0174532925199433,AUTHORITY[""EPSG"",""9122""]],AUTHORITY[""EPSG"",""4326""]]","{""coordinates"": [143.861336, -37.562344], ""type"": ""Point""}","-37.562344, 143.861336"
Ballarat Central,00225477,,PF-Pole Lights,R-Primary Access Roa,Bridge Mall,,"GEOGCS[""WGS 84"",DATUM[""WGS_1984"",SPHEROID[""WGS 84"",6378137,298.257223563,AUTHORITY[""EPSG"",""7030""]],AUTHORITY[""EPSG"",""6326""]],PRIMEM[""Greenwich"",0,AUTHORITY[""EPSG"",""8901""]],UNIT[""degree"",0.0174532925199433,AUTHORITY[""EPSG"",""9122""]],AUTHORITY[""EPSG"",""4326""]]","{""coordinates"": [143.861225, -37.562424], ""type"": ""Point""}","-37.562424, 143.861225"
Ballarat Central,00225484,,PF-Pole Lights,R-Primary Access Roa,Bridge Mall,,"GEOGCS[""WGS 84"",DATUM[""WGS_1984"",SPHEROID[""WGS 84"",6378137,298.257223563,AUTHORITY[""EPSG"",""7030""]],AUTHORITY[""EPSG"",""6326""]],PRIMEM[""Greenwich"",0,AUTHORITY[""EPSG"",""8901""]],UNIT[""degree"",0.0174532925199433,AUTHORITY[""EPSG"",""9122""]],AUTHORITY[""EPSG"",""4326""]]","{""coordinates"": [143.861212, -37.562317], ""type"": ""Point""}","-37.562317, 143.861212"
Ballarat Central,00225487,,PF-Pole Lights,R-Primary Access Roa,Bridge Mall,,"GEOGCS[""WGS 84"",DATUM[""WGS_1984"",SPHEROID[""WGS 84"",6378137,298.257223563,AUTHORITY[""EPSG"",""7030""]],AUTHORITY[""EPSG"",""6326""]],PRIMEM[""Greenwich"",0,AUTHORITY[""EPSG"",""8901""]],UNIT[""degree"",0.0174532925199433,AUTHORITY[""EPSG"",""9122""]],AUTHORITY[""EPSG"",""4326""]]","{""coordinates"": [143.861032, -37.562309], ""type"": ""Point""}","-37.562309, 143.861032"
Ballarat Central,00225535,,PF-Heritage Lighting,No Code Allocated,Lydiard Street South,,"GEOGCS[""WGS 84"",DATUM[""WGS_1984"",SPHEROID[""WGS 84"",6378137,298.257223563,AUTHORITY[""EPSG"",""7030""]],AUTHORITY[""EPSG"",""6326""]],PRIMEM[""Greenwich"",0,AUTHORITY[""EPSG"",""8901""]],UNIT[""degree"",0.0174532925199433,AUTHORITY[""EPSG"",""9122""]],AUTHORITY[""EPSG"",""4326""]]","{""coordinates"": [143.857672, -37.562613], ""type"": ""Point""}","-37.562613, 143.857672"
Ballarat Central,00225536,,PF-Heritage Lighting,No Code Allocated,Lydiard Street South,,"GEOGCS[""WGS 84"",DATUM[""WGS_1984"",SPHEROID[""WGS 84"",6378137,298.257223563,AUTHORITY[""EPSG"",""7030""]],AUTHORITY[""EPSG"",""6326""]],PRIMEM[""Greenwich"",0,AUTHORITY[""EPSG"",""8901""]],UNIT[""degree"",0.0174532925199433,AUTHORITY[""EPSG"",""9122""]],AUTHORITY[""EPSG"",""4326""]]","{""coordinates"": [143.85763, -37.562844], ""type"": ""Point""}","-37.562844, 143.85763"
Ballarat Central,00225538,,PF-Heritage Lighting,No Code Allocated,Lydiard Street South,,"GEOGCS[""WGS 84"",DATUM[""WGS_1984"",SPHEROID[""WGS 84"",6378137,298.257223563,AUTHORITY[""EPSG"",""7030""]],AUTHORITY[""EPSG"",""6326""]],PRIMEM[""Greenwich"",0,AUTHORITY[""EPSG"",""8901""]],UNIT[""degree"",0.0174532925199433,AUTHORITY[""EPSG"",""9122""]],AUTHORITY[""EPSG"",""4326""]]","{""coordinates"": [143.857589, -37.563196], ""type"": ""Point""}","-37.563196, 143.857589"
Ballarat Central,00225539,,PF-Heritage Lighting,No Code Allocated,Armstrong Street Sou,Dble Old Style,"GEOGCS[""WGS 84"",DATUM[""WGS_1984"",SPHEROID[""WGS 84"",6378137,298.257223563,AUTHORITY[""EPSG"",""7030""]],AUTHORITY[""EPSG"",""6326""]],PRIMEM[""Greenwich"",0,AUTHORITY[""EPSG"",""8901""]],UNIT[""degree"",0.0174532925199433,AUTHORITY[""EPSG"",""9122""]],AUTHORITY[""EPSG"",""4326""]]","{""coordinates"": [143.855858, -37.563782], ""type"": ""Point""}","-37.563782, 143.855858"
Ballarat Central,00225592,,PF-Heritage Lighting,No Code Allocated,Armstrong Street Sou,,"GEOGCS[""WGS 84"",DATUM[""WGS_1984"",SPHEROID[""WGS 84"",6378137,298.257223563,AUTHORITY[""EPSG"",""7030""]],AUTHORITY[""EPSG"",""6326""]],PRIMEM[""Greenwich"",0,AUTHORITY[""EPSG"",""8901""]],UNIT[""degree"",0.0174532925199433,AUTHORITY[""EPSG"",""9122""]],AUTHORITY[""EPSG"",""4326""]]","{""coordinates"": [143.855932, -37.563403], ""type"": ""Point""}","-37.563403, 143.855932"
Learmonth,00227258,,PF-Heritage Lighting,R-Primary Access Roa,High Street service,,"GEOGCS[""WGS 84"",DATUM[""WGS_1984"",SPHEROID[""WGS 84"",6378137,298.257223563,AUTHORITY[""EPSG"",""7030""]],AUTHORITY[""EPSG"",""6326""]],PRIMEM[""Greenwich"",0,AUTHORITY[""EPSG"",""8901""]],UNIT[""degree"",0.0174532925199433,AUTHORITY[""EPSG"",""9122""]],AUTHORITY[""EPSG"",""4326""]]","{""coordinates"": [143.717096, -37.423001], ""type"": ""Point""}","-37.423001, 143.717096"
Alfredton,00227594,Fair,PF-Path Lights,R-Primary Access Roa,Learmonth Street ser,Public Space Light,"GEOGCS[""WGS 84"",DATUM[""WGS_1984"",SPHEROID[""WGS 84"",6378137,298.257223563,AUTHORITY[""EPSG"",""7030""]],AUTHORITY[""EPSG"",""6326""]],PRIMEM[""Greenwich"",0,AUTHORITY[""EPSG"",""8901""]],UNIT[""degree"",0.0174532925199433,AUTHORITY[""EPSG"",""9122""]],AUTHORITY[""EPSG"",""4326""]]","{""coordinates"": [143.813415, -37.553682], ""type"": ""Point""}","-37.553682, 143.813415"
Alfredton,00227597,Fair,PF-Path Lights,R-Primary Access Roa,Learmonth Street ser,Public Space Light,"GEOGCS[""WGS 84"",DATUM[""WGS_1984"",SPHEROID[""WGS 84"",6378137,298.257223563,AUTHORITY[""EPSG"",""7030""]],AUTHORITY[""EPSG"",""6326""]],PRIMEM[""Greenwich"",0,AUTHORITY[""EPSG"",""8901""]],UNIT[""degree"",0.0174532925199433,AUTHORITY[""EPSG"",""9122""]],AUTHORITY[""EPSG"",""4326""]]","{""coordinates"": [143.81341, -37.553588], ""type"": ""Point""}","-37.553588, 143.81341"
Alfredton,00227598,Fair,PF-Path Lights,R-Primary Access Roa,Learmonth Street ser,Public Space Light,"GEOGCS[""WGS 84"",DATUM[""WGS_1984"",SPHEROID[""WGS 84"",6378137,298.257223563,AUTHORITY[""EPSG"",""7030""]],AUTHORITY[""EPSG"",""6326""]],PRIMEM[""Greenwich"",0,AUTHORITY[""EPSG"",""8901""]],UNIT[""degree"",0.0174532925199433,AUTHORITY[""EPSG"",""9122""]],AUTHORITY[""EPSG"",""4326""]]","{""coordinates"": [143.813377, -37.553626], ""type"": ""Point""}","-37.553626, 143.813377"
Alfredton,00227600,Fair,PF-Path Lights,R-Primary Access Roa,Learmonth Street ser,Public Space Light,"GEOGCS[""WGS 84"",DATUM[""WGS_1984"",SPHEROID[""WGS 84"",6378137,298.257223563,AUTHORITY[""EPSG"",""7030""]],AUTHORITY[""EPSG"",""6326""]],PRIMEM[""Greenwich"",0,AUTHORITY[""EPSG"",""8901""]],UNIT[""degree"",0.0174532925199433,AUTHORITY[""EPSG"",""9122""]],AUTHORITY[""EPSG"",""4326""]]","{""coordinates"": [143.81334, -37.553741], ""type"": ""Point""}","-37.553741, 143.81334"
Alfredton,00227601,Fair,PF-Path Lights,R-Primary Access Roa,Learmonth Street ser,Public Space Light,"GEOGCS[""WGS 84"",DATUM[""WGS_1984"",SPHEROID[""WGS 84"",6378137,298.257223563,AUTHORITY[""EPSG"",""7030""]],AUTHORITY[""EPSG"",""6326""]],PRIMEM[""Greenwich"",0,AUTHORITY[""EPSG"",""8901""]],UNIT[""degree"",0.0174532925199433,AUTHORITY[""EPSG"",""9122""]],AUTHORITY[""EPSG"",""4326""]]","{""coordinates"": [143.813297, -37.553758], ""type"": ""Point""}","-37.553758, 143.813297"
Alfredton,00233983,,PF-Sports Ground Lig,OS-District,Alfredton Recreation,,"GEOGCS[""WGS 84"",DATUM[""WGS_1984"",SPHEROID[""WGS 84"",6378137,298.257223563,AUTHORITY[""EPSG"",""7030""]],AUTHORITY[""EPSG"",""6326""]],PRIMEM[""Greenwich"",0,AUTHORITY[""EPSG"",""8901""]],UNIT[""degree"",0.0174532925199433,AUTHORITY[""EPSG"",""9122""]],AUTHORITY[""EPSG"",""4326""]]","{""coordinates"": [143.799034, -37.556833], ""type"": ""Point""}","-37.556833, 143.799034"
Ballarat Central,00235270,,PF-Heritage Lighting,No Code Allocated,Sturt Street,,"GEOGCS[""WGS 84"",DATUM[""WGS_1984"",SPHEROID[""WGS 84"",6378137,298.257223563,AUTHORITY[""EPSG"",""7030""]],AUTHORITY[""EPSG"",""6326""]],PRIMEM[""Greenwich"",0,AUTHORITY[""EPSG"",""8901""]],UNIT[""degree"",0.0174532925199433,AUTHORITY[""EPSG"",""9122""]],AUTHORITY[""EPSG"",""4326""]]","{""coordinates"": [143.857757, -37.561986], ""type"": ""Point""}","-37.561986, 143.857757"
Lake Wendouree,00235754,Bollard,PF-Path Lights,OS-State,Lake Wendouree Reser,Bollard,"GEOGCS[""WGS 84"",DATUM[""WGS_1984"",SPHEROID[""WGS 84"",6378137,298.257223563,AUTHORITY[""EPSG"",""7030""]],AUTHORITY[""EPSG"",""6326""]],PRIMEM[""Greenwich"",0,AUTHORITY[""EPSG"",""8901""]],UNIT[""degree"",0.0174532925199433,AUTHORITY[""EPSG"",""9122""]],AUTHORITY[""EPSG"",""4326""]]","{""coordinates"": [143.82268092, -37.55200995], ""type"": ""Point""}","-37.55200995, 143.82268092"
Lake Wendouree,00235758,Bollard,PF-Path Lights,OS-State,Lake Wendouree Reser,Bollard,"GEOGCS[""WGS 84"",DATUM[""WGS_1984"",SPHEROID[""WGS 84"",6378137,298.257223563,AUTHORITY[""EPSG"",""7030""]],AUTHORITY[""EPSG"",""6326""]],PRIMEM[""Greenwich"",0,AUTHORITY[""EPSG"",""8901""]],UNIT[""degree"",0.0174532925199433,AUTHORITY[""EPSG"",""9122""]],AUTHORITY[""EPSG"",""4326""]]","{""coordinates"": [143.82239292, -37.55128599], ""type"": ""Point""}","-37.55128599, 143.82239292"
Mount Clear,00270853,Mount Clear Recreation Reserve - Sports Ground Lig,PF-Sports Ground Lig,OS-District,Mount Clear Recreati,Floodlights,"GEOGCS[""WGS 84"",DATUM[""WGS_1984"",SPHEROID[""WGS 84"",6378137,298.257223563,AUTHORITY[""EPSG"",""7030""]],AUTHORITY[""EPSG"",""6326""]],PRIMEM[""Greenwich"",0,AUTHORITY[""EPSG"",""8901""]],UNIT[""degree"",0.0174532925199433,AUTHORITY[""EPSG"",""9122""]],AUTHORITY[""EPSG"",""4326""]]","{""coordinates"": [143.874512, -37.606349], ""type"": ""Point""}","-37.606349, 143.874512"
Mount Clear,00270854,Mount Clear Recreation Reserve - Sports Ground Lig,PF-Sports Ground Lig,OS-District,Mount Clear Recreati,Floodlights,"GEOGCS[""WGS 84"",DATUM[""WGS_1984"",SPHEROID[""WGS 84"",6378137,298.257223563,AUTHORITY[""EPSG"",""7030""]],AUTHORITY[""EPSG"",""6326""]],PRIMEM[""Greenwich"",0,AUTHORITY[""EPSG"",""8901""]],UNIT[""degree"",0.0174532925199433,AUTHORITY[""EPSG"",""9122""]],AUTHORITY[""EPSG"",""4326""]]","{""coordinates"": [143.874297, -37.607312], ""type"": ""Point""}","-37.607312, 143.874297"
Mount Clear,00270855,Mount Clear Recreation Reserve - Sports Ground Lig,PF-Sports Ground Lig,OS-District,Mount Clear Recreati,Floodlights,"GEOGCS[""WGS 84"",DATUM[""WGS_1984"",SPHEROID[""WGS 84"",6378137,298.257223563,AUTHORITY[""EPSG"",""7030""]],AUTHORITY[""EPSG"",""6326""]],PRIMEM[""Greenwich"",0,AUTHORITY[""EPSG"",""8901""]],UNIT[""degree"",0.0174532925199433,AUTHORITY[""EPSG"",""9122""]],AUTHORITY[""EPSG"",""4326""]]","{""coordinates"": [143.875189, -37.607499], ""type"": ""Point""}","-37.607499, 143.875189"
Lake Wendouree,00290653,City Oval (N/W Side of Oval),PF-Sports Ground Lig,OS-Regional,City Oval,3 Square Lights,"GEOGCS[""WGS 84"",DATUM[""WGS_1984"",SPHEROID[""WGS 84"",6378137,298.257223563,AUTHORITY[""EPSG"",""7030""]],AUTHORITY[""EPSG"",""6326""]],PRIMEM[""Greenwich"",0,AUTHORITY[""EPSG"",""8901""]],UNIT[""degree"",0.0174532925199433,AUTHORITY[""EPSG"",""9122""]],AUTHORITY[""EPSG"",""4326""]]","{""coordinates"": [143.8372674, -37.55755791], ""type"": ""Point""}","-37.55755791, 143.8372674"
Lake Wendouree,00290654,City Oval (N/E Side of Oval),PF-Sports Ground Lig,OS-Regional,City Oval,3 Square Lights,"GEOGCS[""WGS 84"",DATUM[""WGS_1984"",SPHEROID[""WGS 84"",6378137,298.257223563,AUTHORITY[""EPSG"",""7030""]],AUTHORITY[""EPSG"",""6326""]],PRIMEM[""Greenwich"",0,AUTHORITY[""EPSG"",""8901""]],UNIT[""degree"",0.0174532925199433,AUTHORITY[""EPSG"",""9122""]],AUTHORITY[""EPSG"",""4326""]]","{""coordinates"": [143.837104, -37.558626], ""type"": ""Point""}","-37.558626, 143.837104"
Lake Wendouree,00290655,City Oval (S/W Side of Oval),PF-Sports Ground Lig,OS-Regional,City Oval,3 Square Lights,"GEOGCS[""WGS 84"",DATUM[""WGS_1984"",SPHEROID[""WGS 84"",6378137,298.257223563,AUTHORITY[""EPSG"",""7030""]],AUTHORITY[""EPSG"",""6326""]],PRIMEM[""Greenwich"",0,AUTHORITY[""EPSG"",""8901""]],UNIT[""degree"",0.0174532925199433,AUTHORITY[""EPSG"",""9122""]],AUTHORITY[""EPSG"",""4326""]]","{""coordinates"": [143.838346, -37.558769], ""type"": ""Point""}","-37.558769, 143.838346"
Ballarat Central,00290681,Western Oval - North East Corner,PF-Sports Ground Lig,OS-District,Western Oval Reserve,Three Circular Bowl,"GEOGCS[""WGS 84"",DATUM[""WGS_1984"",SPHEROID[""WGS 84"",6378137,298.257223563,AUTHORITY[""EPSG"",""7030""]],AUTHORITY[""EPSG"",""6326""]],PRIMEM[""Greenwich"",0,AUTHORITY[""EPSG"",""8901""]],UNIT[""degree"",0.0174532925199433,AUTHORITY[""EPSG"",""9122""]],AUTHORITY[""EPSG"",""4326""]]","{""coordinates"": [143.839985, -37.56506], ""type"": ""Point""}","-37.56506, 143.839985"
Ballarat Central,00290682,Western Oval - South West Corner,PF-Sports Ground Lig,OS-District,Western Oval Reserve,Two Circular Bowl,"GEOGCS[""WGS 84"",DATUM[""WGS_1984"",SPHEROID[""WGS 84"",6378137,298.257223563,AUTHORITY[""EPSG"",""7030""]],AUTHORITY[""EPSG"",""6326""]],PRIMEM[""Greenwich"",0,AUTHORITY[""EPSG"",""8901""]],UNIT[""degree"",0.0174532925199433,AUTHORITY[""EPSG"",""9122""]],AUTHORITY[""EPSG"",""4326""]]","{""coordinates"": [143.8385923368, -37.5657585943], ""type"": ""Point""}","-37.5657585943, 143.8385923368"
Lake Wendouree,00319361,LLP 2023,PF-Path Lights,OS-State,Lake Wendouree Reser,Pole,"GEOGCS[""WGS 84"",DATUM[""WGS_1984"",SPHEROID[""WGS 84"",6378137,298.257223563,AUTHORITY[""EPSG"",""7030""]],AUTHORITY[""EPSG"",""6326""]],PRIMEM[""Greenwich"",0,AUTHORITY[""EPSG"",""8901""]],UNIT[""degree"",0.0174532925199433,AUTHORITY[""EPSG"",""9122""]],AUTHORITY[""EPSG"",""4326""]]","{""coordinates"": [143.83203102, -37.54362654], ""type"": ""Point""}","-37.54362654, 143.83203102"
Lake Wendouree,00319364,LLP 2023,PF-Path Lights,OS-State,Lake Wendouree Reser,Pole,"GEOGCS[""WGS 84"",DATUM[""WGS_1984"",SPHEROID[""WGS 84"",6378137,298.257223563,AUTHORITY[""EPSG"",""7030""]],AUTHORITY[""EPSG"",""6326""]],PRIMEM[""Greenwich"",0,AUTHORITY[""EPSG"",""8901""]],UNIT[""degree"",0.0174532925199433,AUTHORITY[""EPSG"",""9122""]],AUTHORITY[""EPSG"",""4326""]]","{""coordinates"": [143.8327143, -37.54369116], ""type"": ""Point""}","-37.54369116, 143.8327143"
Lake Wendouree,00319375,LLP 2023,PF-Path Lights,OS-State,Lake Wendouree Reser,Pole,"GEOGCS[""WGS 84"",DATUM[""WGS_1984"",SPHEROID[""WGS 84"",6378137,298.257223563,AUTHORITY[""EPSG"",""7030""]],AUTHORITY[""EPSG"",""6326""]],PRIMEM[""Greenwich"",0,AUTHORITY[""EPSG"",""8901""]],UNIT[""degree"",0.0174532925199433,AUTHORITY[""EPSG"",""9122""]],AUTHORITY[""EPSG"",""4326""]]","{""coordinates"": [143.83392894, -37.5438546], ""type"": ""Point""}","-37.5438546, 143.83392894"
Lake Wendouree,00319376,LLP 2023,PF-Path Lights,OS-State,Lake Wendouree Reser,Pole,"GEOGCS[""WGS 84"",DATUM[""WGS_1984"",SPHEROID[""WGS 84"",6378137,298.257223563,AUTHORITY[""EPSG"",""7030""]],AUTHORITY[""EPSG"",""6326""]],PRIMEM[""Greenwich"",0,AUTHORITY[""EPSG"",""8901""]],UNIT[""degree"",0.0174532925199433,AUTHORITY[""EPSG"",""9122""]],AUTHORITY[""EPSG"",""4326""]]","{""coordinates"": [143.8335936, -37.54372689], ""type"": ""Point""}","-37.54372689, 143.8335936"
Lake Wendouree,00319378,LLP 2023,PF-Path Lights,OS-State,Lake Wendouree Reser,Pole,"GEOGCS[""WGS 84"",DATUM[""WGS_1984"",SPHEROID[""WGS 84"",6378137,298.257223563,AUTHORITY[""EPSG"",""7030""]],AUTHORITY[""EPSG"",""6326""]],PRIMEM[""Greenwich"",0,AUTHORITY[""EPSG"",""8901""]],UNIT[""degree"",0.0174532925199433,AUTHORITY[""EPSG"",""9122""]],AUTHORITY[""EPSG"",""4326""]]","{""coordinates"": [143.8342281, -37.54390572], ""type"": ""Point""}","-37.54390572, 143.8342281"
Lake Wendouree,00319379,LLP 2023,PF-Path Lights,OS-State,Lake Wendouree Reser,Pole,"GEOGCS[""WGS 84"",DATUM[""WGS_1984"",SPHEROID[""WGS 84"",6378137,298.257223563,AUTHORITY[""EPSG"",""7030""]],AUTHORITY[""EPSG"",""6326""]],PRIMEM[""Greenwich"",0,AUTHORITY[""EPSG"",""8901""]],UNIT[""degree"",0.0174532925199433,AUTHORITY[""EPSG"",""9122""]],AUTHORITY[""EPSG"",""4326""]]","{""coordinates"": [143.83446246, -37.54393659], ""type"": ""Point""}","-37.54393659, 143.83446246"
Lake Wendouree,00319386,LLP 2023,PF-Path Lights,OS-State,Lake Wendouree Reser,Pole,"GEOGCS[""WGS 84"",DATUM[""WGS_1984"",SPHEROID[""WGS 84"",6378137,298.257223563,AUTHORITY[""EPSG"",""7030""]],AUTHORITY[""EPSG"",""6326""]],PRIMEM[""Greenwich"",0,AUTHORITY[""EPSG"",""8901""]],UNIT[""degree"",0.0174532925199433,AUTHORITY[""EPSG"",""9122""]],AUTHORITY[""EPSG"",""4326""]]","{""coordinates"": [143.83691118, -37.54390509], ""type"": ""Point""}","-37.54390509, 143.83691118"
Lake Wendouree,00319387,LLP 2023,PF-Path Lights,OS-State,Lake Wendouree Reser,Pole,"GEOGCS[""WGS 84"",DATUM[""WGS_1984"",SPHEROID[""WGS 84"",6378137,298.257223563,AUTHORITY[""EPSG"",""7030""]],AUTHORITY[""EPSG"",""6326""]],PRIMEM[""Greenwich"",0,AUTHORITY[""EPSG"",""8901""]],UNIT[""degree"",0.0174532925199433,AUTHORITY[""EPSG"",""9122""]],AUTHORITY[""EPSG"",""4326""]]","{""coordinates"": [143.83722546, -37.54387575], ""type"": ""Point""}","-37.54387575, 143.83722546"
Lake Wendouree,00319389,LLP 2023,PF-Path Lights,OS-State,Lake Wendouree Reser,Pole,"GEOGCS[""WGS 84"",DATUM[""WGS_1984"",SPHEROID[""WGS 84"",6378137,298.257223563,AUTHORITY[""EPSG"",""7030""]],AUTHORITY[""EPSG"",""6326""]],PRIMEM[""Greenwich"",0,AUTHORITY[""EPSG"",""8901""]],UNIT[""degree"",0.0174532925199433,AUTHORITY[""EPSG"",""9122""]],AUTHORITY[""EPSG"",""4326""]]","{""coordinates"": [143.8378164, -37.54408464], ""type"": ""Point""}","-37.54408464, 143.8378164"
Lake Wendouree,00319390,LLP 2023,PF-Path Lights,OS-State,Lake Wendouree Reser,Pole,"GEOGCS[""WGS 84"",DATUM[""WGS_1984"",SPHEROID[""WGS 84"",6378137,298.257223563,AUTHORITY[""EPSG"",""7030""]],AUTHORITY[""EPSG"",""6326""]],PRIMEM[""Greenwich"",0,AUTHORITY[""EPSG"",""8901""]],UNIT[""degree"",0.0174532925199433,AUTHORITY[""EPSG"",""9122""]],AUTHORITY[""EPSG"",""4326""]]","{""coordinates"": [143.83807056, -37.54422072], ""type"": ""Point""}","-37.54422072, 143.83807056"
Lake Wendouree,00319399,LLP 2023,PF-Path Lights,OS-State,Lake Wendouree Reser,Pole,"GEOGCS[""WGS 84"",DATUM[""WGS_1984"",SPHEROID[""WGS 84"",6378137,298.257223563,AUTHORITY[""EPSG"",""7030""]],AUTHORITY[""EPSG"",""6326""]],PRIMEM[""Greenwich"",0,AUTHORITY[""EPSG"",""8901""]],UNIT[""degree"",0.0174532925199433,AUTHORITY[""EPSG"",""9122""]],AUTHORITY[""EPSG"",""4326""]]","{""coordinates"": [143.84063952, -37.54494369], ""type"": ""Point""}","-37.54494369, 143.84063952"
Lake Wendouree,00319403,LLP 2023,PF-Path Lights,OS-State,Lake Wendouree Reser,Pole,"GEOGCS[""WGS 84"",DATUM[""WGS_1984"",SPHEROID[""WGS 84"",6378137,298.257223563,AUTHORITY[""EPSG"",""7030""]],AUTHORITY[""EPSG"",""6326""]],PRIMEM[""Greenwich"",0,AUTHORITY[""EPSG"",""8901""]],UNIT[""degree"",0.0174532925199433,AUTHORITY[""EPSG"",""9122""]],AUTHORITY[""EPSG"",""4326""]]","{""coordinates"": [143.84179152, -37.54526337], ""type"": ""Point""}","-37.54526337, 143.84179152"
Lake Wendouree,00319404,LLP 2023,PF-Path Lights,OS-State,Lake Wendouree Reser,Pole,"GEOGCS[""WGS 84"",DATUM[""WGS_1984"",SPHEROID[""WGS 84"",6378137,298.257223563,AUTHORITY[""EPSG"",""7030""]],AUTHORITY[""EPSG"",""6326""]],PRIMEM[""Greenwich"",0,AUTHORITY[""EPSG"",""8901""]],UNIT[""degree"",0.0174532925199433,AUTHORITY[""EPSG"",""9122""]],AUTHORITY[""EPSG"",""4326""]]","{""coordinates"": [143.84208348, -37.54540008], ""type"": ""Point""}","-37.54540008, 143.84208348"
Lake Wendouree,00319409,LLP 2023,PF-Path Lights,OS-State,Lake Wendouree Reser,Pole,"GEOGCS[""WGS 84"",DATUM[""WGS_1984"",SPHEROID[""WGS 84"",6378137,298.257223563,AUTHORITY[""EPSG"",""7030""]],AUTHORITY[""EPSG"",""6326""]],PRIMEM[""Greenwich"",0,AUTHORITY[""EPSG"",""8901""]],UNIT[""degree"",0.0174532925199433,AUTHORITY[""EPSG"",""9122""]],AUTHORITY[""EPSG"",""4326""]]","{""coordinates"": [143.84333808, -37.54583199], ""type"": ""Point""}","-37.54583199, 143.84333808"
Lake Wendouree,00319556,LLP 2023,PF-Path Lights,OS-State,Lake Wendouree Reser,,"GEOGCS[""WGS 84"",DATUM[""WGS_1984"",SPHEROID[""WGS 84"",6378137,298.257223563,AUTHORITY[""EPSG"",""7030""]],AUTHORITY[""EPSG"",""6326""]],PRIMEM[""Greenwich"",0,AUTHORITY[""EPSG"",""8901""]],UNIT[""degree"",0.0174532925199433,AUTHORITY[""EPSG"",""9122""]],AUTHORITY[""EPSG"",""4326""]]","{""coordinates"": [143.8440111192, -37.5463735809], ""type"": ""Point""}","-37.5463735809, 143.8440111192"
Lake Wendouree,00319559,LLP 2023,PF-Path Lights,OS-State,Lake Wendouree Reser,,"GEOGCS[""WGS 84"",DATUM[""WGS_1984"",SPHEROID[""WGS 84"",6378137,298.257223563,AUTHORITY[""EPSG"",""7030""]],AUTHORITY[""EPSG"",""6326""]],PRIMEM[""Greenwich"",0,AUTHORITY[""EPSG"",""8901""]],UNIT[""degree"",0.0174532925199433,AUTHORITY[""EPSG"",""9122""]],AUTHORITY[""EPSG"",""4326""]]","{""coordinates"": [143.844390445, -37.5471058984], ""type"": ""Point""}","-37.5471058984, 143.844390445"
Lake Wendouree,00319561,LLP 2023,PF-Path Lights,OS-State,Lake Wendouree Reser,,"GEOGCS[""WGS 84"",DATUM[""WGS_1984"",SPHEROID[""WGS 84"",6378137,298.257223563,AUTHORITY[""EPSG"",""7030""]],AUTHORITY[""EPSG"",""6326""]],PRIMEM[""Greenwich"",0,AUTHORITY[""EPSG"",""8901""]],UNIT[""degree"",0.0174532925199433,AUTHORITY[""EPSG"",""9122""]],AUTHORITY[""EPSG"",""4326""]]","{""coordinates"": [143.8444647913, -37.5475720377], ""type"": ""Point""}","-37.5475720377, 143.8444647913"
Lake Wendouree,00319562,,PF-Path Lights,OS-State,Lake Wendouree Reser,,"GEOGCS[""WGS 84"",DATUM[""WGS_1984"",SPHEROID[""WGS 84"",6378137,298.257223563,AUTHORITY[""EPSG"",""7030""]],AUTHORITY[""EPSG"",""6326""]],PRIMEM[""Greenwich"",0,AUTHORITY[""EPSG"",""8901""]],UNIT[""degree"",0.0174532925199433,AUTHORITY[""EPSG"",""9122""]],AUTHORITY[""EPSG"",""4326""]]","{""coordinates"": [143.8444949824, -37.5477916875], ""type"": ""Point""}","-37.5477916875, 143.8444949824"
Lake Wendouree,00319563,LLP 2023,PF-Path Lights,OS-State,Lake Wendouree Reser,,"GEOGCS[""WGS 84"",DATUM[""WGS_1984"",SPHEROID[""WGS 84"",6378137,298.257223563,AUTHORITY[""EPSG"",""7030""]],AUTHORITY[""EPSG"",""6326""]],PRIMEM[""Greenwich"",0,AUTHORITY[""EPSG"",""8901""]],UNIT[""degree"",0.0174532925199433,AUTHORITY[""EPSG"",""9122""]],AUTHORITY[""EPSG"",""4326""]]","{""coordinates"": [143.8445245194, -37.5480542489], ""type"": ""Point""}","-37.5480542489, 143.8445245194"
Lake Wendouree,00319565,LLP 2023,PF-Path Lights,OS-State,Lake Wendouree Reser,,"GEOGCS[""WGS 84"",DATUM[""WGS_1984"",SPHEROID[""WGS 84"",6378137,298.257223563,AUTHORITY[""EPSG"",""7030""]],AUTHORITY[""EPSG"",""6326""]],PRIMEM[""Greenwich"",0,AUTHORITY[""EPSG"",""8901""]],UNIT[""degree"",0.0174532925199433,AUTHORITY[""EPSG"",""9122""]],AUTHORITY[""EPSG"",""4326""]]","{""coordinates"": [143.8447583337, -37.5485104841], ""type"": ""Point""}","-37.5485104841, 143.8447583337"
Lake Wendouree,00319568,LLP 2023,PF-Path Lights,OS-State,Lake Wendouree Reser,,"GEOGCS[""WGS 84"",DATUM[""WGS_1984"",SPHEROID[""WGS 84"",6378137,298.257223563,AUTHORITY[""EPSG"",""7030""]],AUTHORITY[""EPSG"",""6326""]],PRIMEM[""Greenwich"",0,AUTHORITY[""EPSG"",""8901""]],UNIT[""degree"",0.0174532925199433,AUTHORITY[""EPSG"",""9122""]],AUTHORITY[""EPSG"",""4326""]]","{""coordinates"": [143.8449518224, -37.5491861639], ""type"": ""Point""}","-37.5491861639, 143.8449518224"
Lake Wendouree,00319570,LLP 2023,PF-Path Lights,OS-State,Lake Wendouree Reser,,"GEOGCS[""WGS 84"",DATUM[""WGS_1984"",SPHEROID[""WGS 84"",6378137,298.257223563,AUTHORITY[""EPSG"",""7030""]],AUTHORITY[""EPSG"",""6326""]],PRIMEM[""Greenwich"",0,AUTHORITY[""EPSG"",""8901""]],UNIT[""degree"",0.0174532925199433,AUTHORITY[""EPSG"",""9122""]],AUTHORITY[""EPSG"",""4326""]]","{""coordinates"": [143.845028994, -37.5496146574], ""type"": ""Point""}","-37.5496146574, 143.845028994"
Lake Wendouree,00319571,LLP 2023,PF-Path Lights,OS-State,Lake Wendouree Reser,,"GEOGCS[""WGS 84"",DATUM[""WGS_1984"",SPHEROID[""WGS 84"",6378137,298.257223563,AUTHORITY[""EPSG"",""7030""]],AUTHORITY[""EPSG"",""6326""]],PRIMEM[""Greenwich"",0,AUTHORITY[""EPSG"",""8901""]],UNIT[""degree"",0.0174532925199433,AUTHORITY[""EPSG"",""9122""]],AUTHORITY[""EPSG"",""4326""]]","{""coordinates"": [143.845007622, -37.5497594179], ""type"": ""Point""}","-37.5497594179, 143.845007622"
Lake Wendouree,00319572,LLP 2023,PF-Path Lights,OS-State,Lake Wendouree Reser,,"GEOGCS[""WGS 84"",DATUM[""WGS_1984"",SPHEROID[""WGS 84"",6378137,298.257223563,AUTHORITY[""EPSG"",""7030""]],AUTHORITY[""EPSG"",""6326""]],PRIMEM[""Greenwich"",0,AUTHORITY[""EPSG"",""8901""]],UNIT[""degree"",0.0174532925199433,AUTHORITY[""EPSG"",""9122""]],AUTHORITY[""EPSG"",""4326""]]","{""coordinates"": [143.8450275408, -37.5499654968], ""type"": ""Point""}","-37.5499654968, 143.8450275408"
Lake Wendouree,00319573,LLP 2023,PF-Path Lights,OS-State,Lake Wendouree Reser,,"GEOGCS[""WGS 84"",DATUM[""WGS_1984"",SPHEROID[""WGS 84"",6378137,298.257223563,AUTHORITY[""EPSG"",""7030""]],AUTHORITY[""EPSG"",""6326""]],PRIMEM[""Greenwich"",0,AUTHORITY[""EPSG"",""8901""]],UNIT[""degree"",0.0174532925199433,AUTHORITY[""EPSG"",""9122""]],AUTHORITY[""EPSG"",""4326""]]","{""coordinates"": [143.8450317291, -37.5502212561], ""type"": ""Point""}","-37.5502212561, 143.8450317291"
Lake Wendouree,00319574,LLP 2023,PF-Path Lights,OS-State,Lake Wendouree Reser,,"GEOGCS[""WGS 84"",DATUM[""WGS_1984"",SPHEROID[""WGS 84"",6378137,298.257223563,AUTHORITY[""EPSG"",""7030""]],AUTHORITY[""EPSG"",""6326""]],PRIMEM[""Greenwich"",0,AUTHORITY[""EPSG"",""8901""]],UNIT[""degree"",0.0174532925199433,AUTHORITY[""EPSG"",""9122""]],AUTHORITY[""EPSG"",""4326""]]","{""coordinates"": [143.8449874903, -37.5504516314], ""type"": ""Point""}","-37.5504516314, 143.8449874903"
Lake Wendouree,00319576,LLP 2023,PF-Path Lights,OS-State,Lake Wendouree Reser,,"GEOGCS[""WGS 84"",DATUM[""WGS_1984"",SPHEROID[""WGS 84"",6378137,298.257223563,AUTHORITY[""EPSG"",""7030""]],AUTHORITY[""EPSG"",""6326""]],PRIMEM[""Greenwich"",0,AUTHORITY[""EPSG"",""8901""]],UNIT[""degree"",0.0174532925199433,AUTHORITY[""EPSG"",""9122""]],AUTHORITY[""EPSG"",""4326""]]","{""coordinates"": [143.8449789624, -37.5508540229], ""type"": ""Point""}","-37.5508540229, 143.8449789624"
Lake Wendouree,00319577,LLP 2023,PF-Path Lights,OS-State,Lake Wendouree Reser,,"GEOGCS[""WGS 84"",DATUM[""WGS_1984"",SPHEROID[""WGS 84"",6378137,298.257223563,AUTHORITY[""EPSG"",""7030""]],AUTHORITY[""EPSG"",""6326""]],PRIMEM[""Greenwich"",0,AUTHORITY[""EPSG"",""8901""]],UNIT[""degree"",0.0174532925199433,AUTHORITY[""EPSG"",""9122""]],AUTHORITY[""EPSG"",""4326""]]","{""coordinates"": [143.8449897478, -37.5510011207], ""type"": ""Point""}","-37.5510011207, 143.8449897478"
Lake Wendouree,00319583,LLP 2023,PF-Path Lights,OS-State,Lake Wendouree Reser,,"GEOGCS[""WGS 84"",DATUM[""WGS_1984"",SPHEROID[""WGS 84"",6378137,298.257223563,AUTHORITY[""EPSG"",""7030""]],AUTHORITY[""EPSG"",""6326""]],PRIMEM[""Greenwich"",0,AUTHORITY[""EPSG"",""8901""]],UNIT[""degree"",0.0174532925199433,AUTHORITY[""EPSG"",""9122""]],AUTHORITY[""EPSG"",""4326""]]","{""coordinates"": [143.8444552938, -37.5523591938], ""type"": ""Point""}","-37.5523591938, 143.8444552938"
Lake Wendouree,00319599,LLP2023,PF-Path Lights,OS-State,Lake Wendouree Reser,,"GEOGCS[""WGS 84"",DATUM[""WGS_1984"",SPHEROID[""WGS 84"",6378137,298.257223563,AUTHORITY[""EPSG"",""7030""]],AUTHORITY[""EPSG"",""6326""]],PRIMEM[""Greenwich"",0,AUTHORITY[""EPSG"",""8901""]],UNIT[""degree"",0.0174532925199433,AUTHORITY[""EPSG"",""9122""]],AUTHORITY[""EPSG"",""4326""]]","{""coordinates"": [143.844003395, -37.55292754], ""type"": ""Point""}","-37.55292754, 143.844003395"
Lake Wendouree,00319601,LLP2023,PF-Path Lights,OS-State,Lake Wendouree Reser,,"GEOGCS[""WGS 84"",DATUM[""WGS_1984"",SPHEROID[""WGS 84"",6378137,298.257223563,AUTHORITY[""EPSG"",""7030""]],AUTHORITY[""EPSG"",""6326""]],PRIMEM[""Greenwich"",0,AUTHORITY[""EPSG"",""8901""]],UNIT[""degree"",0.0174532925199433,AUTHORITY[""EPSG"",""9122""]],AUTHORITY[""EPSG"",""4326""]]","{""coordinates"": [143.8426202845, -37.5540520782], ""type"": ""Point""}","-37.5540520782, 143.8426202845"
Lake Wendouree,00319602,LLP2023,PF-Path Lights,OS-State,Lake Wendouree Reser,,"GEOGCS[""WGS 84"",DATUM[""WGS_1984"",SPHEROID[""WGS 84"",6378137,298.257223563,AUTHORITY[""EPSG"",""7030""]],AUTHORITY[""EPSG"",""6326""]],PRIMEM[""Greenwich"",0,AUTHORITY[""EPSG"",""8901""]],UNIT[""degree"",0.0174532925199433,AUTHORITY[""EPSG"",""9122""]],AUTHORITY[""EPSG"",""4326""]]","{""coordinates"": [143.842720858, -37.5537712248], ""type"": ""Point""}","-37.5537712248, 143.842720858"
Lake Wendouree,00319603,LLP2023,PF-Path Lights,OS-State,Lake Wendouree Reser,,"GEOGCS[""WGS 84"",DATUM[""WGS_1984"",SPHEROID[""WGS 84"",6378137,298.257223563,AUTHORITY[""EPSG"",""7030""]],AUTHORITY[""EPSG"",""6326""]],PRIMEM[""Greenwich"",0,AUTHORITY[""EPSG"",""8901""]],UNIT[""degree"",0.0174532925199433,AUTHORITY[""EPSG"",""9122""]],AUTHORITY[""EPSG"",""4326""]]","{""coordinates"": [143.8430039458, -37.5535799997], ""type"": ""Point""}","-37.5535799997, 143.8430039458"
Lake Wendouree,00319604,LLP2023,PF-Path Lights,OS-State,Lake Wendouree Reser,,"GEOGCS[""WGS 84"",DATUM[""WGS_1984"",SPHEROID[""WGS 84"",6378137,298.257223563,AUTHORITY[""EPSG"",""7030""]],AUTHORITY[""EPSG"",""6326""]],PRIMEM[""Greenwich"",0,AUTHORITY[""EPSG"",""8901""]],UNIT[""degree"",0.0174532925199433,AUTHORITY[""EPSG"",""9122""]],AUTHORITY[""EPSG"",""4326""]]","{""coordinates"": [143.8431936137, -37.5534757325], ""type"": ""Point""}","-37.5534757325, 143.8431936137"
Lake Wendouree,00319613,LLP2023,PF-Path Lights,OS-State,Lake Wendouree Reser,,"GEOGCS[""WGS 84"",DATUM[""WGS_1984"",SPHEROID[""WGS 84"",6378137,298.257223563,AUTHORITY[""EPSG"",""7030""]],AUTHORITY[""EPSG"",""6326""]],PRIMEM[""Greenwich"",0,AUTHORITY[""EPSG"",""8901""]],UNIT[""degree"",0.0174532925199433,AUTHORITY[""EPSG"",""9122""]],AUTHORITY[""EPSG"",""4326""]]","{""coordinates"": [143.8420831096, -37.5552213946], ""type"": ""Point""}","-37.5552213946, 143.8420831096"
Lake Wendouree,00319616,LLP2023,PF-Path Lights,OS-State,Lake Wendouree Reser,,"GEOGCS[""WGS 84"",DATUM[""WGS_1984"",SPHEROID[""WGS 84"",6378137,298.257223563,AUTHORITY[""EPSG"",""7030""]],AUTHORITY[""EPSG"",""6326""]],PRIMEM[""Greenwich"",0,AUTHORITY[""EPSG"",""8901""]],UNIT[""degree"",0.0174532925199433,AUTHORITY[""EPSG"",""9122""]],AUTHORITY[""EPSG"",""4326""]]","{""coordinates"": [143.8411335616, -37.5558782559], ""type"": ""Point""}","-37.5558782559, 143.8411335616"
Lake Wendouree,00319619,LLP2023,PF-Path Lights,OS-State,Lake Wendouree Reser,,"GEOGCS[""WGS 84"",DATUM[""WGS_1984"",SPHEROID[""WGS 84"",6378137,298.257223563,AUTHORITY[""EPSG"",""7030""]],AUTHORITY[""EPSG"",""6326""]],PRIMEM[""Greenwich"",0,AUTHORITY[""EPSG"",""8901""]],UNIT[""degree"",0.0174532925199433,AUTHORITY[""EPSG"",""9122""]],AUTHORITY[""EPSG"",""4326""]]","{""coordinates"": [143.8402403256, -37.5558486136], ""type"": ""Point""}","-37.5558486136, 143.8402403256"
Lake Wendouree,00319621,LLP2023,PF-Path Lights,OS-State,Lake Wendouree Reser,,"GEOGCS[""WGS 84"",DATUM[""WGS_1984"",SPHEROID[""WGS 84"",6378137,298.257223563,AUTHORITY[""EPSG"",""7030""]],AUTHORITY[""EPSG"",""6326""]],PRIMEM[""Greenwich"",0,AUTHORITY[""EPSG"",""8901""]],UNIT[""degree"",0.0174532925199433,AUTHORITY[""EPSG"",""9122""]],AUTHORITY[""EPSG"",""4326""]]","{""coordinates"": [143.8397317875, -37.5558191217], ""type"": ""Point""}","-37.5558191217, 143.8397317875"
Lake Wendouree,00319623,LLP2023,PF-Path Lights,OS-State,Lake Wendouree Reser,,"GEOGCS[""WGS 84"",DATUM[""WGS_1984"",SPHEROID[""WGS 84"",6378137,298.257223563,AUTHORITY[""EPSG"",""7030""]],AUTHORITY[""EPSG"",""6326""]],PRIMEM[""Greenwich"",0,AUTHORITY[""EPSG"",""8901""]],UNIT[""degree"",0.0174532925199433,AUTHORITY[""EPSG"",""9122""]],AUTHORITY[""EPSG"",""4326""]]","{""coordinates"": [143.8391477595, -37.5558494565], ""type"": ""Point""}","-37.5558494565, 143.8391477595"
Lake Wendouree,00319629,LLP2023,PF-Path Lights,OS-State,Lake Wendouree Reser,,"GEOGCS[""WGS 84"",DATUM[""WGS_1984"",SPHEROID[""WGS 84"",6378137,298.257223563,AUTHORITY[""EPSG"",""7030""]],AUTHORITY[""EPSG"",""6326""]],PRIMEM[""Greenwich"",0,AUTHORITY[""EPSG"",""8901""]],UNIT[""degree"",0.0174532925199433,AUTHORITY[""EPSG"",""9122""]],AUTHORITY[""EPSG"",""4326""]]","{""coordinates"": [143.837260913, -37.5562421809], ""type"": ""Point""}","-37.5562421809, 143.837260913"
Lake Wendouree,00319630,LLP2023,PF-Path Lights,OS-State,Lake Wendouree Reser,,"GEOGCS[""WGS 84"",DATUM[""WGS_1984"",SPHEROID[""WGS 84"",6378137,298.257223563,AUTHORITY[""EPSG"",""7030""]],AUTHORITY[""EPSG"",""6326""]],PRIMEM[""Greenwich"",0,AUTHORITY[""EPSG"",""8901""]],UNIT[""degree"",0.0174532925199433,AUTHORITY[""EPSG"",""9122""]],AUTHORITY[""EPSG"",""4326""]]","{""coordinates"": [143.8369413609, -37.5563001119], ""type"": ""Point""}","-37.5563001119, 143.8369413609"
Lake Wendouree,00319633,LLP2023,PF-Path Lights,OS-State,Lake Wendouree Reser,,"GEOGCS[""WGS 84"",DATUM[""WGS_1984"",SPHEROID[""WGS 84"",6378137,298.257223563,AUTHORITY[""EPSG"",""7030""]],AUTHORITY[""EPSG"",""6326""]],PRIMEM[""Greenwich"",0,AUTHORITY[""EPSG"",""8901""]],UNIT[""degree"",0.0174532925199433,AUTHORITY[""EPSG"",""9122""]],AUTHORITY[""EPSG"",""4326""]]","{""coordinates"": [143.8362131928, -37.5564427625], ""type"": ""Point""}","-37.5564427625, 143.8362131928"
Lake Wendouree,00319634,LLP2023,PF-Path Lights,OS-State,Lake Wendouree Reser,,"GEOGCS[""WGS 84"",DATUM[""WGS_1984"",SPHEROID[""WGS 84"",6378137,298.257223563,AUTHORITY[""EPSG"",""7030""]],AUTHORITY[""EPSG"",""6326""]],PRIMEM[""Greenwich"",0,AUTHORITY[""EPSG"",""8901""]],UNIT[""degree"",0.0174532925199433,AUTHORITY[""EPSG"",""9122""]],AUTHORITY[""EPSG"",""4326""]]","{""coordinates"": [143.8359560885, -37.5564321532], ""type"": ""Point""}","-37.5564321532, 143.8359560885"
Lake Wendouree,00319636,LLP2023,PF-Path Lights,OS-State,Lake Wendouree Reser,,"GEOGCS[""WGS 84"",DATUM[""WGS_1984"",SPHEROID[""WGS 84"",6378137,298.257223563,AUTHORITY[""EPSG"",""7030""]],AUTHORITY[""EPSG"",""6326""]],PRIMEM[""Greenwich"",0,AUTHORITY[""EPSG"",""8901""]],UNIT[""degree"",0.0174532925199433,AUTHORITY[""EPSG"",""9122""]],AUTHORITY[""EPSG"",""4326""]]","{""coordinates"": [143.835301901, -37.5563404243], ""type"": ""Point""}","-37.5563404243, 143.835301901"
Lake Wendouree,00319643,LLP2023,PF-Path Lights,OS-State,Lake Wendouree Reser,,"GEOGCS[""WGS 84"",DATUM[""WGS_1984"",SPHEROID[""WGS 84"",6378137,298.257223563,AUTHORITY[""EPSG"",""7030""]],AUTHORITY[""EPSG"",""6326""]],PRIMEM[""Greenwich"",0,AUTHORITY[""EPSG"",""8901""]],UNIT[""degree"",0.0174532925199433,AUTHORITY[""EPSG"",""9122""]],AUTHORITY[""EPSG"",""4326""]]","{""coordinates"": [143.8334517169, -37.5565283942], ""type"": ""Point""}","-37.5565283942, 143.8334517169"
Lake Wendouree,00319644,LLP2023,PF-Path Lights,OS-State,Lake Wendouree Reser,,"GEOGCS[""WGS 84"",DATUM[""WGS_1984"",SPHEROID[""WGS 84"",6378137,298.257223563,AUTHORITY[""EPSG"",""7030""]],AUTHORITY[""EPSG"",""6326""]],PRIMEM[""Greenwich"",0,AUTHORITY[""EPSG"",""8901""]],UNIT[""degree"",0.0174532925199433,AUTHORITY[""EPSG"",""9122""]],AUTHORITY[""EPSG"",""4326""]]","{""coordinates"": [143.8331018986, -37.5565287958], ""type"": ""Point""}","-37.5565287958, 143.8331018986"
Lake Wendouree,00319646,LLP2023,PF-Path Lights,OS-State,Lake Wendouree Reser,,"GEOGCS[""WGS 84"",DATUM[""WGS_1984"",SPHEROID[""WGS 84"",6378137,298.257223563,AUTHORITY[""EPSG"",""7030""]],AUTHORITY[""EPSG"",""6326""]],PRIMEM[""Greenwich"",0,AUTHORITY[""EPSG"",""8901""]],UNIT[""degree"",0.0174532925199433,AUTHORITY[""EPSG"",""9122""]],AUTHORITY[""EPSG"",""4326""]]","{""coordinates"": [143.8325618414, -37.5564357813], ""type"": ""Point""}","-37.5564357813, 143.8325618414"
Lake Wendouree,00319647,LLP2023,PF-Path Lights,OS-State,Lake Wendouree Reser,,"GEOGCS[""WGS 84"",DATUM[""WGS_1984"",SPHEROID[""WGS 84"",6378137,298.257223563,AUTHORITY[""EPSG"",""7030""]],AUTHORITY[""EPSG"",""6326""]],PRIMEM[""Greenwich"",0,AUTHORITY[""EPSG"",""8901""]],UNIT[""degree"",0.0174532925199433,AUTHORITY[""EPSG"",""9122""]],AUTHORITY[""EPSG"",""4326""]]","{""coordinates"": [143.8323382113, -37.5563325024], ""type"": ""Point""}","-37.5563325024, 143.8323382113"
Lake Wendouree,00320605,LLP2023,PF-Path Lights,OS-State,Lake Wendouree Reser,,"GEOGCS[""WGS 84"",DATUM[""WGS_1984"",SPHEROID[""WGS 84"",6378137,298.257223563,AUTHORITY[""EPSG"",""7030""]],AUTHORITY[""EPSG"",""6326""]],PRIMEM[""Greenwich"",0,AUTHORITY[""EPSG"",""8901""]],UNIT[""degree"",0.0174532925199433,AUTHORITY[""EPSG"",""9122""]],AUTHORITY[""EPSG"",""4326""]]","{""coordinates"": [143.8319728819, -37.5562756796], ""type"": ""Point""}","-37.5562756796, 143.8319728819"
Lake Wendouree,00320610,LLP2023,PF-Path Lights,OS-State,Lake Wendouree Reser,,"GEOGCS[""WGS 84"",DATUM[""WGS_1984"",SPHEROID[""WGS 84"",6378137,298.257223563,AUTHORITY[""EPSG"",""7030""]],AUTHORITY[""EPSG"",""6326""]],PRIMEM[""Greenwich"",0,AUTHORITY[""EPSG"",""8901""]],UNIT[""degree"",0.0174532925199433,AUTHORITY[""EPSG"",""9122""]],AUTHORITY[""EPSG"",""4326""]]","{""coordinates"": [143.830628582, -37.5559323513], ""type"": ""Point""}","-37.5559323513, 143.830628582"
Lake Wendouree,00320612,LLP2023,PF-Path Lights,OS-State,Lake Wendouree Reser,,"GEOGCS[""WGS 84"",DATUM[""WGS_1984"",SPHEROID[""WGS 84"",6378137,298.257223563,AUTHORITY[""EPSG"",""7030""]],AUTHORITY[""EPSG"",""6326""]],PRIMEM[""Greenwich"",0,AUTHORITY[""EPSG"",""8901""]],UNIT[""degree"",0.0174532925199433,AUTHORITY[""EPSG"",""9122""]],AUTHORITY[""EPSG"",""4326""]]","{""coordinates"": [143.8300083914, -37.5559561561], ""type"": ""Point""}","-37.5559561561, 143.8300083914"
Lake Wendouree,00320615,LLP2023,PF-Path Lights,OS-State,Lake Wendouree Reser,,"GEOGCS[""WGS 84"",DATUM[""WGS_1984"",SPHEROID[""WGS 84"",6378137,298.257223563,AUTHORITY[""EPSG"",""7030""]],AUTHORITY[""EPSG"",""6326""]],PRIMEM[""Greenwich"",0,AUTHORITY[""EPSG"",""8901""]],UNIT[""degree"",0.0174532925199433,AUTHORITY[""EPSG"",""9122""]],AUTHORITY[""EPSG"",""4326""]]","{""coordinates"": [143.8293339197, -37.55622808], ""type"": ""Point""}","-37.55622808, 143.8293339197"
Lake Wendouree,00320616,LLP2023,PF-Path Lights,OS-State,Lake Wendouree Reser,,"GEOGCS[""WGS 84"",DATUM[""WGS_1984"",SPHEROID[""WGS 84"",6378137,298.257223563,AUTHORITY[""EPSG"",""7030""]],AUTHORITY[""EPSG"",""6326""]],PRIMEM[""Greenwich"",0,AUTHORITY[""EPSG"",""8901""]],UNIT[""degree"",0.0174532925199433,AUTHORITY[""EPSG"",""9122""]],AUTHORITY[""EPSG"",""4326""]]","{""coordinates"": [143.8290729084, -37.5563571749], ""type"": ""Point""}","-37.5563571749, 143.8290729084"
Lake Wendouree,00320621,LLP2023,PF-Path Lights,OS-State,Lake Wendouree Reser,,"GEOGCS[""WGS 84"",DATUM[""WGS_1984"",SPHEROID[""WGS 84"",6378137,298.257223563,AUTHORITY[""EPSG"",""7030""]],AUTHORITY[""EPSG"",""6326""]],PRIMEM[""Greenwich"",0,AUTHORITY[""EPSG"",""8901""]],UNIT[""degree"",0.0174532925199433,AUTHORITY[""EPSG"",""9122""]],AUTHORITY[""EPSG"",""4326""]]","{""coordinates"": [143.8278660199, -37.5567459384], ""type"": ""Point""}","-37.5567459384, 143.8278660199"
Lake Wendouree,00320626,LLP2023,PF-Path Lights,OS-State,Lake Wendouree Reser,,"GEOGCS[""WGS 84"",DATUM[""WGS_1984"",SPHEROID[""WGS 84"",6378137,298.257223563,AUTHORITY[""EPSG"",""7030""]],AUTHORITY[""EPSG"",""6326""]],PRIMEM[""Greenwich"",0,AUTHORITY[""EPSG"",""8901""]],UNIT[""degree"",0.0174532925199433,AUTHORITY[""EPSG"",""9122""]],AUTHORITY[""EPSG"",""4326""]]","{""coordinates"": [143.8266146671, -37.556533421], ""type"": ""Point""}","-37.556533421, 143.8266146671"
Lake Wendouree,00320629,LLP2023,PF-Path Lights,OS-State,Lake Wendouree Reser,,"GEOGCS[""WGS 84"",DATUM[""WGS_1984"",SPHEROID[""WGS 84"",6378137,298.257223563,AUTHORITY[""EPSG"",""7030""]],AUTHORITY[""EPSG"",""6326""]],PRIMEM[""Greenwich"",0,AUTHORITY[""EPSG"",""8901""]],UNIT[""degree"",0.0174532925199433,AUTHORITY[""EPSG"",""9122""]],AUTHORITY[""EPSG"",""4326""]]","{""coordinates"": [143.8258328637, -37.5562950834], ""type"": ""Point""}","-37.5562950834, 143.8258328637"
Lake Wendouree,00321678,LLP2023,PF-Path Lights,OS-State,Lake Wendouree Reser,,"GEOGCS[""WGS 84"",DATUM[""WGS_1984"",SPHEROID[""WGS 84"",6378137,298.257223563,AUTHORITY[""EPSG"",""7030""]],AUTHORITY[""EPSG"",""6326""]],PRIMEM[""Greenwich"",0,AUTHORITY[""EPSG"",""8901""]],UNIT[""degree"",0.0174532925199433,AUTHORITY[""EPSG"",""9122""]],AUTHORITY[""EPSG"",""4326""]]","{""coordinates"": [143.8246929646, -37.5560574558], ""type"": ""Point""}","-37.5560574558, 143.8246929646"
Lake Wendouree,00321680,LLP2023,PF-Path Lights,OS-State,Lake Wendouree Reser,,"GEOGCS[""WGS 84"",DATUM[""WGS_1984"",SPHEROID[""WGS 84"",6378137,298.257223563,AUTHORITY[""EPSG"",""7030""]],AUTHORITY[""EPSG"",""6326""]],PRIMEM[""Greenwich"",0,AUTHORITY[""EPSG"",""8901""]],UNIT[""degree"",0.0174532925199433,AUTHORITY[""EPSG"",""9122""]],AUTHORITY[""EPSG"",""4326""]]","{""coordinates"": [143.8242048025, -37.5558969169], ""type"": ""Point""}","-37.5558969169, 143.8242048025"
Lake Wendouree,00321681,LLP2023,PF-Path Lights,OS-State,Lake Wendouree Reser,,"GEOGCS[""WGS 84"",DATUM[""WGS_1984"",SPHEROID[""WGS 84"",6378137,298.257223563,AUTHORITY[""EPSG"",""7030""]],AUTHORITY[""EPSG"",""6326""]],PRIMEM[""Greenwich"",0,AUTHORITY[""EPSG"",""8901""]],UNIT[""degree"",0.0174532925199433,AUTHORITY[""EPSG"",""9122""]],AUTHORITY[""EPSG"",""4326""]]","{""coordinates"": [143.8239043951, -37.5559011696], ""type"": ""Point""}","-37.5559011696, 143.8239043951"
Lake Wendouree,00321683,LLP2023,PF-Path Lights,OS-State,Lake Wendouree Reser,,"GEOGCS[""WGS 84"",DATUM[""WGS_1984"",SPHEROID[""WGS 84"",6378137,298.257223563,AUTHORITY[""EPSG"",""7030""]],AUTHORITY[""EPSG"",""6326""]],PRIMEM[""Greenwich"",0,AUTHORITY[""EPSG"",""8901""]],UNIT[""degree"",0.0174532925199433,AUTHORITY[""EPSG"",""9122""]],AUTHORITY[""EPSG"",""4326""]]","{""coordinates"": [143.8232593239, -37.5557767783], ""type"": ""Point""}","-37.5557767783, 143.8232593239"
Lake Wendouree,00321686,LLP2023,PF-Path Lights,OS-State,Lake Wendouree Reser,,"GEOGCS[""WGS 84"",DATUM[""WGS_1984"",SPHEROID[""WGS 84"",6378137,298.257223563,AUTHORITY[""EPSG"",""7030""]],AUTHORITY[""EPSG"",""6326""]],PRIMEM[""Greenwich"",0,AUTHORITY[""EPSG"",""8901""]],UNIT[""degree"",0.0174532925199433,AUTHORITY[""EPSG"",""9122""]],AUTHORITY[""EPSG"",""4326""]]","{""coordinates"": [143.8227813407, -37.5551757113], ""type"": ""Point""}","-37.5551757113, 143.8227813407"
Lake Wendouree,00321726,LLP2023,PF-Path Lights,OS-State,Lake Wendouree Reser,,"GEOGCS[""WGS 84"",DATUM[""WGS_1984"",SPHEROID[""WGS 84"",6378137,298.257223563,AUTHORITY[""EPSG"",""7030""]],AUTHORITY[""EPSG"",""6326""]],PRIMEM[""Greenwich"",0,AUTHORITY[""EPSG"",""8901""]],UNIT[""degree"",0.0174532925199433,AUTHORITY[""EPSG"",""9122""]],AUTHORITY[""EPSG"",""4326""]]","{""coordinates"": [143.8225780731, -37.5548627123], ""type"": ""Point""}","-37.5548627123, 143.8225780731"
Lake Wendouree,00321731,LLP2023,PF-Path Lights,OS-State,Lake Wendouree Reser,,"GEOGCS[""WGS 84"",DATUM[""WGS_1984"",SPHEROID[""WGS 84"",6378137,298.257223563,AUTHORITY[""EPSG"",""7030""]],AUTHORITY[""EPSG"",""6326""]],PRIMEM[""Greenwich"",0,AUTHORITY[""EPSG"",""8901""]],UNIT[""degree"",0.0174532925199433,AUTHORITY[""EPSG"",""9122""]],AUTHORITY[""EPSG"",""4326""]]","{""coordinates"": [143.822717057, -37.5535923752], ""type"": ""Point""}","-37.5535923752, 143.822717057"
Lake Wendouree,00321732,LLP2023,PF-Path Lights,OS-State,Lake Wendouree Reser,,"GEOGCS[""WGS 84"",DATUM[""WGS_1984"",SPHEROID[""WGS 84"",6378137,298.257223563,AUTHORITY[""EPSG"",""7030""]],AUTHORITY[""EPSG"",""6326""]],PRIMEM[""Greenwich"",0,AUTHORITY[""EPSG"",""8901""]],UNIT[""degree"",0.0174532925199433,AUTHORITY[""EPSG"",""9122""]],AUTHORITY[""EPSG"",""4326""]]","{""coordinates"": [143.8227101326, -37.5533257402], ""type"": ""Point""}","-37.5533257402, 143.8227101326"
Lake Wendouree,00321735,LLP2023,PF-Path Lights,OS-State,Lake Wendouree Reser,,"GEOGCS[""WGS 84"",DATUM[""WGS_1984"",SPHEROID[""WGS 84"",6378137,298.257223563,AUTHORITY[""EPSG"",""7030""]],AUTHORITY[""EPSG"",""6326""]],PRIMEM[""Greenwich"",0,AUTHORITY[""EPSG"",""8901""]],UNIT[""degree"",0.0174532925199433,AUTHORITY[""EPSG"",""9122""]],AUTHORITY[""EPSG"",""4326""]]","{""coordinates"": [143.8226186871, -37.5526450815], ""type"": ""Point""}","-37.5526450815, 143.8226186871"
Lake Wendouree,00321738,LLP2023,PF-Path Lights,OS-State,Lake Wendouree Reser,,"GEOGCS[""WGS 84"",DATUM[""WGS_1984"",SPHEROID[""WGS 84"",6378137,298.257223563,AUTHORITY[""EPSG"",""7030""]],AUTHORITY[""EPSG"",""6326""]],PRIMEM[""Greenwich"",0,AUTHORITY[""EPSG"",""8901""]],UNIT[""degree"",0.0174532925199433,AUTHORITY[""EPSG"",""9122""]],AUTHORITY[""EPSG"",""4326""]]","{""coordinates"": [143.8226132614, -37.5519632959], ""type"": ""Point""}","-37.5519632959, 143.8226132614"
Lake Wendouree,00321741,LLP2023,PF-Path Lights,OS-State,Lake Wendouree Reser,,"GEOGCS[""WGS 84"",DATUM[""WGS_1984"",SPHEROID[""WGS 84"",6378137,298.257223563,AUTHORITY[""EPSG"",""7030""]],AUTHORITY[""EPSG"",""6326""]],PRIMEM[""Greenwich"",0,AUTHORITY[""EPSG"",""8901""]],UNIT[""degree"",0.0174532925199433,AUTHORITY[""EPSG"",""9122""]],AUTHORITY[""EPSG"",""4326""]]","{""coordinates"": [143.8223677481, -37.5513868918], ""type"": ""Point""}","-37.5513868918, 143.8223677481"
Lake Wendouree,00321742,LLP2023,PF-Path Lights,OS-State,Lake Wendouree Reser,,"GEOGCS[""WGS 84"",DATUM[""WGS_1984"",SPHEROID[""WGS 84"",6378137,298.257223563,AUTHORITY[""EPSG"",""7030""]],AUTHORITY[""EPSG"",""6326""]],PRIMEM[""Greenwich"",0,AUTHORITY[""EPSG"",""8901""]],UNIT[""degree"",0.0174532925199433,AUTHORITY[""EPSG"",""9122""]],AUTHORITY[""EPSG"",""4326""]]","{""coordinates"": [143.8222867238, -37.5511440518], ""type"": ""Point""}","-37.5511440518, 143.8222867238"
Lake Wendouree,00321743,LLP2023,PF-Path Lights,OS-State,Lake Wendouree Reser,,"GEOGCS[""WGS 84"",DATUM[""WGS_1984"",SPHEROID[""WGS 84"",6378137,298.257223563,AUTHORITY[""EPSG"",""7030""]],AUTHORITY[""EPSG"",""6326""]],PRIMEM[""Greenwich"",0,AUTHORITY[""EPSG"",""8901""]],UNIT[""degree"",0.0174532925199433,AUTHORITY[""EPSG"",""9122""]],AUTHORITY[""EPSG"",""4326""]]","{""coordinates"": [143.8222353438, -37.5509853694], ""type"": ""Point""}","-37.5509853694, 143.8222353438"
Lake Wendouree,00321745,LLP2023,PF-Path Lights,OS-State,Lake Wendouree Reser,,"GEOGCS[""WGS 84"",DATUM[""WGS_1984"",SPHEROID[""WGS 84"",6378137,298.257223563,AUTHORITY[""EPSG"",""7030""]],AUTHORITY[""EPSG"",""6326""]],PRIMEM[""Greenwich"",0,AUTHORITY[""EPSG"",""8901""]],UNIT[""degree"",0.0174532925199433,AUTHORITY[""EPSG"",""9122""]],AUTHORITY[""EPSG"",""4326""]]","{""coordinates"": [143.8222230611, -37.5505196936], ""type"": ""Point""}","-37.5505196936, 143.8222230611"
Lake Wendouree,00321751,LLP2023,PF-Path Lights,OS-State,Lake Wendouree Reser,,"GEOGCS[""WGS 84"",DATUM[""WGS_1984"",SPHEROID[""WGS 84"",6378137,298.257223563,AUTHORITY[""EPSG"",""7030""]],AUTHORITY[""EPSG"",""6326""]],PRIMEM[""Greenwich"",0,AUTHORITY[""EPSG"",""8901""]],UNIT[""degree"",0.0174532925199433,AUTHORITY[""EPSG"",""9122""]],AUTHORITY[""EPSG"",""4326""]]","{""coordinates"": [143.8222992421, -37.5491265038], ""type"": ""Point""}","-37.5491265038, 143.8222992421"
Lake Wendouree,00321755,LLP2023,PF-Path Lights,OS-State,Lake Wendouree Reser,,"GEOGCS[""WGS 84"",DATUM[""WGS_1984"",SPHEROID[""WGS 84"",6378137,298.257223563,AUTHORITY[""EPSG"",""7030""]],AUTHORITY[""EPSG"",""6326""]],PRIMEM[""Greenwich"",0,AUTHORITY[""EPSG"",""8901""]],UNIT[""degree"",0.0174532925199433,AUTHORITY[""EPSG"",""9122""]],AUTHORITY[""EPSG"",""4326""]]","{""coordinates"": [143.8226698501, -37.548145153], ""type"": ""Point""}","-37.548145153, 143.8226698501"
Lake Wendouree,00321757,LLP2023,PF-Path Lights,OS-State,Lake Wendouree Reser,,"GEOGCS[""WGS 84"",DATUM[""WGS_1984"",SPHEROID[""WGS 84"",6378137,298.257223563,AUTHORITY[""EPSG"",""7030""]],AUTHORITY[""EPSG"",""6326""]],PRIMEM[""Greenwich"",0,AUTHORITY[""EPSG"",""8901""]],UNIT[""degree"",0.0174532925199433,AUTHORITY[""EPSG"",""9122""]],AUTHORITY[""EPSG"",""4326""]]","{""coordinates"": [143.822760459, -37.5477098945], ""type"": ""Point""}","-37.5477098945, 143.822760459"
Lake Wendouree,00321760,LLP2023,PF-Path Lights,OS-State,Lake Wendouree Reser,,"GEOGCS[""WGS 84"",DATUM[""WGS_1984"",SPHEROID[""WGS 84"",6378137,298.257223563,AUTHORITY[""EPSG"",""7030""]],AUTHORITY[""EPSG"",""6326""]],PRIMEM[""Greenwich"",0,AUTHORITY[""EPSG"",""8901""]],UNIT[""degree"",0.0174532925199433,AUTHORITY[""EPSG"",""9122""]],AUTHORITY[""EPSG"",""4326""]]","{""coordinates"": [143.8228937138, -37.5470549154], ""type"": ""Point""}","-37.5470549154, 143.8228937138"
Lake Wendouree,00321763,LLP2023,PF-Path Lights,OS-State,Lake Wendouree Reser,,"GEOGCS[""WGS 84"",DATUM[""WGS_1984"",SPHEROID[""WGS 84"",6378137,298.257223563,AUTHORITY[""EPSG"",""7030""]],AUTHORITY[""EPSG"",""6326""]],PRIMEM[""Greenwich"",0,AUTHORITY[""EPSG"",""8901""]],UNIT[""degree"",0.0174532925199433,AUTHORITY[""EPSG"",""9122""]],AUTHORITY[""EPSG"",""4326""]]","{""coordinates"": [143.8231076418, -37.546306415], ""type"": ""Point""}","-37.546306415, 143.8231076418"
Lake Wendouree,00321774,LLP2023,PF-Path Lights,OS-State,Lake Wendouree Reser,,"GEOGCS[""WGS 84"",DATUM[""WGS_1984"",SPHEROID[""WGS 84"",6378137,298.257223563,AUTHORITY[""EPSG"",""7030""]],AUTHORITY[""EPSG"",""6326""]],PRIMEM[""Greenwich"",0,AUTHORITY[""EPSG"",""8901""]],UNIT[""degree"",0.0174532925199433,AUTHORITY[""EPSG"",""9122""]],AUTHORITY[""EPSG"",""4326""]]","{""coordinates"": [143.8239615642, -37.5451777896], ""type"": ""Point""}","-37.5451777896, 143.8239615642"
Lake Wendouree,00323229,N/E Corner City Oval Netball Court Light Tower 1,PF-Sports Ground Lig,OS-Regional,City Oval,,"GEOGCS[""WGS 84"",DATUM[""WGS_1984"",SPHEROID[""WGS 84"",6378137,298.257223563,AUTHORITY[""EPSG"",""7030""]],AUTHORITY[""EPSG"",""6326""]],PRIMEM[""Greenwich"",0,AUTHORITY[""EPSG"",""8901""]],UNIT[""degree"",0.0174532925199433,AUTHORITY[""EPSG"",""9122""]],AUTHORITY[""EPSG"",""4326""]]","{""coordinates"": [143.83708056, -37.55699802], ""type"": ""Point""}","-37.55699802, 143.83708056"
Lake Wendouree,00323245,S/W Corner City Oval Netball Court Light Tower 3,PF-Sports Ground Lig,OS-Regional,City Oval,,"GEOGCS[""WGS 84"",DATUM[""WGS_1984"",SPHEROID[""WGS 84"",6378137,298.257223563,AUTHORITY[""EPSG"",""7030""]],AUTHORITY[""EPSG"",""6326""]],PRIMEM[""Greenwich"",0,AUTHORITY[""EPSG"",""8901""]],UNIT[""degree"",0.0174532925199433,AUTHORITY[""EPSG"",""9122""]],AUTHORITY[""EPSG"",""4326""]]","{""coordinates"": [143.83675206, -37.55716065], ""type"": ""Point""}","-37.55716065, 143.83675206"
Lake Wendouree,00323246,N/W Corner City Oval Netball Court Light Tower 4,PF-Sports Ground Lig,OS-Regional,City Oval,,"GEOGCS[""WGS 84"",DATUM[""WGS_1984"",SPHEROID[""WGS 84"",6378137,298.257223563,AUTHORITY[""EPSG"",""7030""]],AUTHORITY[""EPSG"",""6326""]],PRIMEM[""Greenwich"",0,AUTHORITY[""EPSG"",""8901""]],UNIT[""degree"",0.0174532925199433,AUTHORITY[""EPSG"",""9122""]],AUTHORITY[""EPSG"",""4326""]]","{""coordinates"": [143.8367877, -37.55696706], ""type"": ""Point""}","-37.55696706, 143.8367877"
Redan,00324573,Pleasant Street Reserve Sports Flood Lighting SP4,PF-Sports Ground Lig,OS-Neighbourhood,Pleasant Street Rese,,"GEOGCS[""WGS 84"",DATUM[""WGS_1984"",SPHEROID[""WGS 84"",6378137,298.257223563,AUTHORITY[""EPSG"",""7030""]],AUTHORITY[""EPSG"",""6326""]],PRIMEM[""Greenwich"",0,AUTHORITY[""EPSG"",""8901""]],UNIT[""degree"",0.0174532925199433,AUTHORITY[""EPSG"",""9122""]],AUTHORITY[""EPSG"",""4326""]]","{""coordinates"": [143.83581498, -37.57208067], ""type"": ""Point""}","-37.57208067, 143.83581498"
Redan,00324574,Pleasant Street Reserve Sports Flood Lighting SP5,PF-Sports Ground Lig,OS-Neighbourhood,Pleasant Street Rese,,"GEOGCS[""WGS 84"",DATUM[""WGS_1984"",SPHEROID[""WGS 84"",6378137,298.257223563,AUTHORITY[""EPSG"",""7030""]],AUTHORITY[""EPSG"",""6326""]],PRIMEM[""Greenwich"",0,AUTHORITY[""EPSG"",""8901""]],UNIT[""degree"",0.0174532925199433,AUTHORITY[""EPSG"",""9122""]],AUTHORITY[""EPSG"",""4326""]]","{""coordinates"": [143.83667538, -37.57122909], ""type"": ""Point""}","-37.57122909, 143.83667538"
Redan,00324575,Pleasant Street Reserve Sports Flood Lighting SP6,PF-Sports Ground Lig,OS-Neighbourhood,Pleasant Street Rese,,"GEOGCS[""WGS 84"",DATUM[""WGS_1984"",SPHEROID[""WGS 84"",6378137,298.257223563,AUTHORITY[""EPSG"",""7030""]],AUTHORITY[""EPSG"",""6326""]],PRIMEM[""Greenwich"",0,AUTHORITY[""EPSG"",""8901""]],UNIT[""degree"",0.0174532925199433,AUTHORITY[""EPSG"",""9122""]],AUTHORITY[""EPSG"",""4326""]]","{""coordinates"": [143.83650438, -37.57213872], ""type"": ""Point""}","-37.57213872, 143.83650438"
Redan,00324583,Trekado Park Sports Light - Junior Pitch SP1,PF-Sports Ground Lig,OS-District,Trekardo Park,,"GEOGCS[""WGS 84"",DATUM[""WGS_1984"",SPHEROID[""WGS 84"",6378137,298.257223563,AUTHORITY[""EPSG"",""7030""]],AUTHORITY[""EPSG"",""6326""]],PRIMEM[""Greenwich"",0,AUTHORITY[""EPSG"",""8901""]],UNIT[""degree"",0.0174532925199433,AUTHORITY[""EPSG"",""9122""]],AUTHORITY[""EPSG"",""4326""]]","{""coordinates"": [143.83722168, -37.57138632], ""type"": ""Point""}","-37.57138632, 143.83722168"
Newington,00324628,Victoria Park Oval 4 Sport Lighting Pole No. 2,PF-Sports Ground Lig,OS-Regional,Victoria Park,,"GEOGCS[""WGS 84"",DATUM[""WGS_1984"",SPHEROID[""WGS 84"",6378137,298.257223563,AUTHORITY[""EPSG"",""7030""]],AUTHORITY[""EPSG"",""6326""]],PRIMEM[""Greenwich"",0,AUTHORITY[""EPSG"",""8901""]],UNIT[""degree"",0.0174532925199433,AUTHORITY[""EPSG"",""9122""]],AUTHORITY[""EPSG"",""4326""]]","{""coordinates"": [143.82100854, -37.56188772], ""type"": ""Point""}","-37.56188772, 143.82100854"
Newington,00324631,Victoria Park Oval 4 Sport Lighting Pole No. 4,PF-Sports Ground Lig,OS-Regional,Victoria Park,,"GEOGCS[""WGS 84"",DATUM[""WGS_1984"",SPHEROID[""WGS 84"",6378137,298.257223563,AUTHORITY[""EPSG"",""7030""]],AUTHORITY[""EPSG"",""6326""]],PRIMEM[""Greenwich"",0,AUTHORITY[""EPSG"",""8901""]],UNIT[""degree"",0.0174532925199433,AUTHORITY[""EPSG"",""9122""]],AUTHORITY[""EPSG"",""4326""]]","{""coordinates"": [143.81961372, -37.5605604], ""type"": ""Point""}","-37.5605604, 143.81961372"
Wendouree,00324710,Northern Oval Netball Court Sports Flood Light (LP,PF-Sports Ground Lig,OS-Regional,Northern Oval Reserv,,"GEOGCS[""WGS 84"",DATUM[""WGS_1984"",SPHEROID[""WGS 84"",6378137,298.257223563,AUTHORITY[""EPSG"",""7030""]],AUTHORITY[""EPSG"",""6326""]],PRIMEM[""Greenwich"",0,AUTHORITY[""EPSG"",""8901""]],UNIT[""degree"",0.0174532925199433,AUTHORITY[""EPSG"",""9122""]],AUTHORITY[""EPSG"",""4326""]]","{""coordinates"": [143.84801862, -37.53766674], ""type"": ""Point""}","-37.53766674, 143.84801862"
Wendouree,00324756,Wendouree West Recreation Reserve Sports Floodligh,PF-Sports Ground Lig,OS-District,Wendouree West Recre,,"GEOGCS[""WGS 84"",DATUM[""WGS_1984"",SPHEROID[""WGS 84"",6378137,298.257223563,AUTHORITY[""EPSG"",""7030""]],AUTHORITY[""EPSG"",""6326""]],PRIMEM[""Greenwich"",0,AUTHORITY[""EPSG"",""8901""]],UNIT[""degree"",0.0174532925199433,AUTHORITY[""EPSG"",""9122""]],AUTHORITY[""EPSG"",""4326""]]","{""coordinates"": [143.81777646, -37.52559801], ""type"": ""Point""}","-37.52559801, 143.81777646"
Wendouree,00324761,Wendouree West Recreation Reserve Sports Floodligh,PF-Sports Ground Lig,OS-District,Wendouree West Recre,,"GEOGCS[""WGS 84"",DATUM[""WGS_1984"",SPHEROID[""WGS 84"",6378137,298.257223563,AUTHORITY[""EPSG"",""7030""]],AUTHORITY[""EPSG"",""6326""]],PRIMEM[""Greenwich"",0,AUTHORITY[""EPSG"",""8901""]],UNIT[""degree"",0.0174532925199433,AUTHORITY[""EPSG"",""9122""]],AUTHORITY[""EPSG"",""4326""]]","{""coordinates"": [143.81940924, -37.52438526], ""type"": ""Point""}","-37.52438526, 143.81940924"
Lake Wendouree,00324867,LLP2023,PF-Path Lights,OS-State,Lake Wendouree Reser,,"GEOGCS[""WGS 84"",DATUM[""WGS_1984"",SPHEROID[""WGS 84"",6378137,298.257223563,AUTHORITY[""EPSG"",""7030""]],AUTHORITY[""EPSG"",""6326""]],PRIMEM[""Greenwich"",0,AUTHORITY[""EPSG"",""8901""]],UNIT[""degree"",0.0174532925199433,AUTHORITY[""EPSG"",""9122""]],AUTHORITY[""EPSG"",""4326""]]","{""coordinates"": [143.8280616954, -37.5436842651], ""type"": ""Point""}","-37.5436842651, 143.8280616954"
Lake Wendouree,00324868,LLP2023,PF-Path Lights,OS-State,Lake Wendouree Reser,,"GEOGCS[""WGS 84"",DATUM[""WGS_1984"",SPHEROID[""WGS 84"",6378137,298.257223563,AUTHORITY[""EPSG"",""7030""]],AUTHORITY[""EPSG"",""6326""]],PRIMEM[""Greenwich"",0,AUTHORITY[""EPSG"",""8901""]],UNIT[""degree"",0.0174532925199433,AUTHORITY[""EPSG"",""9122""]],AUTHORITY[""EPSG"",""4326""]]","{""coordinates"": [143.8277756319, -37.5437356208], ""type"": ""Point""}","-37.5437356208, 143.8277756319"
Lake Wendouree,00324869,LLP2023,PF-Path Lights,OS-State,Lake Wendouree Reser,,"GEOGCS[""WGS 84"",DATUM[""WGS_1984"",SPHEROID[""WGS 84"",6378137,298.257223563,AUTHORITY[""EPSG"",""7030""]],AUTHORITY[""EPSG"",""6326""]],PRIMEM[""Greenwich"",0,AUTHORITY[""EPSG"",""8901""]],UNIT[""degree"",0.0174532925199433,AUTHORITY[""EPSG"",""9122""]],AUTHORITY[""EPSG"",""4326""]]","{""coordinates"": [143.827484619, -37.5438226369], ""type"": ""Point""}","-37.5438226369, 143.827484619"
Lake Wendouree,00324878,LLP2023,PF-Path Lights,OS-State,Lake Wendouree Reser,,"GEOGCS[""WGS 84"",DATUM[""WGS_1984"",SPHEROID[""WGS 84"",6378137,298.257223563,AUTHORITY[""EPSG"",""7030""]],AUTHORITY[""EPSG"",""6326""]],PRIMEM[""Greenwich"",0,AUTHORITY[""EPSG"",""8901""]],UNIT[""degree"",0.0174532925199433,AUTHORITY[""EPSG"",""9122""]],AUTHORITY[""EPSG"",""4326""]]","{""coordinates"": [143.8247556995, -37.5447822647], ""type"": ""Point""}","-37.5447822647, 143.8247556995"
Lake Wendouree,00324883,LLP2023 Morrison Street,PF-Path Lights,R-Primary Access Roa,Morrison Street,,"GEOGCS[""WGS 84"",DATUM[""WGS_1984"",SPHEROID[""WGS 84"",6378137,298.257223563,AUTHORITY[""EPSG"",""7030""]],AUTHORITY[""EPSG"",""6326""]],PRIMEM[""Greenwich"",0,AUTHORITY[""EPSG"",""8901""]],UNIT[""degree"",0.0174532925199433,AUTHORITY[""EPSG"",""9122""]],AUTHORITY[""EPSG"",""4326""]]","{""coordinates"": [143.8248303397, -37.5575323934], ""type"": ""Point""}","-37.5575323934, 143.8248303397"
Lake Wendouree,00324885,LLP2023 Morrison Street,PF-Path Lights,R-Primary Access Roa,Morrison Street,,"GEOGCS[""WGS 84"",DATUM[""WGS_1984"",SPHEROID[""WGS 84"",6378137,298.257223563,AUTHORITY[""EPSG"",""7030""]],AUTHORITY[""EPSG"",""6326""]],PRIMEM[""Greenwich"",0,AUTHORITY[""EPSG"",""8901""]],UNIT[""degree"",0.0174532925199433,AUTHORITY[""EPSG"",""9122""]],AUTHORITY[""EPSG"",""4326""]]","{""coordinates"": [143.8248953309, -37.5571358582], ""type"": ""Point""}","-37.5571358582, 143.8248953309"
Alfredton,00212252,,PF-Path Lights,No Code Allocated,Learmonth Street ser,Bollard Light 2,"GEOGCS[""WGS 84"",DATUM[""WGS_1984"",SPHEROID[""WGS 84"",6378137,298.257223563,AUTHORITY[""EPSG"",""7030""]],AUTHORITY[""EPSG"",""6326""]],PRIMEM[""Greenwich"",0,AUTHORITY[""EPSG"",""8901""]],UNIT[""degree"",0.0174532925199433,AUTHORITY[""EPSG"",""9122""]],AUTHORITY[""EPSG"",""4326""]]","{""coordinates"": [143.813452, -37.553585], ""type"": ""Point""}","-37.553585, 143.813452"
Alfredton,00212254,,PF-Path Lights,No Code Allocated,Learmonth Street ser,Bollard Light 2,"GEOGCS[""WGS 84"",DATUM[""WGS_1984"",SPHEROID[""WGS 84"",6378137,298.257223563,AUTHORITY[""EPSG"",""7030""]],AUTHORITY[""EPSG"",""6326""]],PRIMEM[""Greenwich"",0,AUTHORITY[""EPSG"",""8901""]],UNIT[""degree"",0.0174532925199433,AUTHORITY[""EPSG"",""9122""]],AUTHORITY[""EPSG"",""4326""]]","{""coordinates"": [143.813373, -37.553556], ""type"": ""Point""}","-37.553556, 143.813373"
Alfredton,00212257,,PF-Path Lights,No Code Allocated,Learmonth Street ser,Bollard Light 2,"GEOGCS[""WGS 84"",DATUM[""WGS_1984"",SPHEROID[""WGS 84"",6378137,298.257223563,AUTHORITY[""EPSG"",""7030""]],AUTHORITY[""EPSG"",""6326""]],PRIMEM[""Greenwich"",0,AUTHORITY[""EPSG"",""8901""]],UNIT[""degree"",0.0174532925199433,AUTHORITY[""EPSG"",""9122""]],AUTHORITY[""EPSG"",""4326""]]","{""coordinates"": [143.813276, -37.553692], ""type"": ""Point""}","-37.553692, 143.813276"
Alfredton,00212259,,PF-Path Lights,No Code Allocated,Learmonth Street ser,Bollard Light 2,"GEOGCS[""WGS 84"",DATUM[""WGS_1984"",SPHEROID[""WGS 84"",6378137,298.257223563,AUTHORITY[""EPSG"",""7030""]],AUTHORITY[""EPSG"",""6326""]],PRIMEM[""Greenwich"",0,AUTHORITY[""EPSG"",""8901""]],UNIT[""degree"",0.0174532925199433,AUTHORITY[""EPSG"",""9122""]],AUTHORITY[""EPSG"",""4326""]]","{""coordinates"": [143.813233, -37.553771], ""type"": ""Point""}","-37.553771, 143.813233"
Alfredton,00212261,,PF-Path Lights,No Code Allocated,Learmonth Street ser,Bollard Light 2,"GEOGCS[""WGS 84"",DATUM[""WGS_1984"",SPHEROID[""WGS 84"",6378137,298.257223563,AUTHORITY[""EPSG"",""7030""]],AUTHORITY[""EPSG"",""6326""]],PRIMEM[""Greenwich"",0,AUTHORITY[""EPSG"",""8901""]],UNIT[""degree"",0.0174532925199433,AUTHORITY[""EPSG"",""9122""]],AUTHORITY[""EPSG"",""4326""]]","{""coordinates"": [143.813264, -37.5538], ""type"": ""Point""}","-37.5538, 143.813264"
Alfredton,00212272,Alfredton Recreation Reserve,PF-Sports Ground Lig,OS-District,Alfredton Recreation,2 Rounded Square Lig,"GEOGCS[""WGS 84"",DATUM[""WGS_1984"",SPHEROID[""WGS 84"",6378137,298.257223563,AUTHORITY[""EPSG"",""7030""]],AUTHORITY[""EPSG"",""6326""]],PRIMEM[""Greenwich"",0,AUTHORITY[""EPSG"",""8901""]],UNIT[""degree"",0.0174532925199433,AUTHORITY[""EPSG"",""9122""]],AUTHORITY[""EPSG"",""4326""]]","{""coordinates"": [143.800089971, -37.5550977336], ""type"": ""Point""}","-37.5550977336, 143.800089971"
Lake Wendouree,00212365,Ballarat Botanical Gardens,PF-Heritage Lighting,OS-Regional,Ballarat Botanical G,Decorative Lantern,"GEOGCS[""WGS 84"",DATUM[""WGS_1984"",SPHEROID[""WGS 84"",6378137,298.257223563,AUTHORITY[""EPSG"",""7030""]],AUTHORITY[""EPSG"",""6326""]],PRIMEM[""Greenwich"",0,AUTHORITY[""EPSG"",""8901""]],UNIT[""degree"",0.0174532925199433,AUTHORITY[""EPSG"",""9122""]],AUTHORITY[""EPSG"",""4326""]]","{""coordinates"": [143.8216390726, -37.5501149927], ""type"": ""Point""}","-37.5501149927, 143.8216390726"
Lake Wendouree,00212366,Ballarat Botanical Gardens,PF-Heritage Lighting,OS-Regional,Ballarat Botanical G,Decorative Lantern,"GEOGCS[""WGS 84"",DATUM[""WGS_1984"",SPHEROID[""WGS 84"",6378137,298.257223563,AUTHORITY[""EPSG"",""7030""]],AUTHORITY[""EPSG"",""6326""]],PRIMEM[""Greenwich"",0,AUTHORITY[""EPSG"",""8901""]],UNIT[""degree"",0.0174532925199433,AUTHORITY[""EPSG"",""9122""]],AUTHORITY[""EPSG"",""4326""]]","{""coordinates"": [143.8212520638, -37.5499219974], ""type"": ""Point""}","-37.5499219974, 143.8212520638"
Lake Wendouree,00212375,Ballarat Botanical Gardens,PF-Heritage Lighting,OS-Regional,Ballarat Botanical G,Decorative Lantern,"GEOGCS[""WGS 84"",DATUM[""WGS_1984"",SPHEROID[""WGS 84"",6378137,298.257223563,AUTHORITY[""EPSG"",""7030""]],AUTHORITY[""EPSG"",""6326""]],PRIMEM[""Greenwich"",0,AUTHORITY[""EPSG"",""8901""]],UNIT[""degree"",0.0174532925199433,AUTHORITY[""EPSG"",""9122""]],AUTHORITY[""EPSG"",""4326""]]","{""coordinates"": [143.820738929, -37.548582027], ""type"": ""Point""}","-37.548582027, 143.820738929"
Lake Wendouree,00212377,Ballarat Botanical Gardens,PF-Heritage Lighting,OS-Regional,Ballarat Botanical G,Decorative Lantern,"GEOGCS[""WGS 84"",DATUM[""WGS_1984"",SPHEROID[""WGS 84"",6378137,298.257223563,AUTHORITY[""EPSG"",""7030""]],AUTHORITY[""EPSG"",""6326""]],PRIMEM[""Greenwich"",0,AUTHORITY[""EPSG"",""8901""]],UNIT[""degree"",0.0174532925199433,AUTHORITY[""EPSG"",""9122""]],AUTHORITY[""EPSG"",""4326""]]","{""coordinates"": [143.821360929, -37.5474989664], ""type"": ""Point""}","-37.5474989664, 143.821360929"
Lake Wendouree,00212379,Ballarat Botanical Gardens,PF-Heritage Lighting,OS-Regional,Ballarat Botanical G,Decorative Lantern,"GEOGCS[""WGS 84"",DATUM[""WGS_1984"",SPHEROID[""WGS 84"",6378137,298.257223563,AUTHORITY[""EPSG"",""7030""]],AUTHORITY[""EPSG"",""6326""]],PRIMEM[""Greenwich"",0,AUTHORITY[""EPSG"",""8901""]],UNIT[""degree"",0.0174532925199433,AUTHORITY[""EPSG"",""9122""]],AUTHORITY[""EPSG"",""4326""]]","{""coordinates"": [143.8210909586, -37.5467320055], ""type"": ""Point""}","-37.5467320055, 143.8210909586"
Lake Wendouree,00212382,Ballarat Botanical Gardens,PF-Pole Lights,OS-Regional,Ballarat Botanical G,Hanging Ball,"GEOGCS[""WGS 84"",DATUM[""WGS_1984"",SPHEROID[""WGS 84"",6378137,298.257223563,AUTHORITY[""EPSG"",""7030""]],AUTHORITY[""EPSG"",""6326""]],PRIMEM[""Greenwich"",0,AUTHORITY[""EPSG"",""8901""]],UNIT[""degree"",0.0174532925199433,AUTHORITY[""EPSG"",""9122""]],AUTHORITY[""EPSG"",""4326""]]","{""coordinates"": [143.8224600006, -37.5470700704], ""type"": ""Point""}","-37.5470700704, 143.8224600006"
Lake Wendouree,00212383,Ballarat Botanical Gardens,PF-Heritage Lighting,OS-Regional,Ballarat Botanical G,Decorative Lantern,"GEOGCS[""WGS 84"",DATUM[""WGS_1984"",SPHEROID[""WGS 84"",6378137,298.257223563,AUTHORITY[""EPSG"",""7030""]],AUTHORITY[""EPSG"",""6326""]],PRIMEM[""Greenwich"",0,AUTHORITY[""EPSG"",""8901""]],UNIT[""degree"",0.0174532925199433,AUTHORITY[""EPSG"",""9122""]],AUTHORITY[""EPSG"",""4326""]]","{""coordinates"": [143.8223310281, -37.5470649576], ""type"": ""Point""}","-37.5470649576, 143.8223310281"
Lake Wendouree,00212385,Ballarat Botanical Gardens,PF-Heritage Lighting,OS-Regional,Ballarat Botanical G,Decorative Lantern,"GEOGCS[""WGS 84"",DATUM[""WGS_1984"",SPHEROID[""WGS 84"",6378137,298.257223563,AUTHORITY[""EPSG"",""7030""]],AUTHORITY[""EPSG"",""6326""]],PRIMEM[""Greenwich"",0,AUTHORITY[""EPSG"",""8901""]],UNIT[""degree"",0.0174532925199433,AUTHORITY[""EPSG"",""9122""]],AUTHORITY[""EPSG"",""4326""]]","{""coordinates"": [143.8218780196, -37.5473359709], ""type"": ""Point""}","-37.5473359709, 143.8218780196"
Lake Wendouree,00212386,Ballarat Botanical Gardens,PF-Pole Lights,OS-Regional,Ballarat Botanical G,Street,"GEOGCS[""WGS 84"",DATUM[""WGS_1984"",SPHEROID[""WGS 84"",6378137,298.257223563,AUTHORITY[""EPSG"",""7030""]],AUTHORITY[""EPSG"",""6326""]],PRIMEM[""Greenwich"",0,AUTHORITY[""EPSG"",""8901""]],UNIT[""degree"",0.0174532925199433,AUTHORITY[""EPSG"",""9122""]],AUTHORITY[""EPSG"",""4326""]]","{""coordinates"": [143.8223650065, -37.5475029694], ""type"": ""Point""}","-37.5475029694, 143.8223650065"
Lake Wendouree,00212387,Ballarat Botanical Gardens,PF-Pole Lights,OS-Regional,Ballarat Botanical G,Street,"GEOGCS[""WGS 84"",DATUM[""WGS_1984"",SPHEROID[""WGS 84"",6378137,298.257223563,AUTHORITY[""EPSG"",""7030""]],AUTHORITY[""EPSG"",""6326""]],PRIMEM[""Greenwich"",0,AUTHORITY[""EPSG"",""8901""]],UNIT[""degree"",0.0174532925199433,AUTHORITY[""EPSG"",""9122""]],AUTHORITY[""EPSG"",""4326""]]","{""coordinates"": [143.8222759442, -37.5478259978], ""type"": ""Point""}","-37.5478259978, 143.8222759442"
Lake Wendouree,00212389,Ballarat Botanical Gardens,PF-Heritage Lighting,OS-Regional,Ballarat Botanical G,Decorative Lantern,"GEOGCS[""WGS 84"",DATUM[""WGS_1984"",SPHEROID[""WGS 84"",6378137,298.257223563,AUTHORITY[""EPSG"",""7030""]],AUTHORITY[""EPSG"",""6326""]],PRIMEM[""Greenwich"",0,AUTHORITY[""EPSG"",""8901""]],UNIT[""degree"",0.0174532925199433,AUTHORITY[""EPSG"",""9122""]],AUTHORITY[""EPSG"",""4326""]]","{""coordinates"": [143.8224329567, -37.5464770293], ""type"": ""Point""}","-37.5464770293, 143.8224329567"
Lake Wendouree,00212395,Ballarat Botanical Gardens,PF-Heritage Lighting,OS-Regional,Ballarat Botanical G,Decorative Lantern,"GEOGCS[""WGS 84"",DATUM[""WGS_1984"",SPHEROID[""WGS 84"",6378137,298.257223563,AUTHORITY[""EPSG"",""7030""]],AUTHORITY[""EPSG"",""6326""]],PRIMEM[""Greenwich"",0,AUTHORITY[""EPSG"",""8901""]],UNIT[""degree"",0.0174532925199433,AUTHORITY[""EPSG"",""9122""]],AUTHORITY[""EPSG"",""4326""]]","{""coordinates"": [143.8216859731, -37.5465420127], ""type"": ""Point""}","-37.5465420127, 143.8216859731"
Buninyong,00212487,Buninyong Community Facility,PF-Sports Ground Lig,OS-District,Buninyong Recreation,8 Square on Crossbar,"GEOGCS[""WGS 84"",DATUM[""WGS_1984"",SPHEROID[""WGS 84"",6378137,298.257223563,AUTHORITY[""EPSG"",""7030""]],AUTHORITY[""EPSG"",""6326""]],PRIMEM[""Greenwich"",0,AUTHORITY[""EPSG"",""8901""]],UNIT[""degree"",0.0174532925199433,AUTHORITY[""EPSG"",""9122""]],AUTHORITY[""EPSG"",""4326""]]","{""coordinates"": [143.891871046, -37.649430046], ""type"": ""Point""}","-37.649430046, 143.891871046"
Cardigan Village,00212505,Cardigan Village Reserve,PF-Pole Lights,OS-Neighbourhood,Cardigan Village Par,Lamp on Tall Steel P,"GEOGCS[""WGS 84"",DATUM[""WGS_1984"",SPHEROID[""WGS 84"",6378137,298.257223563,AUTHORITY[""EPSG"",""7030""]],AUTHORITY[""EPSG"",""6326""]],PRIMEM[""Greenwich"",0,AUTHORITY[""EPSG"",""8901""]],UNIT[""degree"",0.0174532925199433,AUTHORITY[""EPSG"",""9122""]],AUTHORITY[""EPSG"",""4326""]]","{""coordinates"": [143.709214049, -37.5140250367], ""type"": ""Point""}","-37.5140250367, 143.709214049"
Cardigan Village,00212507,Cardigan Village Reserve,PF-Pole Lights,OS-Neighbourhood,Cardigan Village Res,Lamp on Tall Steel P,"GEOGCS[""WGS 84"",DATUM[""WGS_1984"",SPHEROID[""WGS 84"",6378137,298.257223563,AUTHORITY[""EPSG"",""7030""]],AUTHORITY[""EPSG"",""6326""]],PRIMEM[""Greenwich"",0,AUTHORITY[""EPSG"",""8901""]],UNIT[""degree"",0.0174532925199433,AUTHORITY[""EPSG"",""9122""]],AUTHORITY[""EPSG"",""4326""]]","{""coordinates"": [143.7093000115, -37.5132709767], ""type"": ""Point""}","-37.5132709767, 143.7093000115"
Cardigan Village,00212508,Cardigan Village Reserve,PF-Pole Lights,OS-Neighbourhood,Cardigan Village Res,Lamp on Tall Steel P,"GEOGCS[""WGS 84"",DATUM[""WGS_1984"",SPHEROID[""WGS 84"",6378137,298.257223563,AUTHORITY[""EPSG"",""7030""]],AUTHORITY[""EPSG"",""6326""]],PRIMEM[""Greenwich"",0,AUTHORITY[""EPSG"",""8901""]],UNIT[""degree"",0.0174532925199433,AUTHORITY[""EPSG"",""9122""]],AUTHORITY[""EPSG"",""4326""]]","{""coordinates"": [143.7090699965, -37.5146560132], ""type"": ""Point""}","-37.5146560132, 143.7090699965"
Cardigan Village,00212509,Cardigan Village Reserve,PF-Pole Lights,OS-Neighbourhood,Cardigan Village Res,Lamp on Tall Steel P,"GEOGCS[""WGS 84"",DATUM[""WGS_1984"",SPHEROID[""WGS 84"",6378137,298.257223563,AUTHORITY[""EPSG"",""7030""]],AUTHORITY[""EPSG"",""6326""]],PRIMEM[""Greenwich"",0,AUTHORITY[""EPSG"",""8901""]],UNIT[""degree"",0.0174532925199433,AUTHORITY[""EPSG"",""9122""]],AUTHORITY[""EPSG"",""4326""]]","{""coordinates"": [143.7089320368, -37.5145219698], ""type"": ""Point""}","-37.5145219698, 143.7089320368"
Cardigan Village,00212515,Cardigan Village Reserve,PF-Pole Lights,OS-Neighbourhood,Cardigan Village Res,Lamp on Tall Steel P,"GEOGCS[""WGS 84"",DATUM[""WGS_1984"",SPHEROID[""WGS 84"",6378137,298.257223563,AUTHORITY[""EPSG"",""7030""]],AUTHORITY[""EPSG"",""6326""]],PRIMEM[""Greenwich"",0,AUTHORITY[""EPSG"",""8901""]],UNIT[""degree"",0.0174532925199433,AUTHORITY[""EPSG"",""9122""]],AUTHORITY[""EPSG"",""4326""]]","{""coordinates"": [143.7095830057, -37.513628992], ""type"": ""Point""}","-37.513628992, 143.7095830057"
Cardigan Village,00212518,Cardigan Village Reserve,PF-Pole Lights,OS-Neighbourhood,Cardigan Village Res,Lamp on Tall Steel P,"GEOGCS[""WGS 84"",DATUM[""WGS_1984"",SPHEROID[""WGS 84"",6378137,298.257223563,AUTHORITY[""EPSG"",""7030""]],AUTHORITY[""EPSG"",""6326""]],PRIMEM[""Greenwich"",0,AUTHORITY[""EPSG"",""8901""]],UNIT[""degree"",0.0174532925199433,AUTHORITY[""EPSG"",""9122""]],AUTHORITY[""EPSG"",""4326""]]","{""coordinates"": [143.7084669576, -37.5128329698], ""type"": ""Point""}","-37.5128329698, 143.7084669576"
Cardigan Village,00212520,Cardigan Village Reserve,PF-Pole Lights,OS-Neighbourhood,Cardigan Village Res,Lamp on Tall Steel P,"GEOGCS[""WGS 84"",DATUM[""WGS_1984"",SPHEROID[""WGS 84"",6378137,298.257223563,AUTHORITY[""EPSG"",""7030""]],AUTHORITY[""EPSG"",""6326""]],PRIMEM[""Greenwich"",0,AUTHORITY[""EPSG"",""8901""]],UNIT[""degree"",0.0174532925199433,AUTHORITY[""EPSG"",""9122""]],AUTHORITY[""EPSG"",""4326""]]","{""coordinates"": [143.7077770633, -37.5125359998], ""type"": ""Point""}","-37.5125359998, 143.7077770633"
Cardigan Village,00212523,Cardigan Village Reserve,PF-Pole Lights,OS-Neighbourhood,Cardigan Village Res,Lamp on Tall Steel P,"GEOGCS[""WGS 84"",DATUM[""WGS_1984"",SPHEROID[""WGS 84"",6378137,298.257223563,AUTHORITY[""EPSG"",""7030""]],AUTHORITY[""EPSG"",""6326""]],PRIMEM[""Greenwich"",0,AUTHORITY[""EPSG"",""8901""]],UNIT[""degree"",0.0174532925199433,AUTHORITY[""EPSG"",""9122""]],AUTHORITY[""EPSG"",""4326""]]","{""coordinates"": [143.7066420441, -37.5121019337], ""type"": ""Point""}","-37.5121019337, 143.7066420441"
Wendouree,00212541,C.E Brown Reserve,PF-Sports Ground Lig,OS-District,Charles Edward Brown,Double Square,"GEOGCS[""WGS 84"",DATUM[""WGS_1984"",SPHEROID[""WGS 84"",6378137,298.257223563,AUTHORITY[""EPSG"",""7030""]],AUTHORITY[""EPSG"",""6326""]],PRIMEM[""Greenwich"",0,AUTHORITY[""EPSG"",""8901""]],UNIT[""degree"",0.0174532925199433,AUTHORITY[""EPSG"",""9122""]],AUTHORITY[""EPSG"",""4326""]]","{""coordinates"": [143.8419952872, -37.5372336811], ""type"": ""Point""}","-37.5372336811, 143.8419952872"
Wendouree,00212543,C.E Brown Reserve,PF-Sports Ground Lig,OS-District,Charles Edward Brown,4 Down Lights,"GEOGCS[""WGS 84"",DATUM[""WGS_1984"",SPHEROID[""WGS 84"",6378137,298.257223563,AUTHORITY[""EPSG"",""7030""]],AUTHORITY[""EPSG"",""6326""]],PRIMEM[""Greenwich"",0,AUTHORITY[""EPSG"",""8901""]],UNIT[""degree"",0.0174532925199433,AUTHORITY[""EPSG"",""9122""]],AUTHORITY[""EPSG"",""4326""]]","{""coordinates"": [143.8437848173, -37.5371654305], ""type"": ""Point""}","-37.5371654305, 143.8437848173"
Wendouree,00212545,C.E Brown Reserve,PF-Street Light,OS-District,Charles Edward Brown,Double Wide,"GEOGCS[""WGS 84"",DATUM[""WGS_1984"",SPHEROID[""WGS 84"",6378137,298.257223563,AUTHORITY[""EPSG"",""7030""]],AUTHORITY[""EPSG"",""6326""]],PRIMEM[""Greenwich"",0,AUTHORITY[""EPSG"",""8901""]],UNIT[""degree"",0.0174532925199433,AUTHORITY[""EPSG"",""9122""]],AUTHORITY[""EPSG"",""4326""]]","{""coordinates"": [143.8429386631, -37.535528364], ""type"": ""Point""}","-37.535528364, 143.8429386631"
Wendouree,00212546,C.E Brown Reserve,PF-Street Light,OS-District,Charles Edward Brown,Single Street Light,"GEOGCS[""WGS 84"",DATUM[""WGS_1984"",SPHEROID[""WGS 84"",6378137,298.257223563,AUTHORITY[""EPSG"",""7030""]],AUTHORITY[""EPSG"",""6326""]],PRIMEM[""Greenwich"",0,AUTHORITY[""EPSG"",""8901""]],UNIT[""degree"",0.0174532925199433,AUTHORITY[""EPSG"",""9122""]],AUTHORITY[""EPSG"",""4326""]]","{""coordinates"": [143.8426341066, -37.5350638154], ""type"": ""Point""}","-37.5350638154, 143.8426341066"
Wendouree,00212585,NORTHERN OVAL,PF-Sports Ground Lig,OS-District,Charles Edward Brown,NETBALL COURT LIGHT,"GEOGCS[""WGS 84"",DATUM[""WGS_1984"",SPHEROID[""WGS 84"",6378137,298.257223563,AUTHORITY[""EPSG"",""7030""]],AUTHORITY[""EPSG"",""6326""]],PRIMEM[""Greenwich"",0,AUTHORITY[""EPSG"",""8901""]],UNIT[""degree"",0.0174532925199433,AUTHORITY[""EPSG"",""9122""]],AUTHORITY[""EPSG"",""4326""]]","{""coordinates"": [143.8471466401, -37.5386641574], ""type"": ""Point""}","-37.5386641574, 143.8471466401"
Eureka,00212671,,PF-Path Lights,OS-Regional,Eureka Stockade,Caged Up Light,"GEOGCS[""WGS 84"",DATUM[""WGS_1984"",SPHEROID[""WGS 84"",6378137,298.257223563,AUTHORITY[""EPSG"",""7030""]],AUTHORITY[""EPSG"",""6326""]],PRIMEM[""Greenwich"",0,AUTHORITY[""EPSG"",""8901""]],UNIT[""degree"",0.0174532925199433,AUTHORITY[""EPSG"",""9122""]],AUTHORITY[""EPSG"",""4326""]]","{""coordinates"": [143.8858079727, -37.565386957], ""type"": ""Point""}","-37.565386957, 143.8858079727"
Eureka,00212684,,PF-Path Lights,OS-Regional,Eureka Stockade,Bollard Light 3,"GEOGCS[""WGS 84"",DATUM[""WGS_1984"",SPHEROID[""WGS 84"",6378137,298.257223563,AUTHORITY[""EPSG"",""7030""]],AUTHORITY[""EPSG"",""6326""]],PRIMEM[""Greenwich"",0,AUTHORITY[""EPSG"",""8901""]],UNIT[""degree"",0.0174532925199433,AUTHORITY[""EPSG"",""9122""]],AUTHORITY[""EPSG"",""4326""]]","{""coordinates"": [143.8832610435, -37.5649379894], ""type"": ""Point""}","-37.5649379894, 143.8832610435"
Eureka,00212686,,PF-Path Lights,OS-Regional,Eureka Stockade,Bollard Light 3,"GEOGCS[""WGS 84"",DATUM[""WGS_1984"",SPHEROID[""WGS 84"",6378137,298.257223563,AUTHORITY[""EPSG"",""7030""]],AUTHORITY[""EPSG"",""6326""]],PRIMEM[""Greenwich"",0,AUTHORITY[""EPSG"",""8901""]],UNIT[""degree"",0.0174532925199433,AUTHORITY[""EPSG"",""9122""]],AUTHORITY[""EPSG"",""4326""]]","{""coordinates"": [143.8834691072, -37.5649600201], ""type"": ""Point""}","-37.5649600201, 143.8834691072"
Eureka,00212693,,PF-Pole Lights,OS-Regional,Eureka Stockade,Caged Round Spot Lig,"GEOGCS[""WGS 84"",DATUM[""WGS_1984"",SPHEROID[""WGS 84"",6378137,298.257223563,AUTHORITY[""EPSG"",""7030""]],AUTHORITY[""EPSG"",""6326""]],PRIMEM[""Greenwich"",0,AUTHORITY[""EPSG"",""8901""]],UNIT[""degree"",0.0174532925199433,AUTHORITY[""EPSG"",""9122""]],AUTHORITY[""EPSG"",""4326""]]","{""coordinates"": [143.8831579706, -37.564946995], ""type"": ""Point""}","-37.564946995, 143.8831579706"
Eureka,00212695,,PF-Pole Lights,OS-Regional,Eureka Stockade,Black Square Down Li,"GEOGCS[""WGS 84"",DATUM[""WGS_1984"",SPHEROID[""WGS 84"",6378137,298.257223563,AUTHORITY[""EPSG"",""7030""]],AUTHORITY[""EPSG"",""6326""]],PRIMEM[""Greenwich"",0,AUTHORITY[""EPSG"",""8901""]],UNIT[""degree"",0.0174532925199433,AUTHORITY[""EPSG"",""9122""]],AUTHORITY[""EPSG"",""4326""]]","{""coordinates"": [143.8832629928, -37.5645820048], ""type"": ""Point""}","-37.5645820048, 143.8832629928"
Eureka,00212704,,PF-Path Lights,OS-Regional,Eureka Stockade,Ground Uplight,"GEOGCS[""WGS 84"",DATUM[""WGS_1984"",SPHEROID[""WGS 84"",6378137,298.257223563,AUTHORITY[""EPSG"",""7030""]],AUTHORITY[""EPSG"",""6326""]],PRIMEM[""Greenwich"",0,AUTHORITY[""EPSG"",""8901""]],UNIT[""degree"",0.0174532925199433,AUTHORITY[""EPSG"",""9122""]],AUTHORITY[""EPSG"",""4326""]]","{""coordinates"": [143.8830608917, -37.5658034902], ""type"": ""Point""}","-37.5658034902, 143.8830608917"
Eureka,00212705,,PF-Path Lights,OS-Regional,Eureka Stockade,Ground Uplight,"GEOGCS[""WGS 84"",DATUM[""WGS_1984"",SPHEROID[""WGS 84"",6378137,298.257223563,AUTHORITY[""EPSG"",""7030""]],AUTHORITY[""EPSG"",""6326""]],PRIMEM[""Greenwich"",0,AUTHORITY[""EPSG"",""8901""]],UNIT[""degree"",0.0174532925199433,AUTHORITY[""EPSG"",""9122""]],AUTHORITY[""EPSG"",""4326""]]","{""coordinates"": [143.8830813795, -37.5658022687], ""type"": ""Point""}","-37.5658022687, 143.8830813795"
Lake Wendouree,00212977,Lake Wendouree,PF-Path Lights,OS-State,Lake Wendouree Reser,Ground Uplight,"GEOGCS[""WGS 84"",DATUM[""WGS_1984"",SPHEROID[""WGS 84"",6378137,298.257223563,AUTHORITY[""EPSG"",""7030""]],AUTHORITY[""EPSG"",""6326""]],PRIMEM[""Greenwich"",0,AUTHORITY[""EPSG"",""8901""]],UNIT[""degree"",0.0174532925199433,AUTHORITY[""EPSG"",""9122""]],AUTHORITY[""EPSG"",""4326""]]","{""coordinates"": [143.8226700507, -37.5553529806], ""type"": ""Point""}","-37.5553529806, 143.8226700507"
Lake Wendouree,00212978,Lake Wendouree,PF-Path Lights,OS-State,Lake Wendouree Reser,Ground Uplight,"GEOGCS[""WGS 84"",DATUM[""WGS_1984"",SPHEROID[""WGS 84"",6378137,298.257223563,AUTHORITY[""EPSG"",""7030""]],AUTHORITY[""EPSG"",""6326""]],PRIMEM[""Greenwich"",0,AUTHORITY[""EPSG"",""8901""]],UNIT[""degree"",0.0174532925199433,AUTHORITY[""EPSG"",""9122""]],AUTHORITY[""EPSG"",""4326""]]","{""coordinates"": [143.8226349046, -37.5553589566], ""type"": ""Point""}","-37.5553589566, 143.8226349046"
Lake Wendouree,00212981,Lake Wendouree,PF-Pole Lights,OS-State,Lake Wendouree Reser,Arched Ball,"GEOGCS[""WGS 84"",DATUM[""WGS_1984"",SPHEROID[""WGS 84"",6378137,298.257223563,AUTHORITY[""EPSG"",""7030""]],AUTHORITY[""EPSG"",""6326""]],PRIMEM[""Greenwich"",0,AUTHORITY[""EPSG"",""8901""]],UNIT[""degree"",0.0174532925199433,AUTHORITY[""EPSG"",""9122""]],AUTHORITY[""EPSG"",""4326""]]","{""coordinates"": [143.8228949835, -37.550285038], ""type"": ""Point""}","-37.550285038, 143.8228949835"
Lake Wendouree,00212985,Lake Wendouree,PF-Pole Lights,OS-State,Lake Wendouree Reser,Cone,"GEOGCS[""WGS 84"",DATUM[""WGS_1984"",SPHEROID[""WGS 84"",6378137,298.257223563,AUTHORITY[""EPSG"",""7030""]],AUTHORITY[""EPSG"",""6326""]],PRIMEM[""Greenwich"",0,AUTHORITY[""EPSG"",""8901""]],UNIT[""degree"",0.0174532925199433,AUTHORITY[""EPSG"",""9122""]],AUTHORITY[""EPSG"",""4326""]]","{""coordinates"": [143.8235990343, -37.5478459622], ""type"": ""Point""}","-37.5478459622, 143.8235990343"
Lake Wendouree,00212988,Lake Wendouree,PF-Pole Lights,OS-State,Lake Wendouree Reser,Cone,"GEOGCS[""WGS 84"",DATUM[""WGS_1984"",SPHEROID[""WGS 84"",6378137,298.257223563,AUTHORITY[""EPSG"",""7030""]],AUTHORITY[""EPSG"",""6326""]],PRIMEM[""Greenwich"",0,AUTHORITY[""EPSG"",""8901""]],UNIT[""degree"",0.0174532925199433,AUTHORITY[""EPSG"",""9122""]],AUTHORITY[""EPSG"",""4326""]]","{""coordinates"": [143.8237890128, -37.5473560148], ""type"": ""Point""}","-37.5473560148, 143.8237890128"
Lake Wendouree,00212989,Lake Wendouree,PF-Pole Lights,OS-State,Lake Wendouree Reser,Cone,"GEOGCS[""WGS 84"",DATUM[""WGS_1984"",SPHEROID[""WGS 84"",6378137,298.257223563,AUTHORITY[""EPSG"",""7030""]],AUTHORITY[""EPSG"",""6326""]],PRIMEM[""Greenwich"",0,AUTHORITY[""EPSG"",""8901""]],UNIT[""degree"",0.0174532925199433,AUTHORITY[""EPSG"",""9122""]],AUTHORITY[""EPSG"",""4326""]]","{""coordinates"": [143.8235879658, -37.5470830813], ""type"": ""Point""}","-37.5470830813, 143.8235879658"
Lake Wendouree,00212993,Lake Wendouree,PF-Pole Lights,OS-State,Lake Wendouree Reser,5 lights,"GEOGCS[""WGS 84"",DATUM[""WGS_1984"",SPHEROID[""WGS 84"",6378137,298.257223563,AUTHORITY[""EPSG"",""7030""]],AUTHORITY[""EPSG"",""6326""]],PRIMEM[""Greenwich"",0,AUTHORITY[""EPSG"",""8901""]],UNIT[""degree"",0.0174532925199433,AUTHORITY[""EPSG"",""9122""]],AUTHORITY[""EPSG"",""4326""]]","{""coordinates"": [143.8231750009, -37.5467460299], ""type"": ""Point""}","-37.5467460299, 143.8231750009"
Lake Wendouree,00212999,Lake Wendouree,PF-Pole Lights,OS-State,Lake Wendouree Reser,Cone,"GEOGCS[""WGS 84"",DATUM[""WGS_1984"",SPHEROID[""WGS 84"",6378137,298.257223563,AUTHORITY[""EPSG"",""7030""]],AUTHORITY[""EPSG"",""6326""]],PRIMEM[""Greenwich"",0,AUTHORITY[""EPSG"",""8901""]],UNIT[""degree"",0.0174532925199433,AUTHORITY[""EPSG"",""9122""]],AUTHORITY[""EPSG"",""4326""]]","{""coordinates"": [143.8420430221, -37.5534940225], ""type"": ""Point""}","-37.5534940225, 143.8420430221"
Lake Wendouree,00213000,Lake Wendouree,PF-Pole Lights,OS-State,Lake Wendouree Reser,Cone,"GEOGCS[""WGS 84"",DATUM[""WGS_1984"",SPHEROID[""WGS 84"",6378137,298.257223563,AUTHORITY[""EPSG"",""7030""]],AUTHORITY[""EPSG"",""6326""]],PRIMEM[""Greenwich"",0,AUTHORITY[""EPSG"",""8901""]],UNIT[""degree"",0.0174532925199433,AUTHORITY[""EPSG"",""9122""]],AUTHORITY[""EPSG"",""4326""]]","{""coordinates"": [143.8422989382, -37.5534649747], ""type"": ""Point""}","-37.5534649747, 143.8422989382"
Lake Wendouree,00213001,Lake Wendouree,PF-Pole Lights,OS-State,Lake Wendouree Reser,Cone,"GEOGCS[""WGS 84"",DATUM[""WGS_1984"",SPHEROID[""WGS 84"",6378137,298.257223563,AUTHORITY[""EPSG"",""7030""]],AUTHORITY[""EPSG"",""6326""]],PRIMEM[""Greenwich"",0,AUTHORITY[""EPSG"",""8901""]],UNIT[""degree"",0.0174532925199433,AUTHORITY[""EPSG"",""9122""]],AUTHORITY[""EPSG"",""4326""]]","{""coordinates"": [143.8415150642, -37.5530319718], ""type"": ""Point""}","-37.5530319718, 143.8415150642"
Lake Wendouree,00213003,Lake Wendouree,PF-Pole Lights,OS-State,Lake Wendouree Reser,Cone,"GEOGCS[""WGS 84"",DATUM[""WGS_1984"",SPHEROID[""WGS 84"",6378137,298.257223563,AUTHORITY[""EPSG"",""7030""]],AUTHORITY[""EPSG"",""6326""]],PRIMEM[""Greenwich"",0,AUTHORITY[""EPSG"",""8901""]],UNIT[""degree"",0.0174532925199433,AUTHORITY[""EPSG"",""9122""]],AUTHORITY[""EPSG"",""4326""]]","{""coordinates"": [143.842619969, -37.5535849858], ""type"": ""Point""}","-37.5535849858, 143.842619969"
Lake Wendouree,00213004,Lake Wendouree,PF-Pole Lights,OS-State,Lake Wendouree Reser,Cone,"GEOGCS[""WGS 84"",DATUM[""WGS_1984"",SPHEROID[""WGS 84"",6378137,298.257223563,AUTHORITY[""EPSG"",""7030""]],AUTHORITY[""EPSG"",""6326""]],PRIMEM[""Greenwich"",0,AUTHORITY[""EPSG"",""8901""]],UNIT[""degree"",0.0174532925199433,AUTHORITY[""EPSG"",""9122""]],AUTHORITY[""EPSG"",""4326""]]","{""coordinates"": [143.8417910596, -37.5539119778], ""type"": ""Point""}","-37.5539119778, 143.8417910596"
Lake Wendouree,00213005,Lake Wendouree,PF-Pole Lights,OS-State,Lake Wendouree Reser,Cone,"GEOGCS[""WGS 84"",DATUM[""WGS_1984"",SPHEROID[""WGS 84"",6378137,298.257223563,AUTHORITY[""EPSG"",""7030""]],AUTHORITY[""EPSG"",""6326""]],PRIMEM[""Greenwich"",0,AUTHORITY[""EPSG"",""8901""]],UNIT[""degree"",0.0174532925199433,AUTHORITY[""EPSG"",""9122""]],AUTHORITY[""EPSG"",""4326""]]","{""coordinates"": [143.8423039918, -37.5538950268], ""type"": ""Point""}","-37.5538950268, 143.8423039918"
Lake Wendouree,00213007,Lake Wendouree,PF-Pole Lights,OS-State,Lake Wendouree Reser,Cone,"GEOGCS[""WGS 84"",DATUM[""WGS_1984"",SPHEROID[""WGS 84"",6378137,298.257223563,AUTHORITY[""EPSG"",""7030""]],AUTHORITY[""EPSG"",""6326""]],PRIMEM[""Greenwich"",0,AUTHORITY[""EPSG"",""8901""]],UNIT[""degree"",0.0174532925199433,AUTHORITY[""EPSG"",""9122""]],AUTHORITY[""EPSG"",""4326""]]","{""coordinates"": [143.8413200453, -37.5531899998], ""type"": ""Point""}","-37.5531899998, 143.8413200453"
Lake Wendouree,00213013,Lake Wendouree,PF-Street Light,OS-State,Lake Wendouree Reser,Mercury 80W on Timbe,"GEOGCS[""WGS 84"",DATUM[""WGS_1984"",SPHEROID[""WGS 84"",6378137,298.257223563,AUTHORITY[""EPSG"",""7030""]],AUTHORITY[""EPSG"",""6326""]],PRIMEM[""Greenwich"",0,AUTHORITY[""EPSG"",""8901""]],UNIT[""degree"",0.0174532925199433,AUTHORITY[""EPSG"",""9122""]],AUTHORITY[""EPSG"",""4326""]]","{""coordinates"": [143.8425219168, -37.5537159951], ""type"": ""Point""}","-37.5537159951, 143.8425219168"
Lake Wendouree,00213016,Lake Wendouree,PF-Path Lights,OS-State,Lake Wendouree Reser,Ground Uplight,"GEOGCS[""WGS 84"",DATUM[""WGS_1984"",SPHEROID[""WGS 84"",6378137,298.257223563,AUTHORITY[""EPSG"",""7030""]],AUTHORITY[""EPSG"",""6326""]],PRIMEM[""Greenwich"",0,AUTHORITY[""EPSG"",""8901""]],UNIT[""degree"",0.0174532925199433,AUTHORITY[""EPSG"",""9122""]],AUTHORITY[""EPSG"",""4326""]]","{""coordinates"": [143.8228119619, -37.5554730073], ""type"": ""Point""}","-37.5554730073, 143.8228119619"
Learmonth,00213080,Learmonth Recreation Reserve,PF-Sports Ground Lig,OS-District,Learmonth Recreation,8 Square Lights on C,"GEOGCS[""WGS 84"",DATUM[""WGS_1984"",SPHEROID[""WGS 84"",6378137,298.257223563,AUTHORITY[""EPSG"",""7030""]],AUTHORITY[""EPSG"",""6326""]],PRIMEM[""Greenwich"",0,AUTHORITY[""EPSG"",""8901""]],UNIT[""degree"",0.0174532925199433,AUTHORITY[""EPSG"",""9122""]],AUTHORITY[""EPSG"",""4326""]]","{""coordinates"": [143.7114500427, -37.4222670533], ""type"": ""Point""}","-37.4222670533, 143.7114500427"
Learmonth,00213083,Learmonth Recreation Reserve,PF-Sports Ground Lig,OS-District,Learmonth Recreation,8 Square Lights on C,"GEOGCS[""WGS 84"",DATUM[""WGS_1984"",SPHEROID[""WGS 84"",6378137,298.257223563,AUTHORITY[""EPSG"",""7030""]],AUTHORITY[""EPSG"",""6326""]],PRIMEM[""Greenwich"",0,AUTHORITY[""EPSG"",""8901""]],UNIT[""degree"",0.0174532925199433,AUTHORITY[""EPSG"",""9122""]],AUTHORITY[""EPSG"",""4326""]]","{""coordinates"": [143.7125870597, -37.4216020108], ""type"": ""Point""}","-37.4216020108, 143.7125870597"
Bakery Hill,00213110,,PF-Sports Ground Lig,OS-District,Len T Frazer Reserve,2 Shaped Downlights,"GEOGCS[""WGS 84"",DATUM[""WGS_1984"",SPHEROID[""WGS 84"",6378137,298.257223563,AUTHORITY[""EPSG"",""7030""]],AUTHORITY[""EPSG"",""6326""]],PRIMEM[""Greenwich"",0,AUTHORITY[""EPSG"",""8901""]],UNIT[""degree"",0.0174532925199433,AUTHORITY[""EPSG"",""9122""]],AUTHORITY[""EPSG"",""4326""]]","{""coordinates"": [143.8679799925, -37.5667520028], ""type"": ""Point""}","-37.5667520028, 143.8679799925"
Golden Point,00213126,Llanberris Athletics Reserve,PF-Sports Ground Lig,OS-Regional,Llanberris Athletics,6 Round 3 Square on,"GEOGCS[""WGS 84"",DATUM[""WGS_1984"",SPHEROID[""WGS 84"",6378137,298.257223563,AUTHORITY[""EPSG"",""7030""]],AUTHORITY[""EPSG"",""6326""]],PRIMEM[""Greenwich"",0,AUTHORITY[""EPSG"",""8901""]],UNIT[""degree"",0.0174532925199433,AUTHORITY[""EPSG"",""9122""]],AUTHORITY[""EPSG"",""4326""]]","{""coordinates"": [143.8672700079, -37.5689849793], ""type"": ""Point""}","-37.5689849793, 143.8672700079"
Golden Point,00213128,Llanberris Athletics Reserve,PF-Sports Ground Lig,OS-Regional,Llanberris Athletics,6 Round 3 Square on,"GEOGCS[""WGS 84"",DATUM[""WGS_1984"",SPHEROID[""WGS 84"",6378137,298.257223563,AUTHORITY[""EPSG"",""7030""]],AUTHORITY[""EPSG"",""6326""]],PRIMEM[""Greenwich"",0,AUTHORITY[""EPSG"",""8901""]],UNIT[""degree"",0.0174532925199433,AUTHORITY[""EPSG"",""9122""]],AUTHORITY[""EPSG"",""4326""]]","{""coordinates"": [143.8655980071, -37.5693500168], ""type"": ""Point""}","-37.5693500168, 143.8655980071"
Sebastopol,00213184,,PF-Pole Lights,OS-District,Marty Busch Reserve,Double Square,"GEOGCS[""WGS 84"",DATUM[""WGS_1984"",SPHEROID[""WGS 84"",6378137,298.257223563,AUTHORITY[""EPSG"",""7030""]],AUTHORITY[""EPSG"",""6326""]],PRIMEM[""Greenwich"",0,AUTHORITY[""EPSG"",""8901""]],UNIT[""degree"",0.0174532925199433,AUTHORITY[""EPSG"",""9122""]],AUTHORITY[""EPSG"",""4326""]]","{""coordinates"": [143.842334059, -37.6046169943], ""type"": ""Point""}","-37.6046169943, 143.842334059"
Sebastopol,00213190,,PF-Pole Lights,OS-District,Marty Busch Reserve,Single Square,"GEOGCS[""WGS 84"",DATUM[""WGS_1984"",SPHEROID[""WGS 84"",6378137,298.257223563,AUTHORITY[""EPSG"",""7030""]],AUTHORITY[""EPSG"",""6326""]],PRIMEM[""Greenwich"",0,AUTHORITY[""EPSG"",""8901""]],UNIT[""degree"",0.0174532925199433,AUTHORITY[""EPSG"",""9122""]],AUTHORITY[""EPSG"",""4326""]]","{""coordinates"": [143.8423730299, -37.6042939897], ""type"": ""Point""}","-37.6042939897, 143.8423730299"
Sebastopol,00213198,,PF-Pole Lights,OS-District,Marty Busch Reserve,Double Square,"GEOGCS[""WGS 84"",DATUM[""WGS_1984"",SPHEROID[""WGS 84"",6378137,298.257223563,AUTHORITY[""EPSG"",""7030""]],AUTHORITY[""EPSG"",""6326""]],PRIMEM[""Greenwich"",0,AUTHORITY[""EPSG"",""8901""]],UNIT[""degree"",0.0174532925199433,AUTHORITY[""EPSG"",""9122""]],AUTHORITY[""EPSG"",""4326""]]","{""coordinates"": [143.8423400286, -37.603885965], ""type"": ""Point""}","-37.603885965, 143.8423400286"
Sebastopol,00213209,,PF-Pole Lights,OS-District,Marty Busch Reserve,Round Light & Box,"GEOGCS[""WGS 84"",DATUM[""WGS_1984"",SPHEROID[""WGS 84"",6378137,298.257223563,AUTHORITY[""EPSG"",""7030""]],AUTHORITY[""EPSG"",""6326""]],PRIMEM[""Greenwich"",0,AUTHORITY[""EPSG"",""8901""]],UNIT[""degree"",0.0174532925199433,AUTHORITY[""EPSG"",""9122""]],AUTHORITY[""EPSG"",""4326""]]","{""coordinates"": [143.8465610025, -37.6036549631], ""type"": ""Point""}","-37.6036549631, 143.8465610025"
Sebastopol,00213216,,PF-Pole Lights,OS-District,Marty Busch Reserve,2 Rounded Square Lig,"GEOGCS[""WGS 84"",DATUM[""WGS_1984"",SPHEROID[""WGS 84"",6378137,298.257223563,AUTHORITY[""EPSG"",""7030""]],AUTHORITY[""EPSG"",""6326""]],PRIMEM[""Greenwich"",0,AUTHORITY[""EPSG"",""8901""]],UNIT[""degree"",0.0174532925199433,AUTHORITY[""EPSG"",""9122""]],AUTHORITY[""EPSG"",""4326""]]","{""coordinates"": [143.8440250697, -37.6033349883], ""type"": ""Point""}","-37.6033349883, 143.8440250697"
Redan,00213263,Morshead Park,PF-Sports Ground Lig,OS-District,Morshead Park,5 Round on Crossbar,"GEOGCS[""WGS 84"",DATUM[""WGS_1984"",SPHEROID[""WGS 84"",6378137,298.257223563,AUTHORITY[""EPSG"",""7030""]],AUTHORITY[""EPSG"",""6326""]],PRIMEM[""Greenwich"",0,AUTHORITY[""EPSG"",""8901""]],UNIT[""degree"",0.0174532925199433,AUTHORITY[""EPSG"",""9122""]],AUTHORITY[""EPSG"",""4326""]]","{""coordinates"": [143.8338062719, -37.5797175457], ""type"": ""Point""}","-37.5797175457, 143.8338062719"
Wendouree,00213331,NORTHERN OVAL,PF-Sports Ground Lig,OS-Regional,Northern Oval Reserv,AFL GROUND LIGHTING,"GEOGCS[""WGS 84"",DATUM[""WGS_1984"",SPHEROID[""WGS 84"",6378137,298.257223563,AUTHORITY[""EPSG"",""7030""]],AUTHORITY[""EPSG"",""6326""]],PRIMEM[""Greenwich"",0,AUTHORITY[""EPSG"",""8901""]],UNIT[""degree"",0.0174532925199433,AUTHORITY[""EPSG"",""9122""]],AUTHORITY[""EPSG"",""4326""]]","{""coordinates"": [143.8490011251, -37.5395781194], ""type"": ""Point""}","-37.5395781194, 143.8490011251"
Wendouree,00213332,NORTHERN OVAL,PF-Sports Ground Lig,OS-Regional,Northern Oval Reserv,AFL GROUND LIGHTING,"GEOGCS[""WGS 84"",DATUM[""WGS_1984"",SPHEROID[""WGS 84"",6378137,298.257223563,AUTHORITY[""EPSG"",""7030""]],AUTHORITY[""EPSG"",""6326""]],PRIMEM[""Greenwich"",0,AUTHORITY[""EPSG"",""8901""]],UNIT[""degree"",0.0174532925199433,AUTHORITY[""EPSG"",""9122""]],AUTHORITY[""EPSG"",""4326""]]","{""coordinates"": [143.8477743387, -37.5400153866], ""type"": ""Point""}","-37.5400153866, 143.8477743387"
Wendouree,00213345,NORTHERN OVAL,PF-Sports Ground Lig,OS-Regional,Northern Oval Reserv,AFL GROUND LIGHTING,"GEOGCS[""WGS 84"",DATUM[""WGS_1984"",SPHEROID[""WGS 84"",6378137,298.257223563,AUTHORITY[""EPSG"",""7030""]],AUTHORITY[""EPSG"",""6326""]],PRIMEM[""Greenwich"",0,AUTHORITY[""EPSG"",""8901""]],UNIT[""degree"",0.0174532925199433,AUTHORITY[""EPSG"",""9122""]],AUTHORITY[""EPSG"",""4326""]]","{""coordinates"": [143.8484341862, -37.5386297488], ""type"": ""Point""}","-37.5386297488, 143.8484341862"
Lake Gardens,00213425,,PF-Sports Ground Lig,OS-District,Prince of Wales Park,3 Way Down Carpark L,"GEOGCS[""WGS 84"",DATUM[""WGS_1984"",SPHEROID[""WGS 84"",6378137,298.257223563,AUTHORITY[""EPSG"",""7030""]],AUTHORITY[""EPSG"",""6326""]],PRIMEM[""Greenwich"",0,AUTHORITY[""EPSG"",""8901""]],UNIT[""degree"",0.0174532925199433,AUTHORITY[""EPSG"",""9122""]],AUTHORITY[""EPSG"",""4326""]]","{""coordinates"": [143.8181879323, -37.5502590101], ""type"": ""Point""}","-37.5502590101, 143.8181879323"
Lake Gardens,00213426,,PF-Sports Ground Lig,OS-District,Prince of Wales Park,Carpark,"GEOGCS[""WGS 84"",DATUM[""WGS_1984"",SPHEROID[""WGS 84"",6378137,298.257223563,AUTHORITY[""EPSG"",""7030""]],AUTHORITY[""EPSG"",""6326""]],PRIMEM[""Greenwich"",0,AUTHORITY[""EPSG"",""8901""]],UNIT[""degree"",0.0174532925199433,AUTHORITY[""EPSG"",""9122""]],AUTHORITY[""EPSG"",""4326""]]","{""coordinates"": [143.8175889741, -37.5503279998], ""type"": ""Point""}","-37.5503279998, 143.8175889741"
Lake Gardens,00213427,,PF-Sports Ground Lig,OS-District,Prince of Wales Park,Carpark,"GEOGCS[""WGS 84"",DATUM[""WGS_1984"",SPHEROID[""WGS 84"",6378137,298.257223563,AUTHORITY[""EPSG"",""7030""]],AUTHORITY[""EPSG"",""6326""]],PRIMEM[""Greenwich"",0,AUTHORITY[""EPSG"",""8901""]],UNIT[""degree"",0.0174532925199433,AUTHORITY[""EPSG"",""9122""]],AUTHORITY[""EPSG"",""4326""]]","{""coordinates"": [143.817917972, -37.5502199631], ""type"": ""Point""}","-37.5502199631, 143.817917972"
Lake Gardens,00213431,,PF-Sports Ground Lig,OS-District,Prince of Wales Park,Carpark,"GEOGCS[""WGS 84"",DATUM[""WGS_1984"",SPHEROID[""WGS 84"",6378137,298.257223563,AUTHORITY[""EPSG"",""7030""]],AUTHORITY[""EPSG"",""6326""]],PRIMEM[""Greenwich"",0,AUTHORITY[""EPSG"",""8901""]],UNIT[""degree"",0.0174532925199433,AUTHORITY[""EPSG"",""9122""]],AUTHORITY[""EPSG"",""4326""]]","{""coordinates"": [143.8167460118, -37.5495529996], ""type"": ""Point""}","-37.5495529996, 143.8167460118"
Lake Gardens,00213440,,PF-Sports Ground Lig,OS-District,Prince of Wales Park,3 Square Lights,"GEOGCS[""WGS 84"",DATUM[""WGS_1984"",SPHEROID[""WGS 84"",6378137,298.257223563,AUTHORITY[""EPSG"",""7030""]],AUTHORITY[""EPSG"",""6326""]],PRIMEM[""Greenwich"",0,AUTHORITY[""EPSG"",""8901""]],UNIT[""degree"",0.0174532925199433,AUTHORITY[""EPSG"",""9122""]],AUTHORITY[""EPSG"",""4326""]]","{""coordinates"": [143.8169200178, -37.5491010112], ""type"": ""Point""}","-37.5491010112, 143.8169200178"
Lake Gardens,00213446,,PF-Sports Ground Lig,OS-District,Prince of Wales Park,1 Rectangular Light,"GEOGCS[""WGS 84"",DATUM[""WGS_1984"",SPHEROID[""WGS 84"",6378137,298.257223563,AUTHORITY[""EPSG"",""7030""]],AUTHORITY[""EPSG"",""6326""]],PRIMEM[""Greenwich"",0,AUTHORITY[""EPSG"",""8901""]],UNIT[""degree"",0.0174532925199433,AUTHORITY[""EPSG"",""9122""]],AUTHORITY[""EPSG"",""4326""]]","{""coordinates"": [143.8171880139, -37.5492019988], ""type"": ""Point""}","-37.5492019988, 143.8171880139"
Lake Gardens,00213450,,PF-Sports Ground Lig,OS-District,Prince of Wales Park,Carpark,"GEOGCS[""WGS 84"",DATUM[""WGS_1984"",SPHEROID[""WGS 84"",6378137,298.257223563,AUTHORITY[""EPSG"",""7030""]],AUTHORITY[""EPSG"",""6326""]],PRIMEM[""Greenwich"",0,AUTHORITY[""EPSG"",""8901""]],UNIT[""degree"",0.0174532925199433,AUTHORITY[""EPSG"",""9122""]],AUTHORITY[""EPSG"",""4326""]]","{""coordinates"": [143.8182871027, -37.550025382], ""type"": ""Point""}","-37.550025382, 143.8182871027"
Lake Gardens,00213451,,PF-Sports Ground Lig,OS-District,Prince of Wales Park,Carpark,"GEOGCS[""WGS 84"",DATUM[""WGS_1984"",SPHEROID[""WGS 84"",6378137,298.257223563,AUTHORITY[""EPSG"",""7030""]],AUTHORITY[""EPSG"",""6326""]],PRIMEM[""Greenwich"",0,AUTHORITY[""EPSG"",""8901""]],UNIT[""degree"",0.0174532925199433,AUTHORITY[""EPSG"",""9122""]],AUTHORITY[""EPSG"",""4326""]]","{""coordinates"": [143.8180980239, -37.5504660207], ""type"": ""Point""}","-37.5504660207, 143.8180980239"
Lake Gardens,00213456,,PF-Sports Ground Lig,OS-District,Prince of Wales Park,Double Car Park Ligh,"GEOGCS[""WGS 84"",DATUM[""WGS_1984"",SPHEROID[""WGS 84"",6378137,298.257223563,AUTHORITY[""EPSG"",""7030""]],AUTHORITY[""EPSG"",""6326""]],PRIMEM[""Greenwich"",0,AUTHORITY[""EPSG"",""8901""]],UNIT[""degree"",0.0174532925199433,AUTHORITY[""EPSG"",""9122""]],AUTHORITY[""EPSG"",""4326""]]","{""coordinates"": [143.8194240422, -37.5504039801], ""type"": ""Point""}","-37.5504039801, 143.8194240422"
Lake Gardens,00213458,,PF-Path Lights,OS-District,Prince of Wales Park,Bollard Light,"GEOGCS[""WGS 84"",DATUM[""WGS_1984"",SPHEROID[""WGS 84"",6378137,298.257223563,AUTHORITY[""EPSG"",""7030""]],AUTHORITY[""EPSG"",""6326""]],PRIMEM[""Greenwich"",0,AUTHORITY[""EPSG"",""8901""]],UNIT[""degree"",0.0174532925199433,AUTHORITY[""EPSG"",""9122""]],AUTHORITY[""EPSG"",""4326""]]","{""coordinates"": [143.8191699843, -37.5505640136], ""type"": ""Point""}","-37.5505640136, 143.8191699843"
Lake Gardens,00213460,,PF-Sports Ground Lig,OS-District,Prince of Wales Park,4 Down Lights,"GEOGCS[""WGS 84"",DATUM[""WGS_1984"",SPHEROID[""WGS 84"",6378137,298.257223563,AUTHORITY[""EPSG"",""7030""]],AUTHORITY[""EPSG"",""6326""]],PRIMEM[""Greenwich"",0,AUTHORITY[""EPSG"",""8901""]],UNIT[""degree"",0.0174532925199433,AUTHORITY[""EPSG"",""9122""]],AUTHORITY[""EPSG"",""4326""]]","{""coordinates"": [143.8189549844, -37.55009402], ""type"": ""Point""}","-37.55009402, 143.8189549844"
Lake Gardens,00213461,,PF-Sports Ground Lig,OS-District,Prince of Wales Park,4 Down Lights,"GEOGCS[""WGS 84"",DATUM[""WGS_1984"",SPHEROID[""WGS 84"",6378137,298.257223563,AUTHORITY[""EPSG"",""7030""]],AUTHORITY[""EPSG"",""6326""]],PRIMEM[""Greenwich"",0,AUTHORITY[""EPSG"",""8901""]],UNIT[""degree"",0.0174532925199433,AUTHORITY[""EPSG"",""9122""]],AUTHORITY[""EPSG"",""4326""]]","{""coordinates"": [143.8190030416, -37.5498290003], ""type"": ""Point""}","-37.5498290003, 143.8190030416"
Lake Gardens,00213463,,PF-Sports Ground Lig,OS-District,Prince of Wales Park,4 Down Lights,"GEOGCS[""WGS 84"",DATUM[""WGS_1984"",SPHEROID[""WGS 84"",6378137,298.257223563,AUTHORITY[""EPSG"",""7030""]],AUTHORITY[""EPSG"",""6326""]],PRIMEM[""Greenwich"",0,AUTHORITY[""EPSG"",""8901""]],UNIT[""degree"",0.0174532925199433,AUTHORITY[""EPSG"",""9122""]],AUTHORITY[""EPSG"",""4326""]]","{""coordinates"": [143.8197570424, -37.5499170173], ""type"": ""Point""}","-37.5499170173, 143.8197570424"
Lake Gardens,00213464,,PF-Sports Ground Lig,OS-District,Prince of Wales Park,4 Down Lights,"GEOGCS[""WGS 84"",DATUM[""WGS_1984"",SPHEROID[""WGS 84"",6378137,298.257223563,AUTHORITY[""EPSG"",""7030""]],AUTHORITY[""EPSG"",""6326""]],PRIMEM[""Greenwich"",0,AUTHORITY[""EPSG"",""8901""]],UNIT[""degree"",0.0174532925199433,AUTHORITY[""EPSG"",""9122""]],AUTHORITY[""EPSG"",""4326""]]","{""coordinates"": [143.8197969595, -37.5497010202], ""type"": ""Point""}","-37.5497010202, 143.8197969595"
Lake Gardens,00213465,,PF-Sports Ground Lig,OS-District,Prince of Wales Park,4 Down Lights,"GEOGCS[""WGS 84"",DATUM[""WGS_1984"",SPHEROID[""WGS 84"",6378137,298.257223563,AUTHORITY[""EPSG"",""7030""]],AUTHORITY[""EPSG"",""6326""]],PRIMEM[""Greenwich"",0,AUTHORITY[""EPSG"",""8901""]],UNIT[""degree"",0.0174532925199433,AUTHORITY[""EPSG"",""9122""]],AUTHORITY[""EPSG"",""4326""]]","{""coordinates"": [143.8190449934, -37.5496099818], ""type"": ""Point""}","-37.5496099818, 143.8190449934"
Brown Hill,00213491,Russell Square,PF-Sports Ground Lig,OS-District,Russell Square,2 Circular on crossb,"GEOGCS[""WGS 84"",DATUM[""WGS_1984"",SPHEROID[""WGS 84"",6378137,298.257223563,AUTHORITY[""EPSG"",""7030""]],AUTHORITY[""EPSG"",""6326""]],PRIMEM[""Greenwich"",0,AUTHORITY[""EPSG"",""8901""]],UNIT[""degree"",0.0174532925199433,AUTHORITY[""EPSG"",""9122""]],AUTHORITY[""EPSG"",""4326""]]","{""coordinates"": [143.8850838472, -37.5570677636], ""type"": ""Point""}","-37.5570677636, 143.8850838472"
Lake Wendouree,00213546,Ballarat Botanical Gardens (South),PF-Path Lights,No Code Allocated,South Gardens Reserv,Small Ground Light,"GEOGCS[""WGS 84"",DATUM[""WGS_1984"",SPHEROID[""WGS 84"",6378137,298.257223563,AUTHORITY[""EPSG"",""7030""]],AUTHORITY[""EPSG"",""6326""]],PRIMEM[""Greenwich"",0,AUTHORITY[""EPSG"",""8901""]],UNIT[""degree"",0.0174532925199433,AUTHORITY[""EPSG"",""9122""]],AUTHORITY[""EPSG"",""4326""]]","{""coordinates"": [143.8222423218, -37.5532807125], ""type"": ""Point""}","-37.5532807125, 143.8222423218"
Lake Wendouree,00213549,Ballarat Botanical Gardens (South),PF-Path Lights,No Code Allocated,South Gardens Reserv,Round Ground Light,"GEOGCS[""WGS 84"",DATUM[""WGS_1984"",SPHEROID[""WGS 84"",6378137,298.257223563,AUTHORITY[""EPSG"",""7030""]],AUTHORITY[""EPSG"",""6326""]],PRIMEM[""Greenwich"",0,AUTHORITY[""EPSG"",""8901""]],UNIT[""degree"",0.0174532925199433,AUTHORITY[""EPSG"",""9122""]],AUTHORITY[""EPSG"",""4326""]]","{""coordinates"": [143.8208250407, -37.5531810054], ""type"": ""Point""}","-37.5531810054, 143.8208250407"
Lake Wendouree,00213554,Ballarat Botanical Gardens (South),PF-Path Lights,No Code Allocated,South Gardens Reserv,Small Ground Light,"GEOGCS[""WGS 84"",DATUM[""WGS_1984"",SPHEROID[""WGS 84"",6378137,298.257223563,AUTHORITY[""EPSG"",""7030""]],AUTHORITY[""EPSG"",""6326""]],PRIMEM[""Greenwich"",0,AUTHORITY[""EPSG"",""8901""]],UNIT[""degree"",0.0174532925199433,AUTHORITY[""EPSG"",""9122""]],AUTHORITY[""EPSG"",""4326""]]","{""coordinates"": [143.8214450165, -37.5532109547], ""type"": ""Point""}","-37.5532109547, 143.8214450165"
Lake Wendouree,00213555,Ballarat Botanical Gardens (South),PF-Path Lights,No Code Allocated,South Gardens Reserv,Small Ground Light,"GEOGCS[""WGS 84"",DATUM[""WGS_1984"",SPHEROID[""WGS 84"",6378137,298.257223563,AUTHORITY[""EPSG"",""7030""]],AUTHORITY[""EPSG"",""6326""]],PRIMEM[""Greenwich"",0,AUTHORITY[""EPSG"",""8901""]],UNIT[""degree"",0.0174532925199433,AUTHORITY[""EPSG"",""9122""]],AUTHORITY[""EPSG"",""4326""]]","{""coordinates"": [143.8215519936, -37.5532017297], ""type"": ""Point""}","-37.5532017297, 143.8215519936"
Lake Wendouree,00213556,Ballarat Botanical Gardens (South),PF-Path Lights,No Code Allocated,South Gardens Reserv,Round Ground Light,"GEOGCS[""WGS 84"",DATUM[""WGS_1984"",SPHEROID[""WGS 84"",6378137,298.257223563,AUTHORITY[""EPSG"",""7030""]],AUTHORITY[""EPSG"",""6326""]],PRIMEM[""Greenwich"",0,AUTHORITY[""EPSG"",""8901""]],UNIT[""degree"",0.0174532925199433,AUTHORITY[""EPSG"",""9122""]],AUTHORITY[""EPSG"",""4326""]]","{""coordinates"": [143.8216069786, -37.5532169911], ""type"": ""Point""}","-37.5532169911, 143.8216069786"
Lake Wendouree,00213566,Ballarat Botanical Gardens (South),PF-Path Lights,No Code Allocated,South Gardens Reserv,Round Ground Light,"GEOGCS[""WGS 84"",DATUM[""WGS_1984"",SPHEROID[""WGS 84"",6378137,298.257223563,AUTHORITY[""EPSG"",""7030""]],AUTHORITY[""EPSG"",""6326""]],PRIMEM[""Greenwich"",0,AUTHORITY[""EPSG"",""8901""]],UNIT[""degree"",0.0174532925199433,AUTHORITY[""EPSG"",""9122""]],AUTHORITY[""EPSG"",""4326""]]","{""coordinates"": [143.821650953, -37.5532669299], ""type"": ""Point""}","-37.5532669299, 143.821650953"
Lake Wendouree,00213567,Ballarat Botanical Gardens (South),PF-Path Lights,No Code Allocated,South Gardens Reserv,Round Ground Light,"GEOGCS[""WGS 84"",DATUM[""WGS_1984"",SPHEROID[""WGS 84"",6378137,298.257223563,AUTHORITY[""EPSG"",""7030""]],AUTHORITY[""EPSG"",""6326""]],PRIMEM[""Greenwich"",0,AUTHORITY[""EPSG"",""8901""]],UNIT[""degree"",0.0174532925199433,AUTHORITY[""EPSG"",""9122""]],AUTHORITY[""EPSG"",""4326""]]","{""coordinates"": [143.8216340253, -37.5532659834], ""type"": ""Point""}","-37.5532659834, 143.8216340253"
Lake Wendouree,00213572,Ballarat Botanical Gardens (South),PF-Path Lights,No Code Allocated,South Gardens Reserv,Round Ground Light,"GEOGCS[""WGS 84"",DATUM[""WGS_1984"",SPHEROID[""WGS 84"",6378137,298.257223563,AUTHORITY[""EPSG"",""7030""]],AUTHORITY[""EPSG"",""6326""]],PRIMEM[""Greenwich"",0,AUTHORITY[""EPSG"",""8901""]],UNIT[""degree"",0.0174532925199433,AUTHORITY[""EPSG"",""9122""]],AUTHORITY[""EPSG"",""4326""]]","{""coordinates"": [143.8215560369, -37.5532569478], ""type"": ""Point""}","-37.5532569478, 143.8215560369"
Lake Wendouree,00213573,Ballarat Botanical Gardens (South),PF-Path Lights,No Code Allocated,South Gardens Reserv,Small Ground Light,"GEOGCS[""WGS 84"",DATUM[""WGS_1984"",SPHEROID[""WGS 84"",6378137,298.257223563,AUTHORITY[""EPSG"",""7030""]],AUTHORITY[""EPSG"",""6326""]],PRIMEM[""Greenwich"",0,AUTHORITY[""EPSG"",""8901""]],UNIT[""degree"",0.0174532925199433,AUTHORITY[""EPSG"",""9122""]],AUTHORITY[""EPSG"",""4326""]]","{""coordinates"": [143.8215659549, -37.5534579698], ""type"": ""Point""}","-37.5534579698, 143.8215659549"
Golden Point,00213581,GOLDEN POINT LOOKOUT (SOV HILL LOOKOUT),PF-Path Lights,OS-Local,Golden Point Lookout,BOLLARD LIGHT,"GEOGCS[""WGS 84"",DATUM[""WGS_1984"",SPHEROID[""WGS 84"",6378137,298.257223563,AUTHORITY[""EPSG"",""7030""]],AUTHORITY[""EPSG"",""6326""]],PRIMEM[""Greenwich"",0,AUTHORITY[""EPSG"",""8901""]],UNIT[""degree"",0.0174532925199433,AUTHORITY[""EPSG"",""9122""]],AUTHORITY[""EPSG"",""4326""]]","{""coordinates"": [143.8642973197, -37.5777443051], ""type"": ""Point""}","-37.5777443051, 143.8642973197"
Golden Point,00213586,GOLDEN POINT LOOKOUT (SOV HILL LOOKOUT),PF-Path Lights,OS-Local,Golden Point Lookout,BOLLARD LIGHT,"GEOGCS[""WGS 84"",DATUM[""WGS_1984"",SPHEROID[""WGS 84"",6378137,298.257223563,AUTHORITY[""EPSG"",""7030""]],AUTHORITY[""EPSG"",""6326""]],PRIMEM[""Greenwich"",0,AUTHORITY[""EPSG"",""8901""]],UNIT[""degree"",0.0174532925199433,AUTHORITY[""EPSG"",""9122""]],AUTHORITY[""EPSG"",""4326""]]","{""coordinates"": [143.8642973058, -37.577826736], ""type"": ""Point""}","-37.577826736, 143.8642973058"
Golden Point,00213587,GOLDEN POINT LOOKOUT (SOV HILL LOOKOUT),PF-Path Lights,OS-Local,Golden Point Lookout,BOLLARD LIGHT,"GEOGCS[""WGS 84"",DATUM[""WGS_1984"",SPHEROID[""WGS 84"",6378137,298.257223563,AUTHORITY[""EPSG"",""7030""]],AUTHORITY[""EPSG"",""6326""]],PRIMEM[""Greenwich"",0,AUTHORITY[""EPSG"",""8901""]],UNIT[""degree"",0.0174532925199433,AUTHORITY[""EPSG"",""9122""]],AUTHORITY[""EPSG"",""4326""]]","{""coordinates"": [143.8643836765, -37.577827161], ""type"": ""Point""}","-37.577827161, 143.8643836765"
Golden Point,00213588,GOLDEN POINT LOOKOUT (SOV HILL LOOKOUT),PF-Path Lights,OS-Local,Golden Point Lookout,BOLLARD LIGHT,"GEOGCS[""WGS 84"",DATUM[""WGS_1984"",SPHEROID[""WGS 84"",6378137,298.257223563,AUTHORITY[""EPSG"",""7030""]],AUTHORITY[""EPSG"",""6326""]],PRIMEM[""Greenwich"",0,AUTHORITY[""EPSG"",""8901""]],UNIT[""degree"",0.0174532925199433,AUTHORITY[""EPSG"",""9122""]],AUTHORITY[""EPSG"",""4326""]]","{""coordinates"": [143.8644843656, -37.5778309318], ""type"": ""Point""}","-37.5778309318, 143.8644843656"
Sebastopol,00213671,Victory Park,PF-Pole Lights,OS-Neighbourhood,Victory Park,Single Square,"GEOGCS[""WGS 84"",DATUM[""WGS_1984"",SPHEROID[""WGS 84"",6378137,298.257223563,AUTHORITY[""EPSG"",""7030""]],AUTHORITY[""EPSG"",""6326""]],PRIMEM[""Greenwich"",0,AUTHORITY[""EPSG"",""8901""]],UNIT[""degree"",0.0174532925199433,AUTHORITY[""EPSG"",""9122""]],AUTHORITY[""EPSG"",""4326""]]","{""coordinates"": [143.8381274447, -37.5928816078], ""type"": ""Point""}","-37.5928816078, 143.8381274447"
Wendouree,00213697,,PF-Street Light,OS-Neighbourhood,Weeramar Park,Downlight 2,"GEOGCS[""WGS 84"",DATUM[""WGS_1984"",SPHEROID[""WGS 84"",6378137,298.257223563,AUTHORITY[""EPSG"",""7030""]],AUTHORITY[""EPSG"",""6326""]],PRIMEM[""Greenwich"",0,AUTHORITY[""EPSG"",""8901""]],UNIT[""degree"",0.0174532925199433,AUTHORITY[""EPSG"",""9122""]],AUTHORITY[""EPSG"",""4326""]]","{""coordinates"": [143.8233939609, -37.5319359632], ""type"": ""Point""}","-37.5319359632, 143.8233939609"
Wendouree,00213709,,PF-Street Light,OS-Neighbourhood,Weeramar Park,Downlight 2,"GEOGCS[""WGS 84"",DATUM[""WGS_1984"",SPHEROID[""WGS 84"",6378137,298.257223563,AUTHORITY[""EPSG"",""7030""]],AUTHORITY[""EPSG"",""6326""]],PRIMEM[""Greenwich"",0,AUTHORITY[""EPSG"",""8901""]],UNIT[""degree"",0.0174532925199433,AUTHORITY[""EPSG"",""9122""]],AUTHORITY[""EPSG"",""4326""]]","{""coordinates"": [143.8231499984, -37.5315060377], ""type"": ""Point""}","-37.5315060377, 143.8231499984"
Wendouree,00213717,Wendouree West Recreation Reserve,PF-Street Light,OS-District,Wendouree West Recre,Small Streetlight,"GEOGCS[""WGS 84"",DATUM[""WGS_1984"",SPHEROID[""WGS 84"",6378137,298.257223563,AUTHORITY[""EPSG"",""7030""]],AUTHORITY[""EPSG"",""6326""]],PRIMEM[""Greenwich"",0,AUTHORITY[""EPSG"",""8901""]],UNIT[""degree"",0.0174532925199433,AUTHORITY[""EPSG"",""9122""]],AUTHORITY[""EPSG"",""4326""]]","{""coordinates"": [143.818988, -37.525624], ""type"": ""Point""}","-37.525624, 143.818988"
Ballarat Central,00213759,White Flat,PF-Street Light,OS-Neighbourhood,White Flat Oval Rese,Sodium 250W - Concre,"GEOGCS[""WGS 84"",DATUM[""WGS_1984"",SPHEROID[""WGS 84"",6378137,298.257223563,AUTHORITY[""EPSG"",""7030""]],AUTHORITY[""EPSG"",""6326""]],PRIMEM[""Greenwich"",0,AUTHORITY[""EPSG"",""8901""]],UNIT[""degree"",0.0174532925199433,AUTHORITY[""EPSG"",""9122""]],AUTHORITY[""EPSG"",""4326""]]","{""coordinates"": [143.8568254457, -37.5679741878], ""type"": ""Point""}","-37.5679741878, 143.8568254457"
Golden Point,00213784,Brown Hill Reserve  (Progress Park),PF-Sports Ground Lig,OS-Regional,Yarrowee River Reser,Caged Light on Steel,"GEOGCS[""WGS 84"",DATUM[""WGS_1984"",SPHEROID[""WGS 84"",6378137,298.257223563,AUTHORITY[""EPSG"",""7030""]],AUTHORITY[""EPSG"",""6326""]],PRIMEM[""Greenwich"",0,AUTHORITY[""EPSG"",""8901""]],UNIT[""degree"",0.0174532925199433,AUTHORITY[""EPSG"",""9122""]],AUTHORITY[""EPSG"",""4326""]]","{""coordinates"": [143.8964387102, -37.5515580411], ""type"": ""Point""}","-37.5515580411, 143.8964387102"
Ballarat East,00213816,Scott Parade Linear Reserve,PF-Pole Lights,No Code Allocated,Scott Parade,Light on Utilty Pole,"GEOGCS[""WGS 84"",DATUM[""WGS_1984"",SPHEROID[""WGS 84"",6378137,298.257223563,AUTHORITY[""EPSG"",""7030""]],AUTHORITY[""EPSG"",""6326""]],PRIMEM[""Greenwich"",0,AUTHORITY[""EPSG"",""8901""]],UNIT[""degree"",0.0174532925199433,AUTHORITY[""EPSG"",""9122""]],AUTHORITY[""EPSG"",""4326""]]","{""coordinates"": [143.869178, -37.559318], ""type"": ""Point""}","-37.559318, 143.869178"
Ballarat Central,00224936,,PF-Heritage Lighting,No Code Allocated,Sturt Street,,"GEOGCS[""WGS 84"",DATUM[""WGS_1984"",SPHEROID[""WGS 84"",6378137,298.257223563,AUTHORITY[""EPSG"",""7030""]],AUTHORITY[""EPSG"",""6326""]],PRIMEM[""Greenwich"",0,AUTHORITY[""EPSG"",""8901""]],UNIT[""degree"",0.0174532925199433,AUTHORITY[""EPSG"",""9122""]],AUTHORITY[""EPSG"",""4326""]]","{""coordinates"": [143.850352, -37.56081], ""type"": ""Point""}","-37.56081, 143.850352"
Ballarat Central,00225023,,PF-Heritage Lighting,No Code Allocated,Lydiard Street South,,"GEOGCS[""WGS 84"",DATUM[""WGS_1984"",SPHEROID[""WGS 84"",6378137,298.257223563,AUTHORITY[""EPSG"",""7030""]],AUTHORITY[""EPSG"",""6326""]],PRIMEM[""Greenwich"",0,AUTHORITY[""EPSG"",""8901""]],UNIT[""degree"",0.0174532925199433,AUTHORITY[""EPSG"",""9122""]],AUTHORITY[""EPSG"",""4326""]]","{""coordinates"": [143.8571689991, -37.5648914229], ""type"": ""Point""}","-37.5648914229, 143.8571689991"
Ballarat Central,00225028,,PF-Heritage Lighting,No Code Allocated,Lydiard Street South,,"GEOGCS[""WGS 84"",DATUM[""WGS_1984"",SPHEROID[""WGS 84"",6378137,298.257223563,AUTHORITY[""EPSG"",""7030""]],AUTHORITY[""EPSG"",""6326""]],PRIMEM[""Greenwich"",0,AUTHORITY[""EPSG"",""8901""]],UNIT[""degree"",0.0174532925199433,AUTHORITY[""EPSG"",""9122""]],AUTHORITY[""EPSG"",""4326""]]","{""coordinates"": [143.8573285207, -37.5650819697], ""type"": ""Point""}","-37.5650819697, 143.8573285207"
Ballarat Central,00225059,,PF-Heritage Lighting,No Code Allocated,Lydiard Street South,,"GEOGCS[""WGS 84"",DATUM[""WGS_1984"",SPHEROID[""WGS 84"",6378137,298.257223563,AUTHORITY[""EPSG"",""7030""]],AUTHORITY[""EPSG"",""6326""]],PRIMEM[""Greenwich"",0,AUTHORITY[""EPSG"",""8901""]],UNIT[""degree"",0.0174532925199433,AUTHORITY[""EPSG"",""9122""]],AUTHORITY[""EPSG"",""4326""]]","{""coordinates"": [143.8565471208, -37.5657401612], ""type"": ""Point""}","-37.5657401612, 143.8565471208"
Ballarat Central,00225424,,PF-Pole Lights,R-Primary Access Roa,Bridge Mall,,"GEOGCS[""WGS 84"",DATUM[""WGS_1984"",SPHEROID[""WGS 84"",6378137,298.257223563,AUTHORITY[""EPSG"",""7030""]],AUTHORITY[""EPSG"",""6326""]],PRIMEM[""Greenwich"",0,AUTHORITY[""EPSG"",""8901""]],UNIT[""degree"",0.0174532925199433,AUTHORITY[""EPSG"",""9122""]],AUTHORITY[""EPSG"",""4326""]]","{""coordinates"": [143.863192, -37.562556], ""type"": ""Point""}","-37.562556, 143.863192"
Ballarat Central,00225429,,PF-Pole Lights,R-Primary Access Roa,Bridge Mall,,"GEOGCS[""WGS 84"",DATUM[""WGS_1984"",SPHEROID[""WGS 84"",6378137,298.257223563,AUTHORITY[""EPSG"",""7030""]],AUTHORITY[""EPSG"",""6326""]],PRIMEM[""Greenwich"",0,AUTHORITY[""EPSG"",""8901""]],UNIT[""degree"",0.0174532925199433,AUTHORITY[""EPSG"",""9122""]],AUTHORITY[""EPSG"",""4326""]]","{""coordinates"": [143.863132, -37.562574], ""type"": ""Point""}","-37.562574, 143.863132"
Ballarat Central,00225441,,PF-Pole Lights,R-Primary Access Roa,Bridge Mall,,"GEOGCS[""WGS 84"",DATUM[""WGS_1984"",SPHEROID[""WGS 84"",6378137,298.257223563,AUTHORITY[""EPSG"",""7030""]],AUTHORITY[""EPSG"",""6326""]],PRIMEM[""Greenwich"",0,AUTHORITY[""EPSG"",""8901""]],UNIT[""degree"",0.0174532925199433,AUTHORITY[""EPSG"",""9122""]],AUTHORITY[""EPSG"",""4326""]]","{""coordinates"": [143.86278, -37.5626], ""type"": ""Point""}","-37.5626, 143.86278"
Ballarat Central,00225444,,PF-Pole Lights,R-Primary Access Roa,Bridge Mall,,"GEOGCS[""WGS 84"",DATUM[""WGS_1984"",SPHEROID[""WGS 84"",6378137,298.257223563,AUTHORITY[""EPSG"",""7030""]],AUTHORITY[""EPSG"",""6326""]],PRIMEM[""Greenwich"",0,AUTHORITY[""EPSG"",""8901""]],UNIT[""degree"",0.0174532925199433,AUTHORITY[""EPSG"",""9122""]],AUTHORITY[""EPSG"",""4326""]]","{""coordinates"": [143.862324, -37.562536], ""type"": ""Point""}","-37.562536, 143.862324"
Ballarat Central,00225454,,PF-Pole Lights,R-Primary Access Roa,Bridge Mall,,"GEOGCS[""WGS 84"",DATUM[""WGS_1984"",SPHEROID[""WGS 84"",6378137,298.257223563,AUTHORITY[""EPSG"",""7030""]],AUTHORITY[""EPSG"",""6326""]],PRIMEM[""Greenwich"",0,AUTHORITY[""EPSG"",""8901""]],UNIT[""degree"",0.0174532925199433,AUTHORITY[""EPSG"",""9122""]],AUTHORITY[""EPSG"",""4326""]]","{""coordinates"": [143.861928, -37.562503], ""type"": ""Point""}","-37.562503, 143.861928"
Ballarat Central,00225458,,PF-Pole Lights,R-Primary Access Roa,Bridge Mall,,"GEOGCS[""WGS 84"",DATUM[""WGS_1984"",SPHEROID[""WGS 84"",6378137,298.257223563,AUTHORITY[""EPSG"",""7030""]],AUTHORITY[""EPSG"",""6326""]],PRIMEM[""Greenwich"",0,AUTHORITY[""EPSG"",""8901""]],UNIT[""degree"",0.0174532925199433,AUTHORITY[""EPSG"",""9122""]],AUTHORITY[""EPSG"",""4326""]]","{""coordinates"": [143.861839, -37.562406], ""type"": ""Point""}","-37.562406, 143.861839"
Ballarat Central,00225461,,PF-Pole Lights,R-Primary Access Roa,Bridge Mall,,"GEOGCS[""WGS 84"",DATUM[""WGS_1984"",SPHEROID[""WGS 84"",6378137,298.257223563,AUTHORITY[""EPSG"",""7030""]],AUTHORITY[""EPSG"",""6326""]],PRIMEM[""Greenwich"",0,AUTHORITY[""EPSG"",""8901""]],UNIT[""degree"",0.0174532925199433,AUTHORITY[""EPSG"",""9122""]],AUTHORITY[""EPSG"",""4326""]]","{""coordinates"": [143.86172, -37.562405], ""type"": ""Point""}","-37.562405, 143.86172"
Ballarat Central,00225488,,PF-Pole Lights,R-Primary Access Roa,Bridge Mall,,"GEOGCS[""WGS 84"",DATUM[""WGS_1984"",SPHEROID[""WGS 84"",6378137,298.257223563,AUTHORITY[""EPSG"",""7030""]],AUTHORITY[""EPSG"",""6326""]],PRIMEM[""Greenwich"",0,AUTHORITY[""EPSG"",""8901""]],UNIT[""degree"",0.0174532925199433,AUTHORITY[""EPSG"",""9122""]],AUTHORITY[""EPSG"",""4326""]]","{""coordinates"": [143.860956, -37.562374], ""type"": ""Point""}","-37.562374, 143.860956"
Ballarat Central,00225532,,PF-Heritage Lighting,No Code Allocated,Lydiard Street South,,"GEOGCS[""WGS 84"",DATUM[""WGS_1984"",SPHEROID[""WGS 84"",6378137,298.257223563,AUTHORITY[""EPSG"",""7030""]],AUTHORITY[""EPSG"",""6326""]],PRIMEM[""Greenwich"",0,AUTHORITY[""EPSG"",""8901""]],UNIT[""degree"",0.0174532925199433,AUTHORITY[""EPSG"",""9122""]],AUTHORITY[""EPSG"",""4326""]]","{""coordinates"": [143.857504, -37.563628], ""type"": ""Point""}","-37.563628, 143.857504"
Ballarat Central,00225558,,PF-Heritage Lighting,OS-Other,Phoenix Foundry Mall,Ornate Lamp,"GEOGCS[""WGS 84"",DATUM[""WGS_1984"",SPHEROID[""WGS 84"",6378137,298.257223563,AUTHORITY[""EPSG"",""7030""]],AUTHORITY[""EPSG"",""6326""]],PRIMEM[""Greenwich"",0,AUTHORITY[""EPSG"",""8901""]],UNIT[""degree"",0.0174532925199433,AUTHORITY[""EPSG"",""9122""]],AUTHORITY[""EPSG"",""4326""]]","{""coordinates"": [143.856078, -37.562613], ""type"": ""Point""}","-37.562613, 143.856078"
Ballarat Central,00225569,,PF-Heritage Lighting,OS-Other,Phoenix Foundry Mall,Ornate Lamp,"GEOGCS[""WGS 84"",DATUM[""WGS_1984"",SPHEROID[""WGS 84"",6378137,298.257223563,AUTHORITY[""EPSG"",""7030""]],AUTHORITY[""EPSG"",""6326""]],PRIMEM[""Greenwich"",0,AUTHORITY[""EPSG"",""8901""]],UNIT[""degree"",0.0174532925199433,AUTHORITY[""EPSG"",""9122""]],AUTHORITY[""EPSG"",""4326""]]","{""coordinates"": [143.856192, -37.562825], ""type"": ""Point""}","-37.562825, 143.856192"
Ballarat Central,00225578,,PF-Heritage Lighting,OS-Other,Phoenix Foundry Mall,Ornate Lamp,"GEOGCS[""WGS 84"",DATUM[""WGS_1984"",SPHEROID[""WGS 84"",6378137,298.257223563,AUTHORITY[""EPSG"",""7030""]],AUTHORITY[""EPSG"",""6326""]],PRIMEM[""Greenwich"",0,AUTHORITY[""EPSG"",""8901""]],UNIT[""degree"",0.0174532925199433,AUTHORITY[""EPSG"",""9122""]],AUTHORITY[""EPSG"",""4326""]]","{""coordinates"": [143.856016, -37.562893], ""type"": ""Point""}","-37.562893, 143.856016"
Ballarat Central,00225584,,PF-Heritage Lighting,OS-Other,Phoenix Foundry Mall,Ornate Lamp,"GEOGCS[""WGS 84"",DATUM[""WGS_1984"",SPHEROID[""WGS 84"",6378137,298.257223563,AUTHORITY[""EPSG"",""7030""]],AUTHORITY[""EPSG"",""6326""]],PRIMEM[""Greenwich"",0,AUTHORITY[""EPSG"",""8901""]],UNIT[""degree"",0.0174532925199433,AUTHORITY[""EPSG"",""9122""]],AUTHORITY[""EPSG"",""4326""]]","{""coordinates"": [143.855996, -37.563202], ""type"": ""Point""}","-37.563202, 143.855996"
Ballarat Central,00225589,,PF-Heritage Lighting,OS-Other,Phoenix Foundry Mall,Ornate Lamp,"GEOGCS[""WGS 84"",DATUM[""WGS_1984"",SPHEROID[""WGS 84"",6378137,298.257223563,AUTHORITY[""EPSG"",""7030""]],AUTHORITY[""EPSG"",""6326""]],PRIMEM[""Greenwich"",0,AUTHORITY[""EPSG"",""8901""]],UNIT[""degree"",0.0174532925199433,AUTHORITY[""EPSG"",""9122""]],AUTHORITY[""EPSG"",""4326""]]","{""coordinates"": [143.855998, -37.563344], ""type"": ""Point""}","-37.563344, 143.855998"
Ballarat Central,00225593,,PF-Heritage Lighting,No Code Allocated,Armstrong Street Sou,Ornate Lamp,"GEOGCS[""WGS 84"",DATUM[""WGS_1984"",SPHEROID[""WGS 84"",6378137,298.257223563,AUTHORITY[""EPSG"",""7030""]],AUTHORITY[""EPSG"",""6326""]],PRIMEM[""Greenwich"",0,AUTHORITY[""EPSG"",""8901""]],UNIT[""degree"",0.0174532925199433,AUTHORITY[""EPSG"",""9122""]],AUTHORITY[""EPSG"",""4326""]]","{""coordinates"": [143.855889, -37.563632], ""type"": ""Point""}","-37.563632, 143.855889"
Ballarat Central,00225594,,PF-Heritage Lighting,OS-Other,Phoenix Foundry Mall,Ornate Lamp,"GEOGCS[""WGS 84"",DATUM[""WGS_1984"",SPHEROID[""WGS 84"",6378137,298.257223563,AUTHORITY[""EPSG"",""7030""]],AUTHORITY[""EPSG"",""6326""]],PRIMEM[""Greenwich"",0,AUTHORITY[""EPSG"",""8901""]],UNIT[""degree"",0.0174532925199433,AUTHORITY[""EPSG"",""9122""]],AUTHORITY[""EPSG"",""4326""]]","{""coordinates"": [143.856105, -37.563324], ""type"": ""Point""}","-37.563324, 143.856105"
Alfredton,00227590,Fair,PF-Path Lights,R-Primary Access Roa,Learmonth Street ser,Public Space Light,"GEOGCS[""WGS 84"",DATUM[""WGS_1984"",SPHEROID[""WGS 84"",6378137,298.257223563,AUTHORITY[""EPSG"",""7030""]],AUTHORITY[""EPSG"",""6326""]],PRIMEM[""Greenwich"",0,AUTHORITY[""EPSG"",""8901""]],UNIT[""degree"",0.0174532925199433,AUTHORITY[""EPSG"",""9122""]],AUTHORITY[""EPSG"",""4326""]]","{""coordinates"": [143.813292, -37.553792], ""type"": ""Point""}","-37.553792, 143.813292"
Alfredton,00227592,Fair,PF-Path Lights,R-Primary Access Roa,Learmonth Street ser,Public Space Light,"GEOGCS[""WGS 84"",DATUM[""WGS_1984"",SPHEROID[""WGS 84"",6378137,298.257223563,AUTHORITY[""EPSG"",""7030""]],AUTHORITY[""EPSG"",""6326""]],PRIMEM[""Greenwich"",0,AUTHORITY[""EPSG"",""8901""]],UNIT[""degree"",0.0174532925199433,AUTHORITY[""EPSG"",""9122""]],AUTHORITY[""EPSG"",""4326""]]","{""coordinates"": [143.813426, -37.553737], ""type"": ""Point""}","-37.553737, 143.813426"
Alfredton,00227599,Fair,PF-Path Lights,R-Primary Access Roa,Learmonth Street ser,Public Space Light,"GEOGCS[""WGS 84"",DATUM[""WGS_1984"",SPHEROID[""WGS 84"",6378137,298.257223563,AUTHORITY[""EPSG"",""7030""]],AUTHORITY[""EPSG"",""6326""]],PRIMEM[""Greenwich"",0,AUTHORITY[""EPSG"",""8901""]],UNIT[""degree"",0.0174532925199433,AUTHORITY[""EPSG"",""9122""]],AUTHORITY[""EPSG"",""4326""]]","{""coordinates"": [143.813324, -37.553665], ""type"": ""Point""}","-37.553665, 143.813324"
Alfredton,00227602,Fair,PF-Path Lights,R-Primary Access Roa,Learmonth Street ser,Public Space Light,"GEOGCS[""WGS 84"",DATUM[""WGS_1984"",SPHEROID[""WGS 84"",6378137,298.257223563,AUTHORITY[""EPSG"",""7030""]],AUTHORITY[""EPSG"",""6326""]],PRIMEM[""Greenwich"",0,AUTHORITY[""EPSG"",""8901""]],UNIT[""degree"",0.0174532925199433,AUTHORITY[""EPSG"",""9122""]],AUTHORITY[""EPSG"",""4326""]]","{""coordinates"": [143.813265, -37.553707], ""type"": ""Point""}","-37.553707, 143.813265"
Alfredton,00233982,,PF-Sports Ground Lig,OS-District,Alfredton Recreation,,"GEOGCS[""WGS 84"",DATUM[""WGS_1984"",SPHEROID[""WGS 84"",6378137,298.257223563,AUTHORITY[""EPSG"",""7030""]],AUTHORITY[""EPSG"",""6326""]],PRIMEM[""Greenwich"",0,AUTHORITY[""EPSG"",""8901""]],UNIT[""degree"",0.0174532925199433,AUTHORITY[""EPSG"",""9122""]],AUTHORITY[""EPSG"",""4326""]]","{""coordinates"": [143.798192, -37.556846], ""type"": ""Point""}","-37.556846, 143.798192"
Alfredton,00233986,,PF-Sports Ground Lig,OS-District,Alfredton Recreation,,"GEOGCS[""WGS 84"",DATUM[""WGS_1984"",SPHEROID[""WGS 84"",6378137,298.257223563,AUTHORITY[""EPSG"",""7030""]],AUTHORITY[""EPSG"",""6326""]],PRIMEM[""Greenwich"",0,AUTHORITY[""EPSG"",""8901""]],UNIT[""degree"",0.0174532925199433,AUTHORITY[""EPSG"",""9122""]],AUTHORITY[""EPSG"",""4326""]]","{""coordinates"": [143.798052, -37.557839], ""type"": ""Point""}","-37.557839, 143.798052"
Alfredton,00233988,,PF-Sports Ground Lig,OS-District,Alfredton Recreation,,"GEOGCS[""WGS 84"",DATUM[""WGS_1984"",SPHEROID[""WGS 84"",6378137,298.257223563,AUTHORITY[""EPSG"",""7030""]],AUTHORITY[""EPSG"",""6326""]],PRIMEM[""Greenwich"",0,AUTHORITY[""EPSG"",""8901""]],UNIT[""degree"",0.0174532925199433,AUTHORITY[""EPSG"",""9122""]],AUTHORITY[""EPSG"",""4326""]]","{""coordinates"": [143.799611, -37.558137], ""type"": ""Point""}","-37.558137, 143.799611"
Lake Wendouree,00235755,Bollard,PF-Path Lights,OS-State,Lake Wendouree Reser,Bollard,"GEOGCS[""WGS 84"",DATUM[""WGS_1984"",SPHEROID[""WGS 84"",6378137,298.257223563,AUTHORITY[""EPSG"",""7030""]],AUTHORITY[""EPSG"",""6326""]],PRIMEM[""Greenwich"",0,AUTHORITY[""EPSG"",""8901""]],UNIT[""degree"",0.0174532925199433,AUTHORITY[""EPSG"",""9122""]],AUTHORITY[""EPSG"",""4326""]]","{""coordinates"": [143.82252594, -37.55173401], ""type"": ""Point""}","-37.55173401, 143.82252594"
Ballarat Central,00248043,,PF-Street Light,No Code Allocated,Lydiard Street South,,"GEOGCS[""WGS 84"",DATUM[""WGS_1984"",SPHEROID[""WGS 84"",6378137,298.257223563,AUTHORITY[""EPSG"",""7030""]],AUTHORITY[""EPSG"",""6326""]],PRIMEM[""Greenwich"",0,AUTHORITY[""EPSG"",""8901""]],UNIT[""degree"",0.0174532925199433,AUTHORITY[""EPSG"",""9122""]],AUTHORITY[""EPSG"",""4326""]]","{""coordinates"": [143.857462, -37.562665], ""type"": ""Point""}","-37.562665, 143.857462"
Ballarat Central,00290683,Western Oval - South East Corner,PF-Sports Ground Lig,OS-District,Western Oval Reserve,Two Circular Bowl,"GEOGCS[""WGS 84"",DATUM[""WGS_1984"",SPHEROID[""WGS 84"",6378137,298.257223563,AUTHORITY[""EPSG"",""7030""]],AUTHORITY[""EPSG"",""6326""]],PRIMEM[""Greenwich"",0,AUTHORITY[""EPSG"",""8901""]],UNIT[""degree"",0.0174532925199433,AUTHORITY[""EPSG"",""9122""]],AUTHORITY[""EPSG"",""4326""]]","{""coordinates"": [143.839729, -37.565892], ""type"": ""Point""}","-37.565892, 143.839729"
Lake Wendouree,00319358,LLP 2023,PF-Path Lights,OS-State,Lake Wendouree Reser,Pole,"GEOGCS[""WGS 84"",DATUM[""WGS_1984"",SPHEROID[""WGS 84"",6378137,298.257223563,AUTHORITY[""EPSG"",""7030""]],AUTHORITY[""EPSG"",""6326""]],PRIMEM[""Greenwich"",0,AUTHORITY[""EPSG"",""8901""]],UNIT[""degree"",0.0174532925199433,AUTHORITY[""EPSG"",""9122""]],AUTHORITY[""EPSG"",""4326""]]","{""coordinates"": [143.83073124, -37.54349064], ""type"": ""Point""}","-37.54349064, 143.83073124"
Lake Wendouree,00319359,LLP 2023,PF-Path Lights,OS-State,Lake Wendouree Reser,Pole,"GEOGCS[""WGS 84"",DATUM[""WGS_1984"",SPHEROID[""WGS 84"",6378137,298.257223563,AUTHORITY[""EPSG"",""7030""]],AUTHORITY[""EPSG"",""6326""]],PRIMEM[""Greenwich"",0,AUTHORITY[""EPSG"",""8901""]],UNIT[""degree"",0.0174532925199433,AUTHORITY[""EPSG"",""9122""]],AUTHORITY[""EPSG"",""4326""]]","{""coordinates"": [143.83142388, -37.54358163], ""type"": ""Point""}","-37.54358163, 143.83142388"
Lake Wendouree,00319360,LLP 2023,PF-Path Lights,OS-State,Lake Wendouree Reser,Pole,"GEOGCS[""WGS 84"",DATUM[""WGS_1984"",SPHEROID[""WGS 84"",6378137,298.257223563,AUTHORITY[""EPSG"",""7030""]],AUTHORITY[""EPSG"",""6326""]],PRIMEM[""Greenwich"",0,AUTHORITY[""EPSG"",""8901""]],UNIT[""degree"",0.0174532925199433,AUTHORITY[""EPSG"",""9122""]],AUTHORITY[""EPSG"",""4326""]]","{""coordinates"": [143.83172826, -37.54360503], ""type"": ""Point""}","-37.54360503, 143.83172826"
Lake Wendouree,00319362,LLP 2023,PF-Path Lights,OS-State,Lake Wendouree Reser,Pole,"GEOGCS[""WGS 84"",DATUM[""WGS_1984"",SPHEROID[""WGS 84"",6378137,298.257223563,AUTHORITY[""EPSG"",""7030""]],AUTHORITY[""EPSG"",""6326""]],PRIMEM[""Greenwich"",0,AUTHORITY[""EPSG"",""8901""]],UNIT[""degree"",0.0174532925199433,AUTHORITY[""EPSG"",""9122""]],AUTHORITY[""EPSG"",""4326""]]","{""coordinates"": [143.8324155, -37.54365561], ""type"": ""Point""}","-37.54365561, 143.8324155"
Lake Wendouree,00319363,LLP 2023,PF-Path Lights,OS-State,Lake Wendouree Reser,Pole,"GEOGCS[""WGS 84"",DATUM[""WGS_1984"",SPHEROID[""WGS 84"",6378137,298.257223563,AUTHORITY[""EPSG"",""7030""]],AUTHORITY[""EPSG"",""6326""]],PRIMEM[""Greenwich"",0,AUTHORITY[""EPSG"",""8901""]],UNIT[""degree"",0.0174532925199433,AUTHORITY[""EPSG"",""9122""]],AUTHORITY[""EPSG"",""4326""]]","{""coordinates"": [143.83307196, -37.54375659], ""type"": ""Point""}","-37.54375659, 143.83307196"
Lake Wendouree,00319377,LLP 2023,PF-Path Lights,OS-State,Lake Wendouree Reser,,"GEOGCS[""WGS 84"",DATUM[""WGS_1984"",SPHEROID[""WGS 84"",6378137,298.257223563,AUTHORITY[""EPSG"",""7030""]],AUTHORITY[""EPSG"",""6326""]],PRIMEM[""Greenwich"",0,AUTHORITY[""EPSG"",""8901""]],UNIT[""degree"",0.0174532925199433,AUTHORITY[""EPSG"",""9122""]],AUTHORITY[""EPSG"",""4326""]]","{""coordinates"": [143.8333569, -37.54369791], ""type"": ""Point""}","-37.54369791, 143.8333569"
Lake Wendouree,00319380,LLP 2023,PF-Path Lights,OS-State,Lake Wendouree Reser,pole,"GEOGCS[""WGS 84"",DATUM[""WGS_1984"",SPHEROID[""WGS 84"",6378137,298.257223563,AUTHORITY[""EPSG"",""7030""]],AUTHORITY[""EPSG"",""6326""]],PRIMEM[""Greenwich"",0,AUTHORITY[""EPSG"",""8901""]],UNIT[""degree"",0.0174532925199433,AUTHORITY[""EPSG"",""9122""]],AUTHORITY[""EPSG"",""4326""]]","{""coordinates"": [143.83485018, -37.54395369], ""type"": ""Point""}","-37.54395369, 143.83485018"
Lake Wendouree,00319384,LLP 2023,PF-Path Lights,OS-State,Lake Wendouree Reser,Pole,"GEOGCS[""WGS 84"",DATUM[""WGS_1984"",SPHEROID[""WGS 84"",6378137,298.257223563,AUTHORITY[""EPSG"",""7030""]],AUTHORITY[""EPSG"",""6326""]],PRIMEM[""Greenwich"",0,AUTHORITY[""EPSG"",""8901""]],UNIT[""degree"",0.0174532925199433,AUTHORITY[""EPSG"",""9122""]],AUTHORITY[""EPSG"",""4326""]]","{""coordinates"": [143.83617012, -37.5439437], ""type"": ""Point""}","-37.5439437, 143.83617012"
Lake Wendouree,00319388,LLP 2023,PF-Path Lights,OS-State,Lake Wendouree Reser,Pole,"GEOGCS[""WGS 84"",DATUM[""WGS_1984"",SPHEROID[""WGS 84"",6378137,298.257223563,AUTHORITY[""EPSG"",""7030""]],AUTHORITY[""EPSG"",""6326""]],PRIMEM[""Greenwich"",0,AUTHORITY[""EPSG"",""8901""]],UNIT[""degree"",0.0174532925199433,AUTHORITY[""EPSG"",""9122""]],AUTHORITY[""EPSG"",""4326""]]","{""coordinates"": [143.83755432, -37.54398105], ""type"": ""Point""}","-37.54398105, 143.83755432"
Lake Wendouree,00319392,LLP 2023,PF-Path Lights,OS-State,Lake Wendouree Reser,pole,"GEOGCS[""WGS 84"",DATUM[""WGS_1984"",SPHEROID[""WGS 84"",6378137,298.257223563,AUTHORITY[""EPSG"",""7030""]],AUTHORITY[""EPSG"",""6326""]],PRIMEM[""Greenwich"",0,AUTHORITY[""EPSG"",""8901""]],UNIT[""degree"",0.0174532925199433,AUTHORITY[""EPSG"",""9122""]],AUTHORITY[""EPSG"",""4326""]]","{""coordinates"": [143.83865016, -37.54438074], ""type"": ""Point""}","-37.54438074, 143.83865016"
Lake Wendouree,00319393,LLP 2023,PF-Path Lights,OS-State,Lake Wendouree Reser,Pole,"GEOGCS[""WGS 84"",DATUM[""WGS_1984"",SPHEROID[""WGS 84"",6378137,298.257223563,AUTHORITY[""EPSG"",""7030""]],AUTHORITY[""EPSG"",""6326""]],PRIMEM[""Greenwich"",0,AUTHORITY[""EPSG"",""8901""]],UNIT[""degree"",0.0174532925199433,AUTHORITY[""EPSG"",""9122""]],AUTHORITY[""EPSG"",""4326""]]","{""coordinates"": [143.83889964, -37.54451673], ""type"": ""Point""}","-37.54451673, 143.83889964"
Lake Wendouree,00319397,LLP 2023,PF-Path Lights,OS-State,Lake Wendouree Reser,Pole,"GEOGCS[""WGS 84"",DATUM[""WGS_1984"",SPHEROID[""WGS 84"",6378137,298.257223563,AUTHORITY[""EPSG"",""7030""]],AUTHORITY[""EPSG"",""6326""]],PRIMEM[""Greenwich"",0,AUTHORITY[""EPSG"",""8901""]],UNIT[""degree"",0.0174532925199433,AUTHORITY[""EPSG"",""9122""]],AUTHORITY[""EPSG"",""4326""]]","{""coordinates"": [143.84005956, -37.54480842], ""type"": ""Point""}","-37.54480842, 143.84005956"
Lake Wendouree,00319398,LLP 2023,PF-Path Lights,OS-State,Lake Wendouree Reser,Pole,"GEOGCS[""WGS 84"",DATUM[""WGS_1984"",SPHEROID[""WGS 84"",6378137,298.257223563,AUTHORITY[""EPSG"",""7030""]],AUTHORITY[""EPSG"",""6326""]],PRIMEM[""Greenwich"",0,AUTHORITY[""EPSG"",""8901""]],UNIT[""degree"",0.0174532925199433,AUTHORITY[""EPSG"",""9122""]],AUTHORITY[""EPSG"",""4326""]]","{""coordinates"": [143.84037168, -37.54489914], ""type"": ""Point""}","-37.54489914, 143.84037168"
Lake Wendouree,00319402,LLP 2023,PF-Path Lights,OS-State,Lake Wendouree Reser,Pole,"GEOGCS[""WGS 84"",DATUM[""WGS_1984"",SPHEROID[""WGS 84"",6378137,298.257223563,AUTHORITY[""EPSG"",""7030""]],AUTHORITY[""EPSG"",""6326""]],PRIMEM[""Greenwich"",0,AUTHORITY[""EPSG"",""8901""]],UNIT[""degree"",0.0174532925199433,AUTHORITY[""EPSG"",""9122""]],AUTHORITY[""EPSG"",""4326""]]","{""coordinates"": [143.8414758, -37.54518579], ""type"": ""Point""}","-37.54518579, 143.8414758"
Lake Wendouree,00319410,LLP 2023,PF-Path Lights,OS-State,Lake Wendouree Reser,Pole,"GEOGCS[""WGS 84"",DATUM[""WGS_1984"",SPHEROID[""WGS 84"",6378137,298.257223563,AUTHORITY[""EPSG"",""7030""]],AUTHORITY[""EPSG"",""6326""]],PRIMEM[""Greenwich"",0,AUTHORITY[""EPSG"",""8901""]],UNIT[""degree"",0.0174532925199433,AUTHORITY[""EPSG"",""9122""]],AUTHORITY[""EPSG"",""4326""]]","{""coordinates"": [143.84361726, -37.54594278], ""type"": ""Point""}","-37.54594278, 143.84361726"
Lake Wendouree,00319557,LLP 2023,PF-Path Lights,OS-State,Lake Wendouree Reser,,"GEOGCS[""WGS 84"",DATUM[""WGS_1984"",SPHEROID[""WGS 84"",6378137,298.257223563,AUTHORITY[""EPSG"",""7030""]],AUTHORITY[""EPSG"",""6326""]],PRIMEM[""Greenwich"",0,AUTHORITY[""EPSG"",""8901""]],UNIT[""degree"",0.0174532925199433,AUTHORITY[""EPSG"",""9122""]],AUTHORITY[""EPSG"",""4326""]]","{""coordinates"": [143.8441598727, -37.5465454985], ""type"": ""Point""}","-37.5465454985, 143.8441598727"
Lake Wendouree,00319560,LLP 2023,PF-Path Lights,OS-State,Lake Wendouree Reser,,"GEOGCS[""WGS 84"",DATUM[""WGS_1984"",SPHEROID[""WGS 84"",6378137,298.257223563,AUTHORITY[""EPSG"",""7030""]],AUTHORITY[""EPSG"",""6326""]],PRIMEM[""Greenwich"",0,AUTHORITY[""EPSG"",""8901""]],UNIT[""degree"",0.0174532925199433,AUTHORITY[""EPSG"",""9122""]],AUTHORITY[""EPSG"",""4326""]]","{""coordinates"": [143.8444249901, -37.5473542024], ""type"": ""Point""}","-37.5473542024, 143.8444249901"
Lake Wendouree,00319566,LLP 2023,PF-Path Lights,OS-State,Lake Wendouree Reser,,"GEOGCS[""WGS 84"",DATUM[""WGS_1984"",SPHEROID[""WGS 84"",6378137,298.257223563,AUTHORITY[""EPSG"",""7030""]],AUTHORITY[""EPSG"",""6326""]],PRIMEM[""Greenwich"",0,AUTHORITY[""EPSG"",""8901""]],UNIT[""degree"",0.0174532925199433,AUTHORITY[""EPSG"",""9122""]],AUTHORITY[""EPSG"",""4326""]]","{""coordinates"": [143.8448196976, -37.5486693962], ""type"": ""Point""}","-37.5486693962, 143.8448196976"
Lake Wendouree,00319567,LLP 2023,PF-Path Lights,OS-State,Lake Wendouree Reser,,"GEOGCS[""WGS 84"",DATUM[""WGS_1984"",SPHEROID[""WGS 84"",6378137,298.257223563,AUTHORITY[""EPSG"",""7030""]],AUTHORITY[""EPSG"",""6326""]],PRIMEM[""Greenwich"",0,AUTHORITY[""EPSG"",""8901""]],UNIT[""degree"",0.0174532925199433,AUTHORITY[""EPSG"",""9122""]],AUTHORITY[""EPSG"",""4326""]]","{""coordinates"": [143.8449063676, -37.5489363243], ""type"": ""Point""}","-37.5489363243, 143.8449063676"
Lake Wendouree,00319569,LLP 2023,PF-Path Lights,OS-State,Lake Wendouree Reser,,"GEOGCS[""WGS 84"",DATUM[""WGS_1984"",SPHEROID[""WGS 84"",6378137,298.257223563,AUTHORITY[""EPSG"",""7030""]],AUTHORITY[""EPSG"",""6326""]],PRIMEM[""Greenwich"",0,AUTHORITY[""EPSG"",""8901""]],UNIT[""degree"",0.0174532925199433,AUTHORITY[""EPSG"",""9122""]],AUTHORITY[""EPSG"",""4326""]]","{""coordinates"": [143.8450325687, -37.5493800743], ""type"": ""Point""}","-37.5493800743, 143.8450325687"
Lake Wendouree,00319578,LLP 2023,PF-Path Lights,OS-State,Lake Wendouree Reser,,"GEOGCS[""WGS 84"",DATUM[""WGS_1984"",SPHEROID[""WGS 84"",6378137,298.257223563,AUTHORITY[""EPSG"",""7030""]],AUTHORITY[""EPSG"",""6326""]],PRIMEM[""Greenwich"",0,AUTHORITY[""EPSG"",""8901""]],UNIT[""degree"",0.0174532925199433,AUTHORITY[""EPSG"",""9122""]],AUTHORITY[""EPSG"",""4326""]]","{""coordinates"": [143.8449198839, -37.5511634502], ""type"": ""Point""}","-37.5511634502, 143.8449198839"
Lake Wendouree,00319579,LLP 2023,PF-Path Lights,OS-State,Lake Wendouree Reser,,"GEOGCS[""WGS 84"",DATUM[""WGS_1984"",SPHEROID[""WGS 84"",6378137,298.257223563,AUTHORITY[""EPSG"",""7030""]],AUTHORITY[""EPSG"",""6326""]],PRIMEM[""Greenwich"",0,AUTHORITY[""EPSG"",""8901""]],UNIT[""degree"",0.0174532925199433,AUTHORITY[""EPSG"",""9122""]],AUTHORITY[""EPSG"",""4326""]]","{""coordinates"": [143.8448596378, -37.5514522892], ""type"": ""Point""}","-37.5514522892, 143.8448596378"
Lake Wendouree,00319580,LLP 2023,PF-Path Lights,OS-State,Lake Wendouree Reser,,"GEOGCS[""WGS 84"",DATUM[""WGS_1984"",SPHEROID[""WGS 84"",6378137,298.257223563,AUTHORITY[""EPSG"",""7030""]],AUTHORITY[""EPSG"",""6326""]],PRIMEM[""Greenwich"",0,AUTHORITY[""EPSG"",""8901""]],UNIT[""degree"",0.0174532925199433,AUTHORITY[""EPSG"",""9122""]],AUTHORITY[""EPSG"",""4326""]]","{""coordinates"": [143.8448012503, -37.5516677449], ""type"": ""Point""}","-37.5516677449, 143.8448012503"
Lake Wendouree,00319581,LLP 2023,PF-Path Lights,OS-State,Lake Wendouree Reser,,"GEOGCS[""WGS 84"",DATUM[""WGS_1984"",SPHEROID[""WGS 84"",6378137,298.257223563,AUTHORITY[""EPSG"",""7030""]],AUTHORITY[""EPSG"",""6326""]],PRIMEM[""Greenwich"",0,AUTHORITY[""EPSG"",""8901""]],UNIT[""degree"",0.0174532925199433,AUTHORITY[""EPSG"",""9122""]],AUTHORITY[""EPSG"",""4326""]]","{""coordinates"": [143.844695562, -37.5519213695], ""type"": ""Point""}","-37.5519213695, 143.844695562"
Lake Wendouree,00319597,LLP2023,PF-Path Lights,OS-State,Lake Wendouree Reser,,"GEOGCS[""WGS 84"",DATUM[""WGS_1984"",SPHEROID[""WGS 84"",6378137,298.257223563,AUTHORITY[""EPSG"",""7030""]],AUTHORITY[""EPSG"",""6326""]],PRIMEM[""Greenwich"",0,AUTHORITY[""EPSG"",""8901""]],UNIT[""degree"",0.0174532925199433,AUTHORITY[""EPSG"",""9122""]],AUTHORITY[""EPSG"",""4326""]]","{""coordinates"": [143.8443472098, -37.5525341122], ""type"": ""Point""}","-37.5525341122, 143.8443472098"
Lake Wendouree,00319598,LLP2023,PF-Path Lights,OS-State,Lake Wendouree Reser,,"GEOGCS[""WGS 84"",DATUM[""WGS_1984"",SPHEROID[""WGS 84"",6378137,298.257223563,AUTHORITY[""EPSG"",""7030""]],AUTHORITY[""EPSG"",""6326""]],PRIMEM[""Greenwich"",0,AUTHORITY[""EPSG"",""8901""]],UNIT[""degree"",0.0174532925199433,AUTHORITY[""EPSG"",""9122""]],AUTHORITY[""EPSG"",""4326""]]","{""coordinates"": [143.8442075257, -37.5527387676], ""type"": ""Point""}","-37.5527387676, 143.8442075257"
Lake Wendouree,00319608,LLP2023,PF-Path Lights,OS-State,Lake Wendouree Reser,,"GEOGCS[""WGS 84"",DATUM[""WGS_1984"",SPHEROID[""WGS 84"",6378137,298.257223563,AUTHORITY[""EPSG"",""7030""]],AUTHORITY[""EPSG"",""6326""]],PRIMEM[""Greenwich"",0,AUTHORITY[""EPSG"",""8901""]],UNIT[""degree"",0.0174532925199433,AUTHORITY[""EPSG"",""9122""]],AUTHORITY[""EPSG"",""4326""]]","{""coordinates"": [143.842485168, -37.5544474023], ""type"": ""Point""}","-37.5544474023, 143.842485168"
Lake Wendouree,00319610,LLP2023,PF-Path Lights,OS-State,Lake Wendouree Reser,,"GEOGCS[""WGS 84"",DATUM[""WGS_1984"",SPHEROID[""WGS 84"",6378137,298.257223563,AUTHORITY[""EPSG"",""7030""]],AUTHORITY[""EPSG"",""6326""]],PRIMEM[""Greenwich"",0,AUTHORITY[""EPSG"",""8901""]],UNIT[""degree"",0.0174532925199433,AUTHORITY[""EPSG"",""9122""]],AUTHORITY[""EPSG"",""4326""]]","{""coordinates"": [143.8423343267, -37.5549113617], ""type"": ""Point""}","-37.5549113617, 143.8423343267"
Lake Wendouree,00319612,LLP2023,PF-Path Lights,OS-State,Lake Wendouree Reser,,"GEOGCS[""WGS 84"",DATUM[""WGS_1984"",SPHEROID[""WGS 84"",6378137,298.257223563,AUTHORITY[""EPSG"",""7030""]],AUTHORITY[""EPSG"",""6326""]],PRIMEM[""Greenwich"",0,AUTHORITY[""EPSG"",""8901""]],UNIT[""degree"",0.0174532925199433,AUTHORITY[""EPSG"",""9122""]],AUTHORITY[""EPSG"",""4326""]]","{""coordinates"": [143.8422120134, -37.5551153483], ""type"": ""Point""}","-37.5551153483, 143.8422120134"
Lake Wendouree,00319614,LLP2023,PF-Path Lights,OS-State,Lake Wendouree Reser,,"GEOGCS[""WGS 84"",DATUM[""WGS_1984"",SPHEROID[""WGS 84"",6378137,298.257223563,AUTHORITY[""EPSG"",""7030""]],AUTHORITY[""EPSG"",""6326""]],PRIMEM[""Greenwich"",0,AUTHORITY[""EPSG"",""8901""]],UNIT[""degree"",0.0174532925199433,AUTHORITY[""EPSG"",""9122""]],AUTHORITY[""EPSG"",""4326""]]","{""coordinates"": [143.841561401, -37.5556325247], ""type"": ""Point""}","-37.5556325247, 143.841561401"
Lake Wendouree,00319618,LLP2023,PF-Path Lights,OS-State,Lake Wendouree Reser,,"GEOGCS[""WGS 84"",DATUM[""WGS_1984"",SPHEROID[""WGS 84"",6378137,298.257223563,AUTHORITY[""EPSG"",""7030""]],AUTHORITY[""EPSG"",""6326""]],PRIMEM[""Greenwich"",0,AUTHORITY[""EPSG"",""8901""]],UNIT[""degree"",0.0174532925199433,AUTHORITY[""EPSG"",""9122""]],AUTHORITY[""EPSG"",""4326""]]","{""coordinates"": [143.8405366207, -37.5559010809], ""type"": ""Point""}","-37.5559010809, 143.8405366207"
Lake Wendouree,00319626,LLP2023,PF-Path Lights,OS-State,Lake Wendouree Reser,,"GEOGCS[""WGS 84"",DATUM[""WGS_1984"",SPHEROID[""WGS 84"",6378137,298.257223563,AUTHORITY[""EPSG"",""7030""]],AUTHORITY[""EPSG"",""6326""]],PRIMEM[""Greenwich"",0,AUTHORITY[""EPSG"",""8901""]],UNIT[""degree"",0.0174532925199433,AUTHORITY[""EPSG"",""9122""]],AUTHORITY[""EPSG"",""4326""]]","{""coordinates"": [143.8384704476, -37.5560355323], ""type"": ""Point""}","-37.5560355323, 143.8384704476"
Lake Wendouree,00319627,LLP2023,PF-Path Lights,OS-State,Lake Wendouree Reser,,"GEOGCS[""WGS 84"",DATUM[""WGS_1984"",SPHEROID[""WGS 84"",6378137,298.257223563,AUTHORITY[""EPSG"",""7030""]],AUTHORITY[""EPSG"",""6326""]],PRIMEM[""Greenwich"",0,AUTHORITY[""EPSG"",""8901""]],UNIT[""degree"",0.0174532925199433,AUTHORITY[""EPSG"",""9122""]],AUTHORITY[""EPSG"",""4326""]]","{""coordinates"": [143.8382591086, -37.5560678135], ""type"": ""Point""}","-37.5560678135, 143.8382591086"
Lake Wendouree,00319631,LLP2023,PF-Path Lights,OS-State,Lake Wendouree Reser,,"GEOGCS[""WGS 84"",DATUM[""WGS_1984"",SPHEROID[""WGS 84"",6378137,298.257223563,AUTHORITY[""EPSG"",""7030""]],AUTHORITY[""EPSG"",""6326""]],PRIMEM[""Greenwich"",0,AUTHORITY[""EPSG"",""8901""]],UNIT[""degree"",0.0174532925199433,AUTHORITY[""EPSG"",""9122""]],AUTHORITY[""EPSG"",""4326""]]","{""coordinates"": [143.8367240729, -37.556407677], ""type"": ""Point""}","-37.556407677, 143.8367240729"
Lake Wendouree,00319640,LLP2023,PF-Path Lights,OS-State,Lake Wendouree Reser,,"GEOGCS[""WGS 84"",DATUM[""WGS_1984"",SPHEROID[""WGS 84"",6378137,298.257223563,AUTHORITY[""EPSG"",""7030""]],AUTHORITY[""EPSG"",""6326""]],PRIMEM[""Greenwich"",0,AUTHORITY[""EPSG"",""8901""]],UNIT[""degree"",0.0174532925199433,AUTHORITY[""EPSG"",""9122""]],AUTHORITY[""EPSG"",""4326""]]","{""coordinates"": [143.8341870925, -37.5563848768], ""type"": ""Point""}","-37.5563848768, 143.8341870925"
Lake Wendouree,00319641,LLP2023,PF-Path Lights,OS-State,Lake Wendouree Reser,,"GEOGCS[""WGS 84"",DATUM[""WGS_1984"",SPHEROID[""WGS 84"",6378137,298.257223563,AUTHORITY[""EPSG"",""7030""]],AUTHORITY[""EPSG"",""6326""]],PRIMEM[""Greenwich"",0,AUTHORITY[""EPSG"",""8901""]],UNIT[""degree"",0.0174532925199433,AUTHORITY[""EPSG"",""9122""]],AUTHORITY[""EPSG"",""4326""]]","{""coordinates"": [143.8339516772, -37.5564245455], ""type"": ""Point""}","-37.5564245455, 143.8339516772"
Lake Wendouree,00320607,LLP2023,PF-Path Lights,OS-State,Lake Wendouree Reser,,"GEOGCS[""WGS 84"",DATUM[""WGS_1984"",SPHEROID[""WGS 84"",6378137,298.257223563,AUTHORITY[""EPSG"",""7030""]],AUTHORITY[""EPSG"",""6326""]],PRIMEM[""Greenwich"",0,AUTHORITY[""EPSG"",""8901""]],UNIT[""degree"",0.0174532925199433,AUTHORITY[""EPSG"",""9122""]],AUTHORITY[""EPSG"",""4326""]]","{""coordinates"": [143.8314555027, -37.556120043], ""type"": ""Point""}","-37.556120043, 143.8314555027"
Lake Wendouree,00320608,LLP2023,PF-Path Lights,OS-State,Lake Wendouree Reser,,"GEOGCS[""WGS 84"",DATUM[""WGS_1984"",SPHEROID[""WGS 84"",6378137,298.257223563,AUTHORITY[""EPSG"",""7030""]],AUTHORITY[""EPSG"",""6326""]],PRIMEM[""Greenwich"",0,AUTHORITY[""EPSG"",""8901""]],UNIT[""degree"",0.0174532925199433,AUTHORITY[""EPSG"",""9122""]],AUTHORITY[""EPSG"",""4326""]]","{""coordinates"": [143.8312060406, -37.5559982723], ""type"": ""Point""}","-37.5559982723, 143.8312060406"
Lake Wendouree,00320613,LLP2023,PF-Path Lights,OS-State,Lake Wendouree Reser,,"GEOGCS[""WGS 84"",DATUM[""WGS_1984"",SPHEROID[""WGS 84"",6378137,298.257223563,AUTHORITY[""EPSG"",""7030""]],AUTHORITY[""EPSG"",""6326""]],PRIMEM[""Greenwich"",0,AUTHORITY[""EPSG"",""8901""]],UNIT[""degree"",0.0174532925199433,AUTHORITY[""EPSG"",""9122""]],AUTHORITY[""EPSG"",""4326""]]","{""coordinates"": [143.8297739432, -37.5560706023], ""type"": ""Point""}","-37.5560706023, 143.8297739432"
Lake Wendouree,00320617,LLP2023,PF-Path Lights,OS-State,Lake Wendouree Reser,,"GEOGCS[""WGS 84"",DATUM[""WGS_1984"",SPHEROID[""WGS 84"",6378137,298.257223563,AUTHORITY[""EPSG"",""7030""]],AUTHORITY[""EPSG"",""6326""]],PRIMEM[""Greenwich"",0,AUTHORITY[""EPSG"",""8901""]],UNIT[""degree"",0.0174532925199433,AUTHORITY[""EPSG"",""9122""]],AUTHORITY[""EPSG"",""4326""]]","{""coordinates"": [143.8288453897, -37.5565311321], ""type"": ""Point""}","-37.5565311321, 143.8288453897"
Lake Wendouree,00320619,LLP2023,PF-Path Lights,OS-State,Lake Wendouree Reser,,"GEOGCS[""WGS 84"",DATUM[""WGS_1984"",SPHEROID[""WGS 84"",6378137,298.257223563,AUTHORITY[""EPSG"",""7030""]],AUTHORITY[""EPSG"",""6326""]],PRIMEM[""Greenwich"",0,AUTHORITY[""EPSG"",""8901""]],UNIT[""degree"",0.0174532925199433,AUTHORITY[""EPSG"",""9122""]],AUTHORITY[""EPSG"",""4326""]]","{""coordinates"": [143.8283304241, -37.5566412893], ""type"": ""Point""}","-37.5566412893, 143.8283304241"
Lake Wendouree,00320622,LLP2023,PF-Path Lights,OS-State,Lake Wendouree Reser,,"GEOGCS[""WGS 84"",DATUM[""WGS_1984"",SPHEROID[""WGS 84"",6378137,298.257223563,AUTHORITY[""EPSG"",""7030""]],AUTHORITY[""EPSG"",""6326""]],PRIMEM[""Greenwich"",0,AUTHORITY[""EPSG"",""8901""]],UNIT[""degree"",0.0174532925199433,AUTHORITY[""EPSG"",""9122""]],AUTHORITY[""EPSG"",""4326""]]","{""coordinates"": [143.8276339571, -37.5567490103], ""type"": ""Point""}","-37.5567490103, 143.8276339571"
Lake Wendouree,00320623,LLP2023,PF-Path Lights,OS-State,Lake Wendouree Reser,,"GEOGCS[""WGS 84"",DATUM[""WGS_1984"",SPHEROID[""WGS 84"",6378137,298.257223563,AUTHORITY[""EPSG"",""7030""]],AUTHORITY[""EPSG"",""6326""]],PRIMEM[""Greenwich"",0,AUTHORITY[""EPSG"",""8901""]],UNIT[""degree"",0.0174532925199433,AUTHORITY[""EPSG"",""9122""]],AUTHORITY[""EPSG"",""4326""]]","{""coordinates"": [143.8272791063, -37.5566899438], ""type"": ""Point""}","-37.5566899438, 143.8272791063"
Lake Wendouree,00320627,LLP2023,PF-Path Lights,OS-State,Lake Wendouree Reser,,"GEOGCS[""WGS 84"",DATUM[""WGS_1984"",SPHEROID[""WGS 84"",6378137,298.257223563,AUTHORITY[""EPSG"",""7030""]],AUTHORITY[""EPSG"",""6326""]],PRIMEM[""Greenwich"",0,AUTHORITY[""EPSG"",""8901""]],UNIT[""degree"",0.0174532925199433,AUTHORITY[""EPSG"",""9122""]],AUTHORITY[""EPSG"",""4326""]]","{""coordinates"": [143.8263594304, -37.5564107354], ""type"": ""Point""}","-37.5564107354, 143.8263594304"
Lake Wendouree,00320630,LLP2023,PF-Path Lights,OS-State,Lake Wendouree Reser,,"GEOGCS[""WGS 84"",DATUM[""WGS_1984"",SPHEROID[""WGS 84"",6378137,298.257223563,AUTHORITY[""EPSG"",""7030""]],AUTHORITY[""EPSG"",""6326""]],PRIMEM[""Greenwich"",0,AUTHORITY[""EPSG"",""8901""]],UNIT[""degree"",0.0174532925199433,AUTHORITY[""EPSG"",""9122""]],AUTHORITY[""EPSG"",""4326""]]","{""coordinates"": [143.8255895107, -37.5562452577], ""type"": ""Point""}","-37.5562452577, 143.8255895107"
Lake Wendouree,00321682,LLP2023,PF-Path Lights,OS-State,Lake Wendouree Reser,,"GEOGCS[""WGS 84"",DATUM[""WGS_1984"",SPHEROID[""WGS 84"",6378137,298.257223563,AUTHORITY[""EPSG"",""7030""]],AUTHORITY[""EPSG"",""6326""]],PRIMEM[""Greenwich"",0,AUTHORITY[""EPSG"",""8901""]],UNIT[""degree"",0.0174532925199433,AUTHORITY[""EPSG"",""9122""]],AUTHORITY[""EPSG"",""4326""]]","{""coordinates"": [143.8236066699, -37.5558969169], ""type"": ""Point""}","-37.5558969169, 143.8236066699"
Lake Wendouree,00321684,LLP2023,PF-Path Lights,OS-State,Lake Wendouree Reser,,"GEOGCS[""WGS 84"",DATUM[""WGS_1984"",SPHEROID[""WGS 84"",6378137,298.257223563,AUTHORITY[""EPSG"",""7030""]],AUTHORITY[""EPSG"",""6326""]],PRIMEM[""Greenwich"",0,AUTHORITY[""EPSG"",""8901""]],UNIT[""degree"",0.0174532925199433,AUTHORITY[""EPSG"",""9122""]],AUTHORITY[""EPSG"",""4326""]]","{""coordinates"": [143.8231836648, -37.5555838759], ""type"": ""Point""}","-37.5555838759, 143.8231836648"
Lake Wendouree,00321727,LLP2023,PF-Path Lights,OS-State,Lake Wendouree Reser,,"GEOGCS[""WGS 84"",DATUM[""WGS_1984"",SPHEROID[""WGS 84"",6378137,298.257223563,AUTHORITY[""EPSG"",""7030""]],AUTHORITY[""EPSG"",""6326""]],PRIMEM[""Greenwich"",0,AUTHORITY[""EPSG"",""8901""]],UNIT[""degree"",0.0174532925199433,AUTHORITY[""EPSG"",""9122""]],AUTHORITY[""EPSG"",""4326""]]","{""coordinates"": [143.8225449484, -37.5546705843], ""type"": ""Point""}","-37.5546705843, 143.8225449484"
Lake Wendouree,00321730,LLP2023,PF-Path Lights,OS-State,Lake Wendouree Reser,,"GEOGCS[""WGS 84"",DATUM[""WGS_1984"",SPHEROID[""WGS 84"",6378137,298.257223563,AUTHORITY[""EPSG"",""7030""]],AUTHORITY[""EPSG"",""6326""]],PRIMEM[""Greenwich"",0,AUTHORITY[""EPSG"",""8901""]],UNIT[""degree"",0.0174532925199433,AUTHORITY[""EPSG"",""9122""]],AUTHORITY[""EPSG"",""4326""]]","{""coordinates"": [143.8226952947, -37.5538433249], ""type"": ""Point""}","-37.5538433249, 143.8226952947"
Lake Wendouree,00321733,LLP2023,PF-Path Lights,OS-State,Lake Wendouree Reser,,"GEOGCS[""WGS 84"",DATUM[""WGS_1984"",SPHEROID[""WGS 84"",6378137,298.257223563,AUTHORITY[""EPSG"",""7030""]],AUTHORITY[""EPSG"",""6326""]],PRIMEM[""Greenwich"",0,AUTHORITY[""EPSG"",""8901""]],UNIT[""degree"",0.0174532925199433,AUTHORITY[""EPSG"",""9122""]],AUTHORITY[""EPSG"",""4326""]]","{""coordinates"": [143.8226830771, -37.5530775834], ""type"": ""Point""}","-37.5530775834, 143.8226830771"
Lake Wendouree,00321736,LLP2023,PF-Path Lights,OS-State,Lake Wendouree Reser,,"GEOGCS[""WGS 84"",DATUM[""WGS_1984"",SPHEROID[""WGS 84"",6378137,298.257223563,AUTHORITY[""EPSG"",""7030""]],AUTHORITY[""EPSG"",""6326""]],PRIMEM[""Greenwich"",0,AUTHORITY[""EPSG"",""8901""]],UNIT[""degree"",0.0174532925199433,AUTHORITY[""EPSG"",""9122""]],AUTHORITY[""EPSG"",""4326""]]","{""coordinates"": [143.8226349642, -37.5524504399], ""type"": ""Point""}","-37.5524504399, 143.8226349642"
Lake Wendouree,00321739,LLP2023,PF-Path Lights,OS-State,Lake Wendouree Reser,,"GEOGCS[""WGS 84"",DATUM[""WGS_1984"",SPHEROID[""WGS 84"",6378137,298.257223563,AUTHORITY[""EPSG"",""7030""]],AUTHORITY[""EPSG"",""6326""]],PRIMEM[""Greenwich"",0,AUTHORITY[""EPSG"",""8901""]],UNIT[""degree"",0.0174532925199433,AUTHORITY[""EPSG"",""9122""]],AUTHORITY[""EPSG"",""4326""]]","{""coordinates"": [143.8225576479, -37.5517976877], ""type"": ""Point""}","-37.5517976877, 143.8225576479"
Lake Wendouree,00321740,LLP2023,PF-Path Lights,OS-State,Lake Wendouree Reser,,"GEOGCS[""WGS 84"",DATUM[""WGS_1984"",SPHEROID[""WGS 84"",6378137,298.257223563,AUTHORITY[""EPSG"",""7030""]],AUTHORITY[""EPSG"",""6326""]],PRIMEM[""Greenwich"",0,AUTHORITY[""EPSG"",""8901""]],UNIT[""degree"",0.0174532925199433,AUTHORITY[""EPSG"",""9122""]],AUTHORITY[""EPSG"",""4326""]]","{""coordinates"": [143.8225020344, -37.5516159484], ""type"": ""Point""}","-37.5516159484, 143.8225020344"
Lake Wendouree,00321744,LLP2023,PF-Path Lights,OS-State,Lake Wendouree Reser,,"GEOGCS[""WGS 84"",DATUM[""WGS_1984"",SPHEROID[""WGS 84"",6378137,298.257223563,AUTHORITY[""EPSG"",""7030""]],AUTHORITY[""EPSG"",""6326""]],PRIMEM[""Greenwich"",0,AUTHORITY[""EPSG"",""8901""]],UNIT[""degree"",0.0174532925199433,AUTHORITY[""EPSG"",""9122""]],AUTHORITY[""EPSG"",""4326""]]","{""coordinates"": [143.8222314858, -37.5507518952], ""type"": ""Point""}","-37.5507518952, 143.8222314858"
Lake Wendouree,00321746,LLP2023,PF-Path Lights,OS-State,Lake Wendouree Reser,,"GEOGCS[""WGS 84"",DATUM[""WGS_1984"",SPHEROID[""WGS 84"",6378137,298.257223563,AUTHORITY[""EPSG"",""7030""]],AUTHORITY[""EPSG"",""6326""]],PRIMEM[""Greenwich"",0,AUTHORITY[""EPSG"",""8901""]],UNIT[""degree"",0.0174532925199433,AUTHORITY[""EPSG"",""9122""]],AUTHORITY[""EPSG"",""4326""]]","{""coordinates"": [143.8222173188, -37.5502966158], ""type"": ""Point""}","-37.5502966158, 143.8222173188"
Lake Wendouree,00321748,LLP2023,PF-Path Lights,OS-State,Lake Wendouree Reser,,"GEOGCS[""WGS 84"",DATUM[""WGS_1984"",SPHEROID[""WGS 84"",6378137,298.257223563,AUTHORITY[""EPSG"",""7030""]],AUTHORITY[""EPSG"",""6326""]],PRIMEM[""Greenwich"",0,AUTHORITY[""EPSG"",""8901""]],UNIT[""degree"",0.0174532925199433,AUTHORITY[""EPSG"",""9122""]],AUTHORITY[""EPSG"",""4326""]]","{""coordinates"": [143.8222361118, -37.5498656459], ""type"": ""Point""}","-37.5498656459, 143.8222361118"
Lake Wendouree,00321753,LLP2023,PF-Path Lights,OS-State,Lake Wendouree Reser,,"GEOGCS[""WGS 84"",DATUM[""WGS_1984"",SPHEROID[""WGS 84"",6378137,298.257223563,AUTHORITY[""EPSG"",""7030""]],AUTHORITY[""EPSG"",""6326""]],PRIMEM[""Greenwich"",0,AUTHORITY[""EPSG"",""8901""]],UNIT[""degree"",0.0174532925199433,AUTHORITY[""EPSG"",""9122""]],AUTHORITY[""EPSG"",""4326""]]","{""coordinates"": [143.8224674162, -37.5486536896], ""type"": ""Point""}","-37.5486536896, 143.8224674162"
Lake Wendouree,00321754,LLP2023,PF-Path Lights,OS-State,Lake Wendouree Reser,,"GEOGCS[""WGS 84"",DATUM[""WGS_1984"",SPHEROID[""WGS 84"",6378137,298.257223563,AUTHORITY[""EPSG"",""7030""]],AUTHORITY[""EPSG"",""6326""]],PRIMEM[""Greenwich"",0,AUTHORITY[""EPSG"",""8901""]],UNIT[""degree"",0.0174532925199433,AUTHORITY[""EPSG"",""9122""]],AUTHORITY[""EPSG"",""4326""]]","{""coordinates"": [143.8225703865, -37.5483918392], ""type"": ""Point""}","-37.5483918392, 143.8225703865"
Lake Wendouree,00321758,LLP2023,PF-Path Lights,OS-State,Lake Wendouree Reser,,"GEOGCS[""WGS 84"",DATUM[""WGS_1984"",SPHEROID[""WGS 84"",6378137,298.257223563,AUTHORITY[""EPSG"",""7030""]],AUTHORITY[""EPSG"",""6326""]],PRIMEM[""Greenwich"",0,AUTHORITY[""EPSG"",""8901""]],UNIT[""degree"",0.0174532925199433,AUTHORITY[""EPSG"",""9122""]],AUTHORITY[""EPSG"",""4326""]]","{""coordinates"": [143.8228122166, -37.547512379], ""type"": ""Point""}","-37.547512379, 143.8228122166"
Redan,00324570,Pleasant Street Reserve Sports Flood Lighting SP1,PF-Sports Ground Lig,OS-Neighbourhood,Pleasant Street Rese,,"GEOGCS[""WGS 84"",DATUM[""WGS_1984"",SPHEROID[""WGS 84"",6378137,298.257223563,AUTHORITY[""EPSG"",""7030""]],AUTHORITY[""EPSG"",""6326""]],PRIMEM[""Greenwich"",0,AUTHORITY[""EPSG"",""8901""]],UNIT[""degree"",0.0174532925199433,AUTHORITY[""EPSG"",""9122""]],AUTHORITY[""EPSG"",""4326""]]","{""coordinates"": [143.83525014, -37.57119048], ""type"": ""Point""}","-37.57119048, 143.83525014"
Redan,00324571,Pleasant Street Reserve Sports Flood Lighting SP2,PF-Sports Ground Lig,OS-Neighbourhood,Pleasant Street Rese,,"GEOGCS[""WGS 84"",DATUM[""WGS_1984"",SPHEROID[""WGS 84"",6378137,298.257223563,AUTHORITY[""EPSG"",""7030""]],AUTHORITY[""EPSG"",""6326""]],PRIMEM[""Greenwich"",0,AUTHORITY[""EPSG"",""8901""]],UNIT[""degree"",0.0174532925199433,AUTHORITY[""EPSG"",""9122""]],AUTHORITY[""EPSG"",""4326""]]","{""coordinates"": [143.83514952, -37.57179114], ""type"": ""Point""}","-37.57179114, 143.83514952"
Redan,00324572,Pleasant Street Reserve Sports Flood Lighting SP3,PF-Sports Ground Lig,OS-Neighbourhood,Pleasant Street Rese,,"GEOGCS[""WGS 84"",DATUM[""WGS_1984"",SPHEROID[""WGS 84"",6378137,298.257223563,AUTHORITY[""EPSG"",""7030""]],AUTHORITY[""EPSG"",""6326""]],PRIMEM[""Greenwich"",0,AUTHORITY[""EPSG"",""8901""]],UNIT[""degree"",0.0174532925199433,AUTHORITY[""EPSG"",""9122""]],AUTHORITY[""EPSG"",""4326""]]","{""coordinates"": [143.8359966, -37.57111677], ""type"": ""Point""}","-37.57111677, 143.8359966"
Redan,00324584,Trekardo Park Sports Light - Junior Pitch SP3,PF-Sports Ground Lig,OS-District,Trekardo Park,,"GEOGCS[""WGS 84"",DATUM[""WGS_1984"",SPHEROID[""WGS 84"",6378137,298.257223563,AUTHORITY[""EPSG"",""7030""]],AUTHORITY[""EPSG"",""6326""]],PRIMEM[""Greenwich"",0,AUTHORITY[""EPSG"",""8901""]],UNIT[""degree"",0.0174532925199433,AUTHORITY[""EPSG"",""9122""]],AUTHORITY[""EPSG"",""4326""]]","{""coordinates"": [143.83817802, -37.57148703], ""type"": ""Point""}","-37.57148703, 143.83817802"
Redan,00324586,Trekado Park Sports Flood Lighting Senior Pitch SP,PF-Sports Ground Lig,OS-District,Trekardo Park,,"GEOGCS[""WGS 84"",DATUM[""WGS_1984"",SPHEROID[""WGS 84"",6378137,298.257223563,AUTHORITY[""EPSG"",""7030""]],AUTHORITY[""EPSG"",""6326""]],PRIMEM[""Greenwich"",0,AUTHORITY[""EPSG"",""8901""]],UNIT[""degree"",0.0174532925199433,AUTHORITY[""EPSG"",""9122""]],AUTHORITY[""EPSG"",""4326""]]","{""coordinates"": [143.83800882, -37.57247838], ""type"": ""Point""}","-37.57247838, 143.83800882"
Newington,00324630,Victoria Park Oval 4 Sport Lighting Pole No. 3,PF-Sports Ground Lig,OS-Regional,Victoria Park,,"GEOGCS[""WGS 84"",DATUM[""WGS_1984"",SPHEROID[""WGS 84"",6378137,298.257223563,AUTHORITY[""EPSG"",""7030""]],AUTHORITY[""EPSG"",""6326""]],PRIMEM[""Greenwich"",0,AUTHORITY[""EPSG"",""8901""]],UNIT[""degree"",0.0174532925199433,AUTHORITY[""EPSG"",""9122""]],AUTHORITY[""EPSG"",""4326""]]","{""coordinates"": [143.81931852, -37.56152529], ""type"": ""Point""}","-37.56152529, 143.81931852"
Wendouree,00324709,Northern Oval Netball Court Sports Flood Light (LP,PF-Sports Ground Lig,OS-Regional,Northern Oval Reserv,,"GEOGCS[""WGS 84"",DATUM[""WGS_1984"",SPHEROID[""WGS 84"",6378137,298.257223563,AUTHORITY[""EPSG"",""7030""]],AUTHORITY[""EPSG"",""6326""]],PRIMEM[""Greenwich"",0,AUTHORITY[""EPSG"",""8901""]],UNIT[""degree"",0.0174532925199433,AUTHORITY[""EPSG"",""9122""]],AUTHORITY[""EPSG"",""4326""]]","{""coordinates"": [143.84802564, -37.53749439], ""type"": ""Point""}","-37.53749439, 143.84802564"
Wendouree,00324711,Northern Oval Netball Court Sports Flood Light (LP,PF-Sports Ground Lig,OS-Regional,Northern Oval Reserv,,"GEOGCS[""WGS 84"",DATUM[""WGS_1984"",SPHEROID[""WGS 84"",6378137,298.257223563,AUTHORITY[""EPSG"",""7030""]],AUTHORITY[""EPSG"",""6326""]],PRIMEM[""Greenwich"",0,AUTHORITY[""EPSG"",""8901""]],UNIT[""degree"",0.0174532925199433,AUTHORITY[""EPSG"",""9122""]],AUTHORITY[""EPSG"",""4326""]]","{""coordinates"": [143.84748726, -37.53765252], ""type"": ""Point""}","-37.53765252, 143.84748726"
Wendouree,00324757,Wendouree West Recreation Reserve Sports Floodligh,PF-Sports Ground Lig,OS-District,Wendouree West Recre,,"GEOGCS[""WGS 84"",DATUM[""WGS_1984"",SPHEROID[""WGS 84"",6378137,298.257223563,AUTHORITY[""EPSG"",""7030""]],AUTHORITY[""EPSG"",""6326""]],PRIMEM[""Greenwich"",0,AUTHORITY[""EPSG"",""8901""]],UNIT[""degree"",0.0174532925199433,AUTHORITY[""EPSG"",""9122""]],AUTHORITY[""EPSG"",""4326""]]","{""coordinates"": [143.81758044, -37.52455419], ""type"": ""Point""}","-37.52455419, 143.81758044"
Wendouree,00324760,Wendouree West Recreation Reserve Sports Floodligh,PF-Sports Ground Lig,OS-District,Wendouree West Recre,,"GEOGCS[""WGS 84"",DATUM[""WGS_1984"",SPHEROID[""WGS 84"",6378137,298.257223563,AUTHORITY[""EPSG"",""7030""]],AUTHORITY[""EPSG"",""6326""]],PRIMEM[""Greenwich"",0,AUTHORITY[""EPSG"",""8901""]],UNIT[""degree"",0.0174532925199433,AUTHORITY[""EPSG"",""9122""]],AUTHORITY[""EPSG"",""4326""]]","{""coordinates"": [143.81960904, -37.52539686], ""type"": ""Point""}","-37.52539686, 143.81960904"
Lake Wendouree,00324861,LLP2023,PF-Path Lights,OS-State,Lake Wendouree Reser,,"GEOGCS[""WGS 84"",DATUM[""WGS_1984"",SPHEROID[""WGS 84"",6378137,298.257223563,AUTHORITY[""EPSG"",""7030""]],AUTHORITY[""EPSG"",""6326""]],PRIMEM[""Greenwich"",0,AUTHORITY[""EPSG"",""8901""]],UNIT[""degree"",0.0174532925199433,AUTHORITY[""EPSG"",""9122""]],AUTHORITY[""EPSG"",""4326""]]","{""coordinates"": [143.8297448429, -37.5435707404], ""type"": ""Point""}","-37.5435707404, 143.8297448429"
Lake Wendouree,00324863,LLP2023,PF-Path Lights,OS-State,Lake Wendouree Reser,,"GEOGCS[""WGS 84"",DATUM[""WGS_1984"",SPHEROID[""WGS 84"",6378137,298.257223563,AUTHORITY[""EPSG"",""7030""]],AUTHORITY[""EPSG"",""6326""]],PRIMEM[""Greenwich"",0,AUTHORITY[""EPSG"",""8901""]],UNIT[""degree"",0.0174532925199433,AUTHORITY[""EPSG"",""9122""]],AUTHORITY[""EPSG"",""4326""]]","{""coordinates"": [143.8294526032, -37.5436020951], ""type"": ""Point""}","-37.5436020951, 143.8294526032"
Lake Wendouree,00324864,LLP2023,PF-Path Lights,OS-State,Lake Wendouree Reser,,"GEOGCS[""WGS 84"",DATUM[""WGS_1984"",SPHEROID[""WGS 84"",6378137,298.257223563,AUTHORITY[""EPSG"",""7030""]],AUTHORITY[""EPSG"",""6326""]],PRIMEM[""Greenwich"",0,AUTHORITY[""EPSG"",""8901""]],UNIT[""degree"",0.0174532925199433,AUTHORITY[""EPSG"",""9122""]],AUTHORITY[""EPSG"",""4326""]]","{""coordinates"": [143.8291254725, -37.5435950377], ""type"": ""Point""}","-37.5435950377, 143.8291254725"
Lake Wendouree,00324870,LLP2023,PF-Path Lights,OS-State,Lake Wendouree Reser,,"GEOGCS[""WGS 84"",DATUM[""WGS_1984"",SPHEROID[""WGS 84"",6378137,298.257223563,AUTHORITY[""EPSG"",""7030""]],AUTHORITY[""EPSG"",""6326""]],PRIMEM[""Greenwich"",0,AUTHORITY[""EPSG"",""8901""]],UNIT[""degree"",0.0174532925199433,AUTHORITY[""EPSG"",""9122""]],AUTHORITY[""EPSG"",""4326""]]","{""coordinates"": [143.827130218, -37.5438840093], ""type"": ""Point""}","-37.5438840093, 143.827130218"
Lake Wendouree,00324871,LLP2023,PF-Path Lights,OS-State,Lake Wendouree Reser,,"GEOGCS[""WGS 84"",DATUM[""WGS_1984"",SPHEROID[""WGS 84"",6378137,298.257223563,AUTHORITY[""EPSG"",""7030""]],AUTHORITY[""EPSG"",""6326""]],PRIMEM[""Greenwich"",0,AUTHORITY[""EPSG"",""8901""]],UNIT[""degree"",0.0174532925199433,AUTHORITY[""EPSG"",""9122""]],AUTHORITY[""EPSG"",""4326""]]","{""coordinates"": [143.8268408938, -37.5440024062], ""type"": ""Point""}","-37.5440024062, 143.8268408938"
Lake Wendouree,00324874,LLP2023,PF-Path Lights,OS-State,Lake Wendouree Reser,,"GEOGCS[""WGS 84"",DATUM[""WGS_1984"",SPHEROID[""WGS 84"",6378137,298.257223563,AUTHORITY[""EPSG"",""7030""]],AUTHORITY[""EPSG"",""6326""]],PRIMEM[""Greenwich"",0,AUTHORITY[""EPSG"",""8901""]],UNIT[""degree"",0.0174532925199433,AUTHORITY[""EPSG"",""9122""]],AUTHORITY[""EPSG"",""4326""]]","{""coordinates"": [143.8259648416, -37.5442485024], ""type"": ""Point""}","-37.5442485024, 143.8259648416"
Lake Wendouree,00324880,LLP2023,PF-Path Lights,OS-State,Lake Wendouree Reser,,"GEOGCS[""WGS 84"",DATUM[""WGS_1984"",SPHEROID[""WGS 84"",6378137,298.257223563,AUTHORITY[""EPSG"",""7030""]],AUTHORITY[""EPSG"",""6326""]],PRIMEM[""Greenwich"",0,AUTHORITY[""EPSG"",""8901""]],UNIT[""degree"",0.0174532925199433,AUTHORITY[""EPSG"",""9122""]],AUTHORITY[""EPSG"",""4326""]]","{""coordinates"": [143.8244486412, -37.5448832677], ""type"": ""Point""}","-37.5448832677, 143.8244486412"
Lake Wendouree,00324882,LLP2023 Morrison Street,PF-Path Lights,R-Primary Access Roa,Morrison Street,,"GEOGCS[""WGS 84"",DATUM[""WGS_1984"",SPHEROID[""WGS 84"",6378137,298.257223563,AUTHORITY[""EPSG"",""7030""]],AUTHORITY[""EPSG"",""6326""]],PRIMEM[""Greenwich"",0,AUTHORITY[""EPSG"",""8901""]],UNIT[""degree"",0.0174532925199433,AUTHORITY[""EPSG"",""9122""]],AUTHORITY[""EPSG"",""4326""]]","{""coordinates"": [143.8247944124, -37.557717033], ""type"": ""Point""}","-37.557717033, 143.8247944124"
